company_id,month,ret
adobe,2016-10,-0.00949
adobe,2016-11,-0.04372
adobe,2016-12,0.00136
adobe,2017-01,0.10131
adobe,2017-02,0.04375
adobe,2017-03,0.09963
adobe,2017-04,0.02774
adobe,2017-05,0.06071
adobe,2017-06,-0.00296
adobe,2017-07,0.0357
adobe,2017-08,0.05918
adobe,2017-09,-0.03854
adobe,2017-10,0.17415
adobe,2017-11,0.03602
adobe,2017-12,-0.03433
adobe,2018-01,0.13992
adobe,2018-02,0.04691
adobe,2018-03,0.03323
adobe,2018-04,0.02555
adobe,2018-05,0.12491
adobe,2018-06,-0.02194
adobe,2018-07,0.00357
adobe,2018-08,0.07696
adobe,2018-09,0.02444
adobe,2018-10,-0.08961
adobe,2018-11,0.02087
adobe,2018-12,-0.09825
adobe,2019-01,0.09539
adobe,2019-02,0.05924
adobe,2019-03,0.0152
adobe,2019-04,0.08541
adobe,2019-05,-0.06344
adobe,2019-06,0.08767
adobe,2019-07,0.01429
adobe,2019-08,-0.04802
adobe,2019-09,-0.02903
adobe,2019-10,0.00608
adobe,2019-11,0.1137
adobe,2019-12,0.06552
adobe,2020-01,0.06467
adobe,2020-02,-0.01714
adobe,2020-03,-0.07789
adobe,2020-04,0.11124
adobe,2020-05,0.0932
adobe,2020-06,0.126
adobe,2020-07,0.0207
adobe,2020-08,0.15545
adobe,2020-09,-0.04472
adobe,2020-10,-0.08835
adobe,2020-11,0.07016
adobe,2020-12,0.04525
adobe,2021-01,-0.08268
adobe,2021-02,0.00196
adobe,2021-03,0.03415
adobe,2021-04,0.06936
adobe,2021-05,-0.0074
adobe,2021-06,0.16065
adobe,2021-07,0.06145
adobe,2021-08,0.06768
adobe,2021-09,-0.13256
adobe,2021-10,0.12965
adobe,2021-11,0.02997
adobe,2021-12,-0.15345
adobe,2022-01,-0.05777
adobe,2022-02,-0.12469
adobe,2022-03,-0.02579
adobe,2022-04,-0.13096
adobe,2022-05,0.05185
adobe,2022-06,-0.12106
adobe,2022-07,0.12036
adobe,2022-08,-0.08944
adobe,2022-09,-0.26307
adobe,2022-10,0.15734
adobe,2022-11,0.08298
adobe,2022-12,-0.02435
adobe,2023-01,0.10047
adobe,2023-02,-0.12526
adobe,2023-03,0.1896
adobe,2023-04,-0.02027
adobe,2023-05,0.10655
adobe,2023-06,0.17042
adobe,2023-07,0.11693
adobe,2023-08,0.02411
adobe,2023-09,-0.08839
adobe,2023-10,0.04346
adobe,2023-11,0.14839
adobe,2023-12,-0.02358
adobe,2024-01,0.0355
adobe,2024-02,-0.09308
adobe,2024-03,-0.09938
adobe,2024-04,-0.08278
adobe,2024-05,-0.03904
adobe,2024-06,0.24908
adobe,2024-07,-0.007
adobe,2024-08,0.04126
adobe,2024-09,-0.09859
adobe,2024-10,-0.07667
adobe,2024-11,0.07917
adobe,2024-12,-0.1381
adobe,2025-01,-0.01626
adobe,2025-02,0.00254
adobe,2025-03,-0.12548
adobe,2025-04,-0.02229
adobe,2025-05,0.10697
adobe,2025-06,-0.06796
adobe,2025-07,-0.07545
adobe,2025-08,-0.00277
adobe,2025-09,-0.01107
adobe,2025-10,-0.03527
adobe,2025-11,-0.0593
adobe,2025-12,0.09327
adobe,2026-01,-0.16212
adobe,2026-02,-0.10517
adobe,2026-03,-0.07366
adobe,2026-04,0.01242
adobe,2026-05,0.05327
adobe,2026-06,-0.20906
adobe,2026-07,0.22139
adobe,2026-08,0.16924
adobe,2026-09,-0.18395
airbnb,2021-01,0.25089
airbnb,2021-02,0.12373
airbnb,2021-03,-0.08922
airbnb,2021-04,-0.08104
airbnb,2021-05,-0.18708
airbnb,2021-06,0.09074
airbnb,2021-07,-0.05962
airbnb,2021-08,0.07624
airbnb,2021-09,0.08233
airbnb,2021-10,0.01735
airbnb,2021-11,0.01102
airbnb,2021-12,-0.03506
airbnb,2022-01,-0.0752
airbnb,2022-02,-0.01611
airbnb,2022-03,0.1338
airbnb,2022-04,-0.108
airbnb,2022-05,-0.21108
airbnb,2022-06,-0.26301
airbnb,2022-07,0.24585
airbnb,2022-08,0.01928
airbnb,2022-09,-0.07143
airbnb,2022-10,0.0178
airbnb,2022-11,-0.04462
airbnb,2022-12,-0.16291
airbnb,2023-01,0.29953
airbnb,2023-02,0.10953
airbnb,2023-03,0.00909
airbnb,2023-04,-0.03802
airbnb,2023-05,-0.08273
airbnb,2023-06,0.16753
airbnb,2023-07,0.1875
airbnb,2023-08,-0.13562
airbnb,2023-09,0.04303
airbnb,2023-10,-0.13789
airbnb,2023-11,0.06805
airbnb,2023-12,0.07757
airbnb,2024-01,0.05876
airbnb,2024-02,0.09248
airbnb,2024-03,0.04756
airbnb,2024-04,-0.03874
airbnb,2024-05,-0.08602
airbnb,2024-06,0.04623
airbnb,2024-07,-0.0796
airbnb,2024-08,-0.15943
airbnb,2024-09,0.08098
airbnb,2024-10,0.06293
airbnb,2024-11,0.00979
airbnb,2024-12,-0.03453
airbnb,2025-01,-0.00183
airbnb,2025-02,0.0587
airbnb,2025-03,-0.13977
airbnb,2025-04,0.02059
airbnb,2025-05,0.05807
airbnb,2025-06,0.02589
airbnb,2025-07,0.00053
airbnb,2025-08,-0.0142
airbnb,2025-09,-0.06979
airbnb,2025-10,0.04217
airbnb,2025-11,-0.07547
airbnb,2025-12,0.1601
airbnb,2026-01,-0.04679
airbnb,2026-02,0.04437
airbnb,2026-03,-0.06535
airbnb,2026-04,0.1115
airbnb,2026-05,-0.05023
airbnb,2026-06,0.07344
airbnb,2026-07,0.05884
airbnb,2026-08,0.20921
airbnb,2026-09,-0.17373
alphabet,2016-10,0.00726
alphabet,2016-11,-0.04201
alphabet,2016-12,0.02136
alphabet,2017-01,0.03501
alphabet,2017-02,0.03016
alphabet,2017-03,0.0034
alphabet,2017-04,0.09049
alphabet,2017-05,0.06768
alphabet,2017-06,-0.05816
alphabet,2017-07,0.01702
alphabet,2017-08,0.0103
alphabet,2017-09,0.01935
alphabet,2017-10,0.06092
alphabet,2017-11,0.00303
alphabet,2017-12,0.01663
alphabet,2018-01,0.12229
alphabet,2018-02,-0.06623
alphabet,2018-03,-0.06049
alphabet,2018-04,-0.0179
alphabet,2018-05,0.07993
alphabet,2018-06,0.02654
alphabet,2018-07,0.08681
alphabet,2018-08,0.00373
alphabet,2018-09,-0.02007
alphabet,2018-10,-0.09651
alphabet,2018-11,0.01749
alphabet,2018-12,-0.0583
alphabet,2019-01,0.07745
alphabet,2019-02,0.00059
alphabet,2019-03,0.04469
alphabet,2019-04,0.01875
alphabet,2019-05,-0.07712
alphabet,2019-06,-0.02142
alphabet,2019-07,0.12505
alphabet,2019-08,-0.02271
alphabet,2019-09,0.02571
alphabet,2019-10,0.03084
alphabet,2019-11,0.03598
alphabet,2019-12,0.02707
alphabet,2020-01,0.06973
alphabet,2020-02,-0.06528
alphabet,2020-03,-0.13239
alphabet,2020-04,0.159
alphabet,2020-05,0.06447
alphabet,2020-06,-0.01079
alphabet,2020-07,0.04929
alphabet,2020-08,0.09515
alphabet,2020-09,-0.1006
alphabet,2020-10,0.1027
alphabet,2020-11,0.08557
alphabet,2020-12,-0.001
alphabet,2021-01,0.04263
alphabet,2021-02,0.10647
alphabet,2021-03,0.02008
alphabet,2021-04,0.14108
alphabet,2021-05,0.00142
alphabet,2021-06,0.03604
alphabet,2021-07,0.10351
alphabet,2021-08,0.07401
alphabet,2021-09,-0.07617
alphabet,2021-10,0.1075
alphabet,2021-11,-0.04153
alphabet,2021-12,0.02082
alphabet,2022-01,-0.06592
alphabet,2022-02,-0.00182
alphabet,2022-03,0.02969
alphabet,2022-04,-0.17947
alphabet,2022-05,-0.00305
alphabet,2022-06,-0.04218
alphabet,2022-07,0.06752
alphabet,2022-08,-0.06964
alphabet,2022-09,-0.11615
alphabet,2022-10,-0.01192
alphabet,2022-11,0.06856
alphabet,2022-12,-0.12635
alphabet,2023-01,0.12025
alphabet,2023-02,-0.08883
alphabet,2023-03,0.15179
alphabet,2023-04,0.0348
alphabet,2023-05,0.14468
alphabet,2023-06,-0.0258
alphabet,2023-07,0.10877
alphabet,2023-08,0.02599
alphabet,2023-09,-0.039
alphabet,2023-10,-0.05181
alphabet,2023-11,0.0681
alphabet,2023-12,0.05403
alphabet,2024-01,0.00294
alphabet,2024-02,-0.01171
alphabet,2024-03,0.09006
alphabet,2024-04,0.07851
alphabet,2024-05,0.05971
alphabet,2024-06,0.05594
alphabet,2024-07,-0.05825
alphabet,2024-08,-0.04757
alphabet,2024-09,0.01512
alphabet,2024-10,0.03172
alphabet,2024-11,-0.01262
alphabet,2024-12,0.12045
alphabet,2025-01,0.07776
alphabet,2025-02,-0.16538
alphabet,2025-03,-0.09185
alphabet,2025-04,0.0269
alphabet,2025-05,0.08149
alphabet,2025-06,0.02614
alphabet,2025-07,0.08892
alphabet,2025-08,0.10948
alphabet,2025-09,0.1418
alphabet,2025-10,0.15668
alphabet,2025-11,0.13866
alphabet,2025-12,-0.02242
alphabet,2026-01,0.07987
alphabet,2026-02,-0.07763
alphabet,2026-03,-0.07762
alphabet,2026-04,0.33816
alphabet,2026-05,-0.01159
alphabet,2026-06,-0.06039
alphabet,2026-07,-0.00347
alphabet,2026-08,-0.04712
alphabet,2026-09,0.00887
amazon,2016-10,-0.05672
amazon,2016-11,-0.04969
amazon,2016-12,-0.00093
amazon,2017-01,0.09816
amazon,2017-02,0.02618
amazon,2017-03,0.04911
amazon,2017-04,0.04337
amazon,2017-05,0.07528
amazon,2017-06,-0.02676
amazon,2017-07,0.02043
amazon,2017-08,-0.00727
amazon,2017-09,-0.01963
amazon,2017-10,0.14972
amazon,2017-11,0.06466
amazon,2017-12,-0.00619
amazon,2018-01,0.24064
amazon,2018-02,0.04243
amazon,2018-03,-0.04305
amazon,2018-04,0.08207
amazon,2018-05,0.04054
amazon,2018-06,0.04307
amazon,2018-07,0.04568
amazon,2018-08,0.13236
amazon,2018-09,-0.00482
amazon,2018-10,-0.20219
amazon,2018-11,0.05767
amazon,2018-12,-0.11135
amazon,2019-01,0.14432
amazon,2019-02,-0.04591
amazon,2019-03,0.08594
amazon,2019-04,0.08186
amazon,2019-05,-0.07861
amazon,2019-06,0.06679
amazon,2019-07,-0.01418
amazon,2019-08,-0.04847
amazon,2019-09,-0.02273
amazon,2019-10,0.02347
amazon,2019-11,0.01359
amazon,2019-12,0.02612
amazon,2020-01,0.08706
amazon,2020-02,-0.06221
amazon,2020-03,0.03502
amazon,2020-04,0.2689
amazon,2020-05,-0.01278
amazon,2020-06,0.12957
amazon,2020-07,0.14711
amazon,2020-08,0.09046
amazon,2020-09,-0.08758
amazon,2020-10,-0.03575
amazon,2020-11,0.04344
amazon,2020-12,0.02806
amazon,2021-01,-0.01558
amazon,2021-02,-0.03533
amazon,2021-03,0.00037
amazon,2021-04,0.12066
amazon,2021-05,-0.07047
amazon,2021-06,0.06736
amazon,2021-07,-0.03272
amazon,2021-08,0.04303
amazon,2021-09,-0.05352
amazon,2021-10,0.0266
amazon,2021-11,0.03992
amazon,2021-12,-0.04925
amazon,2022-01,-0.10283
amazon,2022-02,0.02667
amazon,2022-03,0.06144
amazon,2022-04,-0.23753
amazon,2022-05,-0.03276
amazon,2022-06,-0.11646
amazon,2022-07,0.2706
amazon,2022-08,-0.06062
amazon,2022-09,-0.10862
amazon,2022-10,-0.09345
amazon,2022-11,-0.05759
amazon,2022-12,-0.12989
amazon,2023-01,0.22774
amazon,2023-02,-0.0863
amazon,2023-03,0.09615
amazon,2023-04,0.02091
amazon,2023-05,0.14348
amazon,2023-06,0.08111
amazon,2023-07,0.02547
amazon,2023-08,0.03239
amazon,2023-09,-0.07891
amazon,2023-10,0.04696
amazon,2023-11,0.09768
amazon,2023-12,0.04004
amazon,2024-01,0.02146
amazon,2024-02,0.13892
amazon,2024-03,0.02048
amazon,2024-04,-0.02983
amazon,2024-05,0.00823
amazon,2024-06,0.09527
amazon,2024-07,-0.03245
amazon,2024-08,-0.04535
amazon,2024-09,0.04387
amazon,2024-10,0.00038
amazon,2024-11,0.11529
amazon,2024-12,0.05532
amazon,2025-01,0.08337
amazon,2025-02,-0.10687
amazon,2025-03,-0.10373
amazon,2025-04,-0.03069
amazon,2025-05,0.11165
amazon,2025-06,0.07014
amazon,2025-07,0.0671
amazon,2025-08,-0.02183
amazon,2025-09,-0.04118
amazon,2025-10,0.11226
amazon,2025-11,-0.04504
amazon,2025-12,-0.01029
amazon,2026-01,0.03674
amazon,2026-02,-0.12244
amazon,2026-03,-0.00824
amazon,2026-04,0.27267
amazon,2026-05,0.02105
amazon,2026-06,-0.11935
amazon,2026-07,0.13946
amazon,2026-08,-0.04349
amazon,2026-09,-0.04
amd,2016-10,0.04631
amd,2016-11,0.23237
amd,2016-12,0.27273
amd,2017-01,-0.08554
amd,2017-02,0.39441
amd,2017-03,0.00622
amd,2017-04,-0.08591
amd,2017-05,-0.15865
amd,2017-06,0.11528
amd,2017-07,0.09054
amd,2017-08,-0.04482
amd,2017-09,-0.01923
amd,2017-10,-0.13843
amd,2017-11,-0.00865
amd,2017-12,-0.05601
amd,2018-01,0.33658
amd,2018-02,-0.11863
amd,2018-03,-0.17011
amd,2018-04,0.08259
amd,2018-05,0.26195
amd,2018-06,0.09177
amd,2018-07,0.22282
amd,2018-08,0.37316
amd,2018-09,0.22725
amd,2018-10,-0.41049
amd,2018-11,0.16969
amd,2018-12,-0.13333
amd,2019-01,0.32232
amd,2019-02,-0.03605
amd,2019-03,0.08457
amd,2019-04,0.08268
amd,2019-05,-0.00796
amd,2019-06,0.10799
amd,2019-07,0.00263
amd,2019-08,0.03284
amd,2019-09,-0.07822
amd,2019-10,0.1704
amd,2019-11,0.15385
amd,2019-12,0.17139
amd,2020-01,0.02486
amd,2020-02,-0.03234
amd,2020-03,0.0
amd,2020-04,0.15193
amd,2020-05,0.02691
amd,2020-06,-0.02212
amd,2020-07,0.47177
amd,2020-08,0.17293
amd,2020-09,-0.09723
amd,2020-10,-0.08172
amd,2020-11,0.23071
amd,2020-12,-0.01025
amd,2021-01,-0.06619
amd,2021-02,-0.01319
amd,2021-03,-0.07112
amd,2021-04,0.03975
amd,2021-05,-0.01887
amd,2021-06,0.17295
amd,2021-07,0.13052
amd,2021-08,0.04266
amd,2021-09,-0.07063
amd,2021-10,0.16842
amd,2021-11,0.31723
amd,2021-12,-0.09137
amd,2022-01,-0.20605
amd,2022-02,0.07956
amd,2022-03,-0.11351
amd,2022-04,-0.21785
amd,2022-05,0.19107
amd,2022-06,-0.24926
amd,2022-07,0.23539
amd,2022-08,-0.10162
amd,2022-09,-0.25345
amd,2022-10,-0.05208
amd,2022-11,0.29254
amd,2022-12,-0.16566
amd,2023-01,0.16026
amd,2023-02,0.04564
amd,2023-03,0.24726
amd,2023-04,-0.08815
amd,2023-05,0.3227
amd,2023-06,-0.03638
amd,2023-07,0.0043
amd,2023-08,-0.07587
amd,2023-09,-0.02743
amd,2023-10,-0.04202
amd,2023-11,0.23005
amd,2023-12,0.21666
amd,2024-01,0.13758
amd,2024-02,0.14813
amd,2024-03,-0.06254
amd,2024-04,-0.1225
amd,2024-05,0.05379
amd,2024-06,-0.0281
amd,2024-07,-0.1093
amd,2024-08,0.02824
amd,2024-09,0.10447
amd,2024-10,-0.12195
amd,2024-11,-0.04786
amd,2024-12,-0.11945
amd,2025-01,-0.04007
amd,2025-02,-0.13877
amd,2025-03,0.02884
amd,2025-04,-0.05246
amd,2025-05,0.13744
amd,2025-06,0.2815
amd,2025-07,0.24249
amd,2025-08,-0.07759
amd,2025-09,-0.00517
amd,2025-10,0.58304
amd,2025-11,-0.15067
amd,2025-12,-0.01549
amd,2026-01,0.10539
amd,2026-02,-0.15427
amd,2026-03,0.01608
amd,2026-04,0.74257
amd,2026-05,0.45589
amd,2026-06,0.12558
amd,2026-07,-0.18034
amd,2026-08,-0.0114
amd,2026-09,0.3368
apple,2016-10,0.00433
apple,2016-11,-0.0266
apple,2016-12,0.04796
apple,2017-01,0.04775
apple,2017-02,0.12888
apple,2017-03,0.04869
apple,2017-04,-7e-05
apple,2017-05,0.06342
apple,2017-06,-0.05721
apple,2017-07,0.0327
apple,2017-08,0.10267
apple,2017-09,-0.06024
apple,2017-10,0.09681
apple,2017-11,0.01662
apple,2017-12,-0.01525
apple,2018-01,-0.01064
apple,2018-02,0.06385
apple,2018-03,-0.05805
apple,2018-04,-0.01502
apple,2018-05,0.13076
apple,2018-06,-0.00942
apple,2018-07,0.02798
apple,2018-08,0.19623
apple,2018-09,-0.0083
apple,2018-10,-0.03048
apple,2018-11,-0.18404
apple,2018-12,-0.1167
apple,2019-01,0.05515
apple,2019-02,0.04031
apple,2019-03,0.09703
apple,2019-04,0.05644
apple,2019-05,-0.12757
apple,2019-06,0.13052
apple,2019-07,0.07639
apple,2019-08,-0.02018
apple,2019-09,0.07296
apple,2019-10,0.11068
apple,2019-11,0.07433
apple,2019-12,0.09878
apple,2020-01,0.05401
apple,2020-02,-0.1168
apple,2020-03,-0.06976
apple,2020-04,0.15537
apple,2020-05,0.08216
apple,2020-06,0.14739
apple,2020-07,0.16513
apple,2020-08,0.21438
apple,2020-09,-0.10253
apple,2020-10,-0.06001
apple,2020-11,0.09361
apple,2020-12,0.11457
apple,2021-01,-0.0055
apple,2021-02,-0.08109
apple,2021-03,0.00734
apple,2021-04,0.07622
apple,2021-05,-0.05211
apple,2021-06,0.09911
apple,2021-07,0.06498
apple,2021-08,0.04093
apple,2021-09,-0.06804
apple,2021-10,0.05866
apple,2021-11,0.10347
apple,2021-12,0.07423
apple,2022-01,-0.01571
apple,2022-02,-0.05527
apple,2022-03,0.05747
apple,2022-04,-0.09713
apple,2022-05,-0.05588
apple,2022-06,-0.08143
apple,2022-07,0.18863
apple,2022-08,-0.03255
apple,2022-09,-0.12098
apple,2022-10,0.10955
apple,2022-11,-0.03463
apple,2022-12,-0.12227
apple,2023-01,0.11052
apple,2023-02,0.02162
apple,2023-03,0.11865
apple,2023-04,0.02899
apple,2023-05,0.04461
apple,2023-06,0.09433
apple,2023-07,0.01279
apple,2023-08,-0.04368
apple,2023-09,-0.08868
apple,2023-10,-0.00257
apple,2023-11,0.11231
apple,2023-12,0.01358
apple,2024-01,-0.04223
apple,2024-02,-0.01979
apple,2024-03,-0.05129
apple,2024-04,-0.00671
apple,2024-05,0.12869
apple,2024-06,0.09555
apple,2024-07,0.05441
apple,2024-08,0.03116
apple,2024-09,0.01747
apple,2024-10,-0.03043
apple,2024-11,0.05055
apple,2024-12,0.05516
apple,2025-01,-0.05758
apple,2025-02,0.02475
apple,2025-03,-0.0815
apple,2025-04,-0.04335
apple,2025-05,-0.05482
apple,2025-06,0.02151
apple,2025-07,0.0117
apple,2025-08,0.11837
apple,2025-09,0.09688
apple,2025-10,0.06182
apple,2025-11,0.03136
apple,2025-12,-0.02507
apple,2026-01,-0.04554
apple,2026-02,0.01811
apple,2026-03,-0.03933
apple,2026-04,0.06919
apple,2026-05,0.15003
apple,2026-06,-0.07274
apple,2026-07,0.06756
apple,2026-08,0.0257
apple,2026-09,0.06019
applied_materials,2016-10,-0.03549
applied_materials,2016-11,0.10729
applied_materials,2016-12,0.00217
applied_materials,2017-01,0.06136
applied_materials,2017-02,0.05752
applied_materials,2017-03,0.07399
applied_materials,2017-04,0.04396
applied_materials,2017-05,0.12977
applied_materials,2017-06,-0.09961
applied_materials,2017-07,0.07262
applied_materials,2017-08,0.01828
applied_materials,2017-09,0.15448
applied_materials,2017-10,0.08332
applied_materials,2017-11,-0.06486
applied_materials,2017-12,-0.03127
applied_materials,2018-01,0.0491
applied_materials,2018-02,0.07384
applied_materials,2018-03,-0.03438
applied_materials,2018-04,-0.10682
applied_materials,2018-05,0.02235
applied_materials,2018-06,-0.09039
applied_materials,2018-07,0.05283
applied_materials,2018-08,-0.11536
applied_materials,2018-09,-0.10158
applied_materials,2018-10,-0.14929
applied_materials,2018-11,0.13382
applied_materials,2018-12,-0.12178
applied_materials,2019-01,0.19365
applied_materials,2019-02,-0.01894
applied_materials,2019-03,0.03443
applied_materials,2019-04,0.1112
applied_materials,2019-05,-0.12208
applied_materials,2019-06,0.16077
applied_materials,2019-07,0.09931
applied_materials,2019-08,-0.02734
applied_materials,2019-09,0.03915
applied_materials,2019-10,0.08737
applied_materials,2019-11,0.06708
applied_materials,2019-12,0.05423
applied_materials,2020-01,-0.04997
applied_materials,2020-02,0.00224
applied_materials,2020-03,-0.21163
applied_materials,2020-04,0.08424
applied_materials,2020-05,0.13084
applied_materials,2020-06,0.07601
applied_materials,2020-07,0.06419
applied_materials,2020-08,-0.04244
applied_materials,2020-09,-0.0349
applied_materials,2020-10,-0.0037
applied_materials,2020-11,0.39254
applied_materials,2020-12,0.04631
applied_materials,2021-01,0.12028
applied_materials,2021-02,0.22249
applied_materials,2021-03,0.13038
applied_materials,2021-04,-0.00666
applied_materials,2021-05,0.04084
applied_materials,2021-06,0.03091
applied_materials,2021-07,-0.01735
applied_materials,2021-08,-0.0343
applied_materials,2021-09,-0.04736
applied_materials,2021-10,0.06152
applied_materials,2021-11,0.07713
applied_materials,2021-12,0.06909
applied_materials,2022-01,-0.12189
applied_materials,2022-02,-0.0288
applied_materials,2022-03,-0.01788
applied_materials,2022-04,-0.16275
applied_materials,2022-05,0.06289
applied_materials,2022-06,-0.22432
applied_materials,2022-07,0.16487
applied_materials,2022-08,-0.11238
applied_materials,2022-09,-0.12905
applied_materials,2022-10,0.07763
applied_materials,2022-11,0.24136
applied_materials,2022-12,-0.1115
applied_materials,2023-01,0.1449
applied_materials,2023-02,0.0418
applied_materials,2023-03,0.05751
applied_materials,2023-04,-0.07979
applied_materials,2023-05,0.17933
applied_materials,2023-06,0.08432
applied_materials,2023-07,0.04878
applied_materials,2023-08,0.00772
applied_materials,2023-09,-0.09368
applied_materials,2023-10,-0.04406
applied_materials,2023-11,0.1317
applied_materials,2023-12,0.08205
applied_materials,2024-01,0.01376
applied_materials,2024-02,0.22715
applied_materials,2024-03,0.02286
applied_materials,2024-04,-0.03676
applied_materials,2024-05,0.08271
applied_materials,2024-06,0.09722
applied_materials,2024-07,-0.10081
applied_materials,2024-08,-0.07041
applied_materials,2024-09,0.02428
applied_materials,2024-10,-0.10131
applied_materials,2024-11,-0.03783
applied_materials,2024-12,-0.06914
applied_materials,2025-01,0.10896
applied_materials,2025-02,-0.12354
applied_materials,2025-03,-0.08193
applied_materials,2025-04,0.03852
applied_materials,2025-05,0.04008
applied_materials,2025-06,0.16791
applied_materials,2025-07,-0.01644
applied_materials,2025-08,-0.10719
applied_materials,2025-09,0.27358
applied_materials,2025-10,0.13852
applied_materials,2025-11,0.08215
applied_materials,2025-12,0.01879
applied_materials,2026-01,0.25421
applied_materials,2026-02,0.15506
applied_materials,2026-03,-0.08195
applied_materials,2026-04,0.15419
applied_materials,2026-05,0.14087
applied_materials,2026-06,0.60645
applied_materials,2026-07,-0.29783
applied_materials,2026-08,-0.09707
applied_materials,2026-09,0.0346
atlassian,2016-10,-0.10377
atlassian,2016-11,0.01042
atlassian,2016-12,-0.11275
atlassian,2017-01,0.14743
atlassian,2017-02,0.02932
atlassian,2017-03,0.05309
atlassian,2017-04,0.15125
atlassian,2017-05,0.03712
atlassian,2017-06,-0.01622
atlassian,2017-07,0.01819
atlassian,2017-08,-0.00614
atlassian,2017-09,-0.01264
atlassian,2017-10,0.3761
atlassian,2017-11,-0.03473
atlassian,2017-12,-0.02506
atlassian,2018-01,0.18607
atlassian,2018-02,0.00556
atlassian,2018-03,-0.00682
atlassian,2018-04,0.0382
atlassian,2018-05,0.13951
atlassian,2018-06,-0.01991
atlassian,2018-07,0.15819
atlassian,2018-08,0.24306
atlassian,2018-09,0.0681
atlassian,2018-10,-0.21042
atlassian,2018-11,0.13213
atlassian,2018-12,0.03537
atlassian,2019-01,0.10587
atlassian,2019-02,0.09228
atlassian,2019-03,0.04568
atlassian,2019-04,-0.01993
atlassian,2019-05,0.14281
atlassian,2019-06,0.0394
atlassian,2019-07,0.07093
atlassian,2019-08,-0.04004
atlassian,2019-09,-0.06743
atlassian,2019-10,-0.03707
atlassian,2019-11,0.05232
atlassian,2019-12,-0.05326
atlassian,2020-01,0.22154
atlassian,2020-02,-0.01388
atlassian,2020-03,-0.05312
atlassian,2020-04,0.13281
atlassian,2020-05,0.19172
atlassian,2020-06,-0.02715
atlassian,2020-07,-0.02008
atlassian,2020-08,0.08554
atlassian,2020-09,-0.05199
atlassian,2020-10,0.05407
atlassian,2020-11,0.17446
atlassian,2020-12,0.03919
atlassian,2021-01,-0.01172
atlassian,2021-02,0.02843
atlassian,2021-03,-0.11334
atlassian,2021-04,0.12716
atlassian,2021-05,-0.01802
atlassian,2021-06,0.10108
atlassian,2021-07,0.26575
atlassian,2021-08,0.129
atlassian,2021-09,0.06637
atlassian,2021-10,0.17043
atlassian,2021-11,-0.17857
atlassian,2021-12,0.01321
atlassian,2022-01,-0.14936
atlassian,2022-02,-0.05741
atlassian,2022-03,-0.03889
atlassian,2022-04,-0.23483
atlassian,2022-05,-0.21132
atlassian,2022-06,0.05685
atlassian,2022-07,0.11697
atlassian,2022-08,0.18316
atlassian,2022-09,-0.14968
atlassian,2022-10,-0.03732
atlassian,2022-11,-0.35111
atlassian,2022-12,-0.02182
atlassian,2023-01,0.25598
atlassian,2023-02,0.01677
atlassian,2023-03,0.04162
atlassian,2023-04,-0.13735
atlassian,2023-05,0.22437
atlassian,2023-06,-0.0718
atlassian,2023-07,0.0842
atlassian,2023-08,0.12158
atlassian,2023-09,-0.0125
atlassian,2023-10,-0.10357
atlassian,2023-11,0.05707
atlassian,2023-12,0.24567
atlassian,2024-01,0.05007
atlassian,2024-02,-0.16956
atlassian,2024-03,-0.05935
atlassian,2024-04,-0.11691
atlassian,2024-05,-0.08961
atlassian,2024-06,0.12763
atlassian,2024-07,-0.00175
atlassian,2024-08,-0.06213
atlassian,2024-09,-0.041
atlassian,2024-10,0.1872
atlassian,2024-11,0.39801
atlassian,2024-12,-0.07664
atlassian,2025-01,0.2605
atlassian,2025-02,-0.07341
atlassian,2025-03,-0.25347
atlassian,2025-04,0.07587
atlassian,2025-05,-0.09058
atlassian,2025-06,-0.02187
atlassian,2025-07,-0.05569
atlassian,2025-08,-0.073
atlassian,2025-09,-0.1017
atlassian,2025-10,0.06086
atlassian,2025-11,-0.11746
atlassian,2025-12,0.0844
atlassian,2026-01,-0.27112
atlassian,2026-02,-0.36427
atlassian,2026-03,-0.09157
atlassian,2026-04,0.00498
atlassian,2026-05,0.56889
atlassian,2026-06,-0.27711
atlassian,2026-07,0.29856
atlassian,2026-08,0.92219
atlassian,2026-09,-0.00803
block,2016-10,-0.03945
block,2016-11,0.15536
block,2016-12,0.05332
block,2017-01,0.07263
block,2017-02,0.18468
block,2017-03,-0.00231
block,2017-04,0.05556
block,2017-05,0.26042
block,2017-06,0.02044
block,2017-07,0.12319
block,2017-08,-0.00911
block,2017-09,0.10341
block,2017-10,0.29087
block,2017-11,0.05458
block,2017-12,-0.11601
block,2018-01,0.35304
block,2018-02,-0.01833
block,2018-03,0.0684
block,2018-04,-0.0378
block,2018-05,0.23046
block,2018-06,0.0582
block,2018-07,0.04883
block,2018-08,0.37108
block,2018-09,0.11699
block,2018-10,-0.25816
block,2018-11,-0.04915
block,2018-12,-0.19688
block,2019-01,0.27206
block,2019-02,0.13861
block,2019-03,-0.07779
block,2019-04,-0.02803
block,2019-05,-0.14927
block,2019-06,0.17078
block,2019-07,0.10864
block,2019-08,-0.23094
block,2019-09,0.00178
block,2019-10,-0.00839
block,2019-11,0.12518
block,2019-12,-0.09491
block,2020-01,0.19389
block,2020-02,0.11568
block,2020-03,-0.37141
block,2020-04,0.2436
block,2020-05,0.2447
block,2020-06,0.29428
block,2020-07,0.23737
block,2020-08,0.2288
block,2020-09,0.01874
block,2020-10,-0.04719
block,2020-11,0.36209
block,2020-12,0.03166
block,2021-01,-0.00772
block,2021-02,0.06515
block,2021-03,-0.01295
block,2021-04,0.07826
block,2021-05,-0.09109
block,2021-06,0.09563
block,2021-07,0.01419
block,2021-08,0.08416
block,2021-09,-0.10531
block,2021-10,0.06112
block,2021-11,-0.18141
block,2021-12,-0.22474
block,2022-01,-0.24283
block,2022-02,0.0426
block,2022-03,0.06353
block,2022-04,-0.26593
block,2022-05,-0.12086
block,2022-06,-0.29768
block,2022-07,0.23755
block,2022-08,-0.094
block,2022-09,-0.202
block,2022-10,0.09238
block,2022-11,0.12818
block,2022-12,-0.07275
block,2023-01,0.30045
block,2023-02,-0.06106
block,2023-03,-0.1053
block,2023-04,-0.11449
block,2023-05,-0.00658
block,2023-06,0.10233
block,2023-07,0.2097
block,2023-08,-0.28412
block,2023-09,-0.23226
block,2023-10,-0.0906
block,2023-11,0.5759
block,2023-12,0.21945
block,2024-01,-0.15953
block,2024-02,0.22243
block,2024-03,0.0643
block,2024-04,-0.13691
block,2024-05,-0.12219
block,2024-06,0.0064
block,2024-07,-0.04047
block,2024-08,0.06787
block,2024-09,0.01589
block,2024-10,0.07731
block,2024-11,0.22442
block,2024-12,-0.0402
block,2025-01,0.0686
block,2025-02,-0.281
block,2025-03,-0.16799
block,2025-04,0.0762
block,2025-05,0.0561
block,2025-06,0.10008
block,2025-07,0.13735
block,2025-08,0.03081
block,2025-09,-0.09254
block,2025-10,0.05078
block,2025-11,-0.12036
block,2025-12,-0.0256
block,2026-01,-0.07159
block,2026-02,0.05411
block,2026-03,-0.05526
block,2026-04,0.17165
block,2026-05,0.07389
block,2026-06,0.0037
block,2026-07,0.06895
block,2026-08,0.0096
block,2026-09,-0.06437
broadcom,2016-10,-0.01298
broadcom,2016-11,0.00123
broadcom,2016-12,0.03684
broadcom,2017-01,0.12859
broadcom,2017-02,0.05729
broadcom,2017-03,0.03807
broadcom,2017-04,0.00845
broadcom,2017-05,0.08455
broadcom,2017-06,-0.02685
broadcom,2017-07,0.0584
broadcom,2017-08,0.02193
broadcom,2017-09,-0.03781
broadcom,2017-10,0.08811
broadcom,2017-11,0.05316
broadcom,2017-12,-0.0757
broadcom,2018-01,-0.03453
broadcom,2018-02,-0.00633
broadcom,2018-03,-0.04386
broadcom,2018-04,-0.02644
broadcom,2018-05,0.09873
broadcom,2018-06,-0.03741
broadcom,2018-07,-0.08601
broadcom,2018-08,-0.01236
broadcom,2018-09,0.12647
broadcom,2018-10,-0.09419
broadcom,2018-11,0.06228
broadcom,2018-12,0.07106
broadcom,2019-01,0.05494
broadcom,2019-02,0.02651
broadcom,2019-03,0.09206
broadcom,2019-04,0.05883
broadcom,2019-05,-0.20967
broadcom,2019-06,0.14394
broadcom,2019-07,0.0074
broadcom,2019-08,-0.02535
broadcom,2019-09,-0.02325
broadcom,2019-10,0.06078
broadcom,2019-11,0.07977
broadcom,2019-12,-0.0006
broadcom,2020-01,-0.03436
broadcom,2020-02,-0.10663
broadcom,2020-03,-0.13029
broadcom,2020-04,0.14559
broadcom,2020-05,0.07234
broadcom,2020-06,0.08357
broadcom,2020-07,0.00361
broadcom,2020-08,0.09597
broadcom,2020-09,0.04946
broadcom,2020-10,-0.04032
broadcom,2020-11,0.14859
broadcom,2020-12,0.09032
broadcom,2021-01,0.02889
broadcom,2021-02,0.043
broadcom,2021-03,-0.01322
broadcom,2021-04,-0.01609
broadcom,2021-05,0.03536
broadcom,2021-06,0.00955
broadcom,2021-07,0.01795
broadcom,2021-08,0.02433
broadcom,2021-09,-0.0247
broadcom,2021-10,0.09639
broadcom,2021-11,0.0414
broadcom,2021-12,0.2018
broadcom,2022-01,-0.11952
broadcom,2022-02,0.00266
broadcom,2022-03,0.07191
broadcom,2022-04,-0.11957
broadcom,2022-05,0.04643
broadcom,2022-06,-0.16258
broadcom,2022-07,0.10224
broadcom,2022-08,-0.06792
broadcom,2022-09,-0.1104
broadcom,2022-10,0.0588
broadcom,2022-11,0.1721
broadcom,2022-12,0.0147
broadcom,2023-01,0.04629
broadcom,2023-02,0.01586
broadcom,2023-03,0.07951
broadcom,2023-04,-0.02344
broadcom,2023-05,0.28964
broadcom,2023-06,0.07361
broadcom,2023-07,0.03599
broadcom,2023-08,0.02697
broadcom,2023-09,-0.10002
broadcom,2023-10,0.01299
broadcom,2023-11,0.10027
broadcom,2023-12,0.20581
broadcom,2024-01,0.05711
broadcom,2024-02,0.10211
broadcom,2024-03,0.01916
broadcom,2024-04,-0.01897
broadcom,2024-05,0.02175
broadcom,2024-06,0.20848
broadcom,2024-07,0.00079
broadcom,2024-08,0.01332
broadcom,2024-09,0.05945
broadcom,2024-10,-0.01583
broadcom,2024-11,-0.0453
broadcom,2024-12,0.4304
broadcom,2025-01,-0.04559
broadcom,2025-02,-0.0987
broadcom,2025-03,-0.16046
broadcom,2025-04,0.14956
broadcom,2025-05,0.2577
broadcom,2025-06,0.13872
broadcom,2025-07,0.06548
broadcom,2025-08,0.01256
broadcom,2025-09,0.10935
broadcom,2025-10,0.1204
broadcom,2025-11,0.09017
broadcom,2025-12,-0.14111
broadcom,2026-01,-0.04276
broadcom,2026-02,-0.03547
broadcom,2026-03,-0.03142
broadcom,2026-04,0.34868
broadcom,2026-05,0.07029
broadcom,2026-06,-0.15449
broadcom,2026-07,0.03052
broadcom,2026-08,-0.04865
broadcom,2026-09,-0.05395
cisco,2016-10,-0.03279
cisco,2016-11,-0.02803
cisco,2016-12,0.01341
cisco,2017-01,0.01655
cisco,2017-02,0.11263
cisco,2017-03,-0.01112
cisco,2017-04,0.00799
cisco,2017-05,-0.07455
cisco,2017-06,-0.00729
cisco,2017-07,0.00479
cisco,2017-08,0.02417
cisco,2017-09,0.04409
cisco,2017-10,0.01546
cisco,2017-11,0.09224
cisco,2017-12,0.02681
cisco,2018-01,0.0846
cisco,2018-02,0.078
cisco,2018-03,-0.04221
cisco,2018-04,0.03264
cisco,2018-05,-0.03567
cisco,2018-06,0.00749
cisco,2018-07,-0.0172
cisco,2018-08,0.12958
cisco,2018-09,0.01842
cisco,2018-10,-0.05961
cisco,2018-11,0.04634
cisco,2018-12,-0.09484
cisco,2019-01,0.09139
cisco,2019-02,0.09473
cisco,2019-03,0.04288
cisco,2019-04,0.0363
cisco,2019-05,-0.07006
cisco,2019-06,0.05189
cisco,2019-07,0.01224
cisco,2019-08,-0.15505
cisco,2019-09,0.05554
cisco,2019-10,-0.03845
cisco,2019-11,-0.04631
cisco,2019-12,0.05849
cisco,2020-01,-0.04149
cisco,2020-02,-0.13139
cisco,2020-03,-0.01553
cisco,2020-04,0.0781
cisco,2020-05,0.12836
cisco,2020-06,-0.02468
cisco,2020-07,0.00986
cisco,2020-08,-0.10361
cisco,2020-09,-0.06703
cisco,2020-10,-0.0886
cisco,2020-11,0.19833
cisco,2020-12,0.04021
cisco,2021-01,-0.0038
cisco,2021-02,0.00651
cisco,2021-03,0.15244
cisco,2021-04,-0.01547
cisco,2021-05,0.03909
cisco,2021-06,0.00189
cisco,2021-07,0.04472
cisco,2021-08,0.06592
cisco,2021-09,-0.07777
cisco,2021-10,0.02829
cisco,2021-11,-0.02019
cisco,2021-12,0.15554
cisco,2022-01,-0.12151
cisco,2022-02,0.0018
cisco,2022-03,-0.00018
cisco,2022-04,-0.12159
cisco,2022-05,-0.08024
cisco,2022-06,-0.0535
cisco,2022-07,0.06402
cisco,2022-08,-0.01433
cisco,2022-09,-0.10555
cisco,2022-10,0.13575
cisco,2022-11,0.09443
cisco,2022-12,-0.04183
cisco,2023-01,0.02162
cisco,2023-02,-0.00514
cisco,2023-03,0.07962
cisco,2023-04,-0.09613
cisco,2023-05,0.05122
cisco,2023-06,0.04168
cisco,2023-07,0.0058
cisco,2023-08,0.10204
cisco,2023-09,-0.0626
cisco,2023-10,-0.03032
cisco,2023-11,-0.07194
cisco,2023-12,0.04423
cisco,2024-01,-0.00673
cisco,2024-02,-0.03607
cisco,2024-03,0.03184
cisco,2024-04,-0.05871
cisco,2024-05,-0.01022
cisco,2024-06,0.02172
cisco,2024-07,0.01979
cisco,2024-08,0.04314
cisco,2024-09,0.05303
cisco,2024-10,0.02912
cisco,2024-11,0.08107
cisco,2024-12,-0.00017
cisco,2025-01,0.02365
cisco,2025-02,0.05792
cisco,2025-03,-0.03744
cisco,2025-04,-0.0645
cisco,2025-05,0.09198
cisco,2025-06,0.10057
cisco,2025-07,-0.01874
cisco,2025-08,0.01484
cisco,2025-09,-0.0097
cisco,2025-10,0.06855
cisco,2025-11,0.05239
cisco,2025-12,0.00117
cisco,2026-01,0.01675
cisco,2026-02,0.01456
cisco,2026-03,-0.02353
cisco,2026-04,0.17928
cisco,2026-05,0.31607
cisco,2026-06,-0.02458
cisco,2026-07,-0.01251
cisco,2026-08,-0.04742
cisco,2026-09,-0.03186
cloudflare,2019-10,-0.09316
cloudflare,2019-11,0.15677
cloudflare,2019-12,-0.12423
cloudflare,2020-01,0.04689
cloudflare,2020-02,0.19261
cloudflare,2020-03,0.10235
cloudflare,2020-04,0.00341
cloudflare,2020-05,0.23387
cloudflare,2020-06,0.23667
cloudflare,2020-07,0.15772
cloudflare,2020-08,-0.08073
cloudflare,2020-09,0.07318
cloudflare,2020-10,0.26571
cloudflare,2020-11,0.44468
cloudflare,2020-12,0.01212
cloudflare,2021-01,0.00882
cloudflare,2021-02,-0.03509
cloudflare,2021-03,-0.05016
cloudflare,2021-04,0.20609
cloudflare,2021-05,-0.03163
cloudflare,2021-06,0.28979
cloudflare,2021-07,0.12084
cloudflare,2021-08,0.01779
cloudflare,2021-09,-0.067
cloudflare,2021-10,0.72854
cloudflare,2021-11,-0.03328
cloudflare,2021-12,-0.30142
cloudflare,2022-01,-0.26692
cloudflare,2022-02,0.20768
cloudflare,2022-03,0.02817
cloudflare,2022-04,-0.28037
cloudflare,2022-05,-0.3499
cloudflare,2022-06,-0.21875
cloudflare,2022-07,0.15017
cloudflare,2022-08,0.24344
cloudflare,2022-09,-0.11603
cloudflare,2022-10,0.01826
cloudflare,2022-11,-0.12749
cloudflare,2022-12,-0.07998
cloudflare,2023-01,0.17032
cloudflare,2023-02,0.13419
cloudflare,2023-03,0.0275
cloudflare,2023-04,-0.23694
cloudflare,2023-05,0.46993
cloudflare,2023-06,-0.0548
cloudflare,2023-07,0.05201
cloudflare,2023-08,-0.05438
cloudflare,2023-09,-0.0306
cloudflare,2023-10,-0.10073
cloudflare,2023-11,0.36091
cloudflare,2023-12,0.0792
cloudflare,2024-01,-0.05056
cloudflare,2024-02,0.24655
cloudflare,2024-03,-0.01735
cloudflare,2024-04,-0.09739
cloudflare,2024-05,-0.22551
cloudflare,2024-06,0.22367
cloudflare,2024-07,-0.06435
cloudflare,2024-08,0.05987
cloudflare,2024-09,-0.01522
cloudflare,2024-10,0.08431
cloudflare,2024-11,0.13818
cloudflare,2024-12,0.07863
cloudflare,2025-01,0.28529
cloudflare,2025-02,0.04986
cloudflare,2025-03,-0.22443
cloudflare,2025-04,0.07179
cloudflare,2025-05,0.37349
cloudflare,2025-06,0.18048
cloudflare,2025-07,0.06051
cloudflare,2025-08,0.00496
cloudflare,2025-09,0.02817
cloudflare,2025-10,0.18039
cloudflare,2025-11,-0.20959
cloudflare,2025-12,-0.01528
cloudflare,2026-01,-0.10043
cloudflare,2026-02,-0.0291
cloudflare,2026-03,0.19833
cloudflare,2026-04,-0.00664
cloudflare,2026-05,0.17978
cloudflare,2026-06,0.01431
cloudflare,2026-07,0.13739
cloudflare,2026-08,0.09366
cloudflare,2026-09,0.17603
coinbase,2021-05,-0.20528
coinbase,2021-06,0.07085
coinbase,2021-07,-0.06601
coinbase,2021-08,0.09477
coinbase,2021-09,-0.1217
coinbase,2021-10,0.40417
coinbase,2021-11,-0.01384
coinbase,2021-12,-0.19883
coinbase,2022-01,-0.24654
coinbase,2022-02,0.00326
coinbase,2022-03,-0.00477
coinbase,2022-04,-0.40635
coinbase,2022-05,-0.30707
coinbase,2022-06,-0.39795
coinbase,2022-07,0.339
coinbase,2022-08,0.06099
coinbase,2022-09,-0.03458
coinbase,2022-10,0.02729
coinbase,2022-11,-0.30974
coinbase,2022-12,-0.22611
coinbase,2023-01,0.65244
coinbase,2023-02,0.10858
coinbase,2023-03,0.04226
coinbase,2023-04,-0.20394
coinbase,2023-05,0.15635
coinbase,2023-06,0.15032
coinbase,2023-07,0.3782
coinbase,2023-08,-0.19278
coinbase,2023-09,-0.05678
coinbase,2023-10,0.02717
coinbase,2023-11,0.61722
coinbase,2023-12,0.39448
coinbase,2024-01,-0.26288
coinbase,2024-02,0.58783
coinbase,2024-03,0.30242
coinbase,2024-04,-0.2308
coinbase,2024-05,0.10783
coinbase,2024-06,-0.01633
coinbase,2024-07,0.00958
coinbase,2024-08,-0.18274
coinbase,2024-09,-0.0283
coinbase,2024-10,0.00606
coinbase,2024-11,0.65244
coinbase,2024-12,-0.16172
coinbase,2025-01,0.1733
coinbase,2025-02,-0.25988
coinbase,2025-03,-0.20123
coinbase,2025-04,0.17802
coinbase,2025-05,0.21554
coinbase,2025-06,0.42117
coinbase,2025-07,0.07781
coinbase,2025-08,-0.19383
coinbase,2025-09,0.1082
coinbase,2025-10,0.01864
coinbase,2025-11,-0.20641
coinbase,2025-12,-0.1711
coinbase,2026-01,-0.13885
coinbase,2026-02,-0.097
coinbase,2026-03,-0.00705
coinbase,2026-04,0.07537
coinbase,2026-05,0.00671
coinbase,2026-06,-0.22663
coinbase,2026-07,0.00048
coinbase,2026-08,0.2862
coinbase,2026-09,0.05895
crowdstrike,2019-07,0.30429
crowdstrike,2019-08,-0.08746
crowdstrike,2019-09,-0.2826
crowdstrike,2019-10,-0.14406
crowdstrike,2019-11,0.16209
crowdstrike,2019-12,-0.14017
crowdstrike,2020-01,0.22498
crowdstrike,2020-02,-0.02374
crowdstrike,2020-03,-0.0664
crowdstrike,2020-04,0.21516
crowdstrike,2020-05,0.29781
crowdstrike,2020-06,0.14213
crowdstrike,2020-07,0.12873
crowdstrike,2020-08,0.11069
crowdstrike,2020-09,0.09218
crowdstrike,2020-10,-0.09816
crowdstrike,2020-11,0.23773
crowdstrike,2020-12,0.38192
crowdstrike,2021-01,0.01879
crowdstrike,2021-02,0.00093
crowdstrike,2021-03,-0.15505
crowdstrike,2021-04,0.14246
crowdstrike,2021-05,0.06542
crowdstrike,2021-06,0.13126
crowdstrike,2021-07,0.00915
crowdstrike,2021-08,0.108
crowdstrike,2021-09,-0.12534
crowdstrike,2021-10,0.14655
crowdstrike,2021-11,-0.22945
crowdstrike,2021-12,-0.05706
crowdstrike,2022-01,-0.11775
crowdstrike,2022-02,0.08066
crowdstrike,2022-03,0.16326
crowdstrike,2022-04,-0.12471
crowdstrike,2022-05,-0.19506
crowdstrike,2022-06,0.05357
crowdstrike,2022-07,0.08923
crowdstrike,2022-08,-0.00539
crowdstrike,2022-09,-0.09748
crowdstrike,2022-10,-0.0219
crowdstrike,2022-11,-0.27016
crowdstrike,2022-12,-0.10506
crowdstrike,2023-01,0.00579
crowdstrike,2023-02,0.13966
crowdstrike,2023-03,0.13729
crowdstrike,2023-04,-0.12538
crowdstrike,2023-05,0.33386
crowdstrike,2023-06,-0.08281
crowdstrike,2023-07,0.1007
crowdstrike,2023-08,0.00847
crowdstrike,2023-09,0.02668
crowdstrike,2023-10,0.0561
crowdstrike,2023-11,0.34067
crowdstrike,2023-12,0.07735
crowdstrike,2024-01,0.14562
crowdstrike,2024-02,0.10821
crowdstrike,2024-03,-0.01098
crowdstrike,2024-04,-0.08749
crowdstrike,2024-05,0.07223
crowdstrike,2024-06,0.22163
crowdstrike,2024-07,-0.39466
crowdstrike,2024-08,0.19538
crowdstrike,2024-09,0.0115
crowdstrike,2024-10,0.05847
crowdstrike,2024-11,0.16539
crowdstrike,2024-12,-0.01101
crowdstrike,2025-01,0.1634
crowdstrike,2025-02,-0.02113
crowdstrike,2025-03,-0.09516
crowdstrike,2025-04,0.21638
crowdstrike,2025-05,0.0991
crowdstrike,2025-06,0.08049
crowdstrike,2025-07,-0.10748
crowdstrike,2025-08,-0.06791
crowdstrike,2025-09,0.15738
crowdstrike,2025-10,0.10732
crowdstrike,2025-11,-0.06234
crowdstrike,2025-12,-0.07935
crowdstrike,2026-01,-0.05836
crowdstrike,2026-02,-0.15728
crowdstrike,2026-03,0.04955
crowdstrike,2026-04,0.14175
crowdstrike,2026-05,0.63993
crowdstrike,2026-06,0.04397
crowdstrike,2026-07,0.00039
crowdstrike,2026-08,0.21031
crowdstrike,2026-09,0.12411
datadog,2019-10,-0.00944
datadog,2019-11,0.21375
datadog,2019-12,-0.07334
datadog,2020-01,0.22313
datadog,2020-02,-0.02294
datadog,2020-03,-0.2031
datadog,2020-04,0.25403
datadog,2020-05,0.57957
datadog,2020-06,0.22001
datadog,2020-07,0.07947
datadog,2020-08,-0.10984
datadog,2020-09,0.22274
datadog,2020-10,-0.11169
datadog,2020-11,0.09003
datadog,2020-12,-0.00485
datadog,2021-01,0.04378
datadog,2021-02,-0.07144
datadog,2021-03,-0.12651
datadog,2021-04,0.02916
datadog,2021-05,0.06156
datadog,2021-06,0.14311
datadog,2021-07,0.0636
datadog,2021-08,0.24481
datadog,2021-09,0.02576
datadog,2021-10,0.18182
datadog,2021-11,0.06729
datadog,2021-12,-0.00101
datadog,2022-01,-0.17966
datadog,2022-02,0.10266
datadog,2022-03,-0.05983
datadog,2022-04,-0.20261
datadog,2022-05,-0.21022
datadog,2022-06,-0.00157
datadog,2022-07,0.07108
datadog,2022-08,0.02882
datadog,2022-09,-0.15407
datadog,2022-10,-0.09315
datadog,2022-11,-0.05875
datadog,2022-12,-0.03009
datadog,2023-01,0.01782
datadog,2023-02,0.02286
datadog,2023-03,-0.05044
datadog,2023-04,-0.07267
datadog,2023-05,0.40858
datadog,2023-06,0.03656
datadog,2023-07,0.18642
datadog,2023-08,-0.17341
datadog,2023-09,-0.05587
datadog,2023-10,-0.10561
datadog,2023-11,0.43083
datadog,2023-12,0.04126
datadog,2024-01,0.02521
datadog,2024-02,0.05641
datadog,2024-03,-0.05979
datadog,2024-04,0.01537
datadog,2024-05,-0.12207
datadog,2024-06,0.17707
datadog,2024-07,-0.10217
datadog,2024-08,-0.00155
datadog,2024-09,-0.01032
datadog,2024-10,0.09021
datadog,2024-11,0.21771
datadog,2024-12,-0.06455
datadog,2025-01,-0.00126
datadog,2025-02,-0.18331
datadog,2025-03,-0.14878
datadog,2025-04,0.02973
datadog,2025-05,0.15388
datadog,2025-06,0.13955
datadog,2025-07,0.04206
datadog,2025-08,-0.02357
datadog,2025-09,0.04185
datadog,2025-10,0.14333
datadog,2025-11,-0.0172
datadog,2025-12,-0.15012
datadog,2026-01,-0.04905
datadog,2026-02,-0.13424
datadog,2026-03,0.05439
datadog,2026-04,0.11978
datadog,2026-05,0.87117
datadog,2026-06,0.0526
datadog,2026-07,0.02923
datadog,2026-08,-0.11542
datadog,2026-09,0.08387
dell,2019-01,-0.00573
dell,2019-02,0.14879
dell,2019-03,0.05142
dell,2019-04,0.14858
dell,2019-05,-0.1166
dell,2019-06,-0.14693
dell,2019-07,0.13661
dell,2019-08,-0.10755
dell,2019-09,0.0064
dell,2019-10,0.01986
dell,2019-11,-0.08319
dell,2019-12,0.05981
dell,2020-01,-0.05098
dell,2020-02,-0.17039
dell,2020-03,-0.02249
dell,2020-04,0.07939
dell,2020-05,0.1628
dell,2020-06,0.10677
dell,2020-07,0.08901
dell,2020-08,0.10446
dell,2020-09,0.02437
dell,2020-10,-0.10976
dell,2020-11,0.14553
dell,2020-12,0.06171
dell,2021-01,-0.00546
dell,2021-02,0.11222
dell,2021-03,0.08733
dell,2021-04,0.11548
dell,2021-05,0.00315
dell,2021-06,0.01044
dell,2021-07,-0.0306
dell,2021-08,0.00869
dell,2021-09,0.06751
dell,2021-10,0.05719
dell,2021-11,0.01042
dell,2021-12,-0.00531
dell,2022-01,0.01139
dell,2022-02,-0.10297
dell,2022-03,-0.01511
dell,2022-04,-0.06336
dell,2022-05,0.06233
dell,2022-06,-0.07469
dell,2022-07,-0.02489
dell,2022-08,-0.15024
dell,2022-09,-0.1076
dell,2022-10,0.12379
dell,2022-11,0.16641
dell,2022-12,-0.10203
dell,2023-01,0.00995
dell,2023-02,0.00049
dell,2023-03,-0.01058
dell,2023-04,0.08157
dell,2023-05,0.03035
dell,2023-06,0.20754
dell,2023-07,-0.02199
dell,2023-08,0.06274
dell,2023-09,0.22511
dell,2023-10,-0.02888
dell,2023-11,0.13391
dell,2023-12,0.0083
dell,2024-01,0.0834
dell,2024-02,0.14213
dell,2024-03,0.20547
dell,2024-04,0.09228
dell,2024-05,0.1197
dell,2024-06,-0.01182
dell,2024-07,-0.17569
dell,2024-08,0.01636
dell,2024-09,0.02597
dell,2024-10,0.04294
dell,2024-11,0.03203
dell,2024-12,-0.09679
dell,2025-01,-0.10101
dell,2025-02,-0.00811
dell,2025-03,-0.11298
dell,2025-04,0.00669
dell,2025-05,0.21262
dell,2025-06,0.10182
dell,2025-07,0.0823
dell,2025-08,-0.07943
dell,2025-09,0.16062
dell,2025-10,0.14277
dell,2025-11,-0.1769
dell,2025-12,-0.05602
dell,2026-01,-0.09088
dell,2026-02,0.29395
dell,2026-03,0.10839
dell,2026-04,0.27308
dell,2026-05,1.01441
dell,2026-06,0.02506
dell,2026-07,-0.06047
dell,2026-08,0.12492
dell,2026-09,0.17546
doordash,2021-01,0.35391
doordash,2021-02,-0.12304
doordash,2021-03,-0.22633
doordash,2021-04,0.09182
doordash,2021-05,0.04966
doordash,2021-06,0.18665
doordash,2021-07,-0.02265
doordash,2021-08,0.09817
doordash,2021-09,0.07618
doordash,2021-10,-0.05428
doordash,2021-11,-0.08229
doordash,2021-12,-0.16709
doordash,2022-01,-0.23781
doordash,2022-02,-0.07525
doordash,2022-03,0.11663
doordash,2022-04,-0.30515
doordash,2022-05,-0.05551
doordash,2022-06,-0.16565
doordash,2022-07,0.08696
doordash,2022-08,-0.14122
doordash,2022-09,-0.17446
doordash,2022-10,-0.11972
doordash,2022-11,0.33816
doordash,2022-12,-0.16189
doordash,2023-01,0.1864
doordash,2023-02,-0.05628
doordash,2023-03,0.16282
doordash,2023-04,-0.03729
doordash,2023-05,0.067
doordash,2023-06,0.17047
doordash,2023-07,0.18804
doordash,2023-08,-0.07336
doordash,2023-09,-0.05539
doordash,2023-10,-0.05688
doordash,2023-11,0.2539
doordash,2023-12,0.05225
doordash,2024-01,0.0537
doordash,2024-02,0.19549
doordash,2024-03,0.10556
doordash,2024-04,-0.06143
doordash,2024-05,-0.14815
doordash,2024-06,-0.01208
doordash,2024-07,0.01783
doordash,2024-08,0.16248
doordash,2024-09,0.10893
doordash,2024-10,0.09788
doordash,2024-11,0.15175
doordash,2024-12,-0.07053
doordash,2025-01,0.12566
doordash,2025-02,0.05089
doordash,2025-03,-0.07897
doordash,2025-04,0.05537
doordash,2025-05,0.0817
doordash,2025-06,0.18145
doordash,2025-07,0.01517
doordash,2025-08,-0.01998
doordash,2025-09,0.10903
doordash,2025-10,-0.06478
doordash,2025-11,-0.22015
doordash,2025-12,0.1417
doordash,2026-01,-0.09652
doordash,2026-02,-0.13757
doordash,2026-03,-0.14915
doordash,2026-04,0.12321
doordash,2026-05,-0.0555
doordash,2026-06,0.15845
doordash,2026-07,0.06302
doordash,2026-08,0.18138
doordash,2026-09,-0.19077
ebay,2016-10,-0.13343
ebay,2016-11,-0.02455
ebay,2016-12,0.0676
ebay,2017-01,0.07208
ebay,2017-02,0.06503
ebay,2017-03,-0.00973
ebay,2017-04,-0.00477
ebay,2017-05,0.02664
ebay,2017-06,0.01808
ebay,2017-07,0.0232
ebay,2017-08,0.0112
ebay,2017-09,0.06449
ebay,2017-10,-0.02132
ebay,2017-11,-0.07891
ebay,2017-12,0.08855
ebay,2018-01,0.07525
ebay,2018-02,0.05619
ebay,2018-03,-0.06113
ebay,2018-04,-0.05865
ebay,2018-05,-0.00422
ebay,2018-06,-0.03871
ebay,2018-07,-0.0775
ebay,2018-08,0.03468
ebay,2018-09,-0.04594
ebay,2018-10,-0.12084
ebay,2018-11,0.02825
ebay,2018-12,-0.05963
ebay,2019-01,0.19879
ebay,2019-02,0.10401
ebay,2019-03,-0.00027
ebay,2019-04,0.04335
ebay,2019-05,-0.07277
ebay,2019-06,0.09936
ebay,2019-07,0.04278
ebay,2019-08,-0.02185
ebay,2019-09,-0.03251
ebay,2019-10,-0.09569
ebay,2019-11,0.00766
ebay,2019-12,0.01661
ebay,2020-01,-0.07062
ebay,2020-02,0.03218
ebay,2020-03,-0.13222
ebay,2020-04,0.32502
ebay,2020-05,0.14336
ebay,2020-06,0.15173
ebay,2020-07,0.05396
ebay,2020-08,-0.00904
ebay,2020-09,-0.04892
ebay,2020-10,-0.0858
ebay,2020-11,0.05879
ebay,2020-12,-0.00357
ebay,2021-01,0.12458
ebay,2021-02,-0.00159
ebay,2021-03,0.08543
ebay,2021-04,-0.08899
ebay,2021-05,0.09123
ebay,2021-06,0.15325
ebay,2021-07,-0.02849
ebay,2021-08,0.12505
ebay,2021-09,-0.09213
ebay,2021-10,0.10119
ebay,2021-11,-0.1207
ebay,2021-12,-0.01423
ebay,2022-01,-0.09669
ebay,2022-02,-0.09123
ebay,2022-03,0.04891
ebay,2022-04,-0.09326
ebay,2022-05,-0.0626
ebay,2022-06,-0.14383
ebay,2022-07,0.16703
ebay,2022-08,-0.09254
ebay,2022-09,-0.16587
ebay,2022-10,0.08231
ebay,2022-11,0.14056
ebay,2022-12,-0.08737
ebay,2023-01,0.19363
ebay,2023-02,-0.07273
ebay,2023-03,-0.03333
ebay,2023-04,0.04643
ebay,2023-05,-0.08378
ebay,2023-06,0.05054
ebay,2023-07,-0.00403
ebay,2023-08,0.00607
ebay,2023-09,-0.01541
ebay,2023-10,-0.11023
ebay,2023-11,0.04537
ebay,2023-12,0.06364
ebay,2024-01,-0.05846
ebay,2024-02,0.15121
ebay,2024-03,0.11633
ebay,2024-04,-0.02349
ebay,2024-05,0.052
ebay,2024-06,-0.00922
ebay,2024-07,0.03518
ebay,2024-08,0.06276
ebay,2024-09,0.10169
ebay,2024-10,-0.11673
ebay,2024-11,0.1005
ebay,2024-12,-0.02117
ebay,2025-01,0.08927
ebay,2025-02,-0.0406
ebay,2025-03,0.04618
ebay,2025-04,0.00635
ebay,2025-05,0.0735
ebay,2025-06,0.01763
ebay,2025-07,0.23221
ebay,2025-08,-0.01243
ebay,2025-09,0.00375
ebay,2025-10,-0.10599
ebay,2025-11,0.0182
ebay,2025-12,0.05206
ebay,2026-01,0.0473
ebay,2026-02,-0.00395
ebay,2026-03,0.00176
ebay,2026-04,0.13689
ebay,2026-05,0.05595
ebay,2026-06,0.0227
ebay,2026-07,0.02022
ebay,2026-08,-0.09166
ebay,2026-09,0.04123
hp,2016-10,-0.06697
hp,2016-11,0.0628
hp,2016-12,-0.03636
hp,2017-01,0.01415
hp,2017-02,0.15415
hp,2017-03,0.02936
hp,2017-04,0.05257
hp,2017-05,-0.00319
hp,2017-06,-0.06823
hp,2017-07,0.09268
hp,2017-08,-0.00105
hp,2017-09,0.04612
hp,2017-10,0.07966
hp,2017-11,-0.00464
hp,2017-12,-0.02051
hp,2018-01,0.10995
hp,2018-02,0.003
hp,2018-03,-0.06285
hp,2018-04,-0.01962
hp,2018-05,0.02513
hp,2018-06,0.02996
hp,2018-07,0.01719
hp,2018-08,0.06802
hp,2018-09,0.04544
hp,2018-10,-0.06325
hp,2018-11,-0.04722
hp,2018-12,-0.11043
hp,2019-01,0.07674
hp,2019-02,-0.1044
hp,2019-03,-0.01521
hp,2019-04,0.02676
hp,2019-05,-0.06366
hp,2019-06,0.11296
hp,2019-07,0.01203
hp,2019-08,-0.1307
hp,2019-09,0.03445
hp,2019-10,-0.08192
hp,2019-11,0.15602
hp,2019-12,0.02341
hp,2020-01,0.03747
hp,2020-02,-0.02486
hp,2020-03,-0.16498
hp,2020-04,-0.10657
hp,2020-05,-0.02386
hp,2020-06,0.15125
hp,2020-07,0.00861
hp,2020-08,0.11206
hp,2020-09,-0.02864
hp,2020-10,-0.05424
hp,2020-11,0.22105
hp,2020-12,0.1213
hp,2021-01,-0.01017
hp,2021-02,0.19022
hp,2021-03,0.09596
hp,2021-04,0.07433
hp,2021-05,-0.14307
hp,2021-06,0.03284
hp,2021-07,-0.04372
hp,2021-08,0.03014
hp,2021-09,-0.08003
hp,2021-10,0.10855
hp,2021-11,0.1632
hp,2021-12,0.06774
hp,2022-01,-0.02495
hp,2022-02,-0.06452
hp,2022-03,0.05646
hp,2022-04,0.00909
hp,2022-05,0.06033
hp,2022-06,-0.15602
hp,2022-07,0.01861
hp,2022-08,-0.14016
hp,2022-09,-0.13201
hp,2022-10,0.10835
hp,2022-11,0.08762
hp,2022-12,-0.10553
hp,2023-01,0.08448
hp,2023-02,0.01304
hp,2023-03,-0.00576
hp,2023-04,0.01227
hp,2023-05,-0.02188
hp,2023-06,0.05678
hp,2023-07,0.06903
hp,2023-08,-0.09504
hp,2023-09,-0.13497
hp,2023-10,0.02451
hp,2023-11,0.11432
hp,2023-12,0.02556
hp,2024-01,-0.04586
hp,2024-02,-0.01324
hp,2024-03,0.06671
hp,2024-04,-0.07048
hp,2024-05,0.29939
hp,2024-06,-0.04055
hp,2024-07,0.03055
hp,2024-08,0.00249
hp,2024-09,-0.00857
hp,2024-10,-0.00976
hp,2024-11,-0.00253
hp,2024-12,-0.07903
hp,2025-01,-0.00398
hp,2025-02,-0.05015
hp,2025-03,-0.10301
hp,2025-04,-0.07656
hp,2025-05,-0.0262
hp,2025-06,-0.01767
hp,2025-07,0.0139
hp,2025-08,0.15081
hp,2025-09,-0.0459
hp,2025-10,0.01616
hp,2025-11,-0.11746
hp,2025-12,-0.08763
hp,2026-01,-0.12747
hp,2026-02,-0.02315
hp,2026-03,0.01159
hp,2026-04,0.08589
hp,2026-05,0.29626
hp,2026-06,-0.18861
hp,2026-07,0.24294
hp,2026-08,0.10084
hp,2026-09,0.03731
ibm,2016-10,-0.03248
ibm,2016-11,0.0555
ibm,2016-12,0.02324
ibm,2017-01,0.05139
ibm,2017-02,0.03037
ibm,2017-03,-0.03159
ibm,2017-04,-0.07953
ibm,2017-05,-0.04779
ibm,2017-06,0.00786
ibm,2017-07,-0.05955
ibm,2017-08,-0.01134
ibm,2017-09,0.01433
ibm,2017-10,0.0619
ibm,2017-11,-0.00058
ibm,2017-12,-0.00357
ibm,2018-01,0.06701
ibm,2018-02,-0.04808
ibm,2018-03,-0.0154
ibm,2018-04,-0.0552
ibm,2018-05,-0.02518
ibm,2018-06,-0.01139
ibm,2018-07,0.03744
ibm,2018-08,0.0107
ibm,2018-09,0.03229
ibm,2018-10,-0.23662
ibm,2018-11,0.07658
ibm,2018-12,-0.0853
ibm,2019-01,0.18255
ibm,2019-02,0.0276
ibm,2019-03,0.0215
ibm,2019-04,-0.00588
ibm,2019-05,-0.09467
ibm,2019-06,0.08591
ibm,2019-07,0.07498
ibm,2019-08,-0.08574
ibm,2019-09,0.07297
ibm,2019-10,-0.08039
ibm,2019-11,0.00538
ibm,2019-12,-0.00305
ibm,2020-01,0.07229
ibm,2020-02,-0.09448
ibm,2020-03,-0.14768
ibm,2020-04,0.13189
ibm,2020-05,-0.00526
ibm,2020-06,-0.03307
ibm,2020-07,0.01797
ibm,2020-08,0.00301
ibm,2020-09,-0.0133
ibm,2020-10,-0.08227
ibm,2020-11,0.10622
ibm,2020-12,0.01911
ibm,2021-01,-0.05378
ibm,2021-02,-0.00151
ibm,2021-03,0.12049
ibm,2021-04,0.06469
ibm,2021-05,0.01311
ibm,2021-06,0.01983
ibm,2021-07,-0.03841
ibm,2021-08,-0.0044
ibm,2021-09,-0.01005
ibm,2021-10,-0.09955
ibm,2021-11,-0.03291
ibm,2021-12,0.14142
ibm,2022-01,-0.00067
ibm,2022-02,-0.0828
ibm,2022-03,0.0613
ibm,2022-04,0.01684
ibm,2022-05,0.05015
ibm,2022-06,0.01693
ibm,2022-07,-0.07366
ibm,2022-08,-0.01789
ibm,2022-09,-0.07505
ibm,2022-10,0.16396
ibm,2022-11,0.07672
ibm,2022-12,-0.05379
ibm,2023-01,-0.04372
ibm,2023-02,-0.0403
ibm,2023-03,0.01384
ibm,2023-04,-0.0357
ibm,2023-05,0.01725
ibm,2023-06,0.04059
ibm,2023-07,0.0775
ibm,2023-08,0.01838
ibm,2023-09,-0.04447
ibm,2023-10,0.03093
ibm,2023-11,0.09624
ibm,2023-12,0.03147
ibm,2024-01,0.12296
ibm,2024-02,0.00746
ibm,2024-03,0.03205
ibm,2024-04,-0.12966
ibm,2024-05,0.00391
ibm,2024-06,0.03656
ibm,2024-07,0.11096
ibm,2024-08,0.05199
ibm,2024-09,0.09375
ibm,2024-10,-0.06495
ibm,2024-11,0.10009
ibm,2024-12,-0.03333
ibm,2025-01,0.16317
ibm,2025-02,-0.01275
ibm,2025-03,-0.01497
ibm,2025-04,-0.02751
ibm,2025-05,0.07129
ibm,2025-06,0.13788
ibm,2025-07,-0.14122
ibm,2025-08,-0.03816
ibm,2025-09,0.15882
ibm,2025-10,0.08949
ibm,2025-11,0.00381
ibm,2025-12,-0.04009
ibm,2026-01,0.03541
ibm,2026-02,-0.21679
ibm,2026-03,0.00908
ibm,2026-04,-0.04707
ibm,2026-05,0.28929
ibm,2026-06,-0.05571
ibm,2026-07,-0.20469
ibm,2026-08,0.0457
ibm,2026-09,-0.02912
intel,2016-10,-0.07629
intel,2016-11,-0.00488
intel,2016-12,0.04524
intel,2017-01,0.01516
intel,2017-02,-0.01684
intel,2017-03,-0.00359
intel,2017-04,0.00222
intel,2017-05,-0.00111
intel,2017-06,-0.06563
intel,2017-07,0.05127
intel,2017-08,-0.01128
intel,2017-09,0.08583
intel,2017-10,0.19459
intel,2017-11,-0.01429
intel,2017-12,0.02944
intel,2018-01,0.04289
intel,2018-02,0.02389
intel,2018-03,0.0566
intel,2018-04,-0.00883
intel,2018-05,0.06935
intel,2018-06,-0.09946
intel,2018-07,-0.03239
intel,2018-08,0.00686
intel,2018-09,-0.02354
intel,2018-10,-0.00867
intel,2018-11,0.05183
intel,2018-12,-0.04827
intel,2019-01,0.00405
intel,2019-02,0.12394
intel,2019-03,0.01397
intel,2019-04,-0.04953
intel,2019-05,-0.13715
intel,2019-06,0.08697
intel,2019-07,0.05598
intel,2019-08,-0.06212
intel,2019-09,0.0869
intel,2019-10,0.09703
intel,2019-11,0.02689
intel,2019-12,0.03101
intel,2020-01,0.06817
intel,2020-02,-0.13155
intel,2020-03,-0.02522
intel,2020-04,0.10828
intel,2020-05,0.04918
intel,2020-06,-0.04926
intel,2020-07,-0.20224
intel,2020-08,0.06746
intel,2020-09,0.01629
intel,2020-10,-0.14484
intel,2020-11,0.09192
intel,2020-12,0.0304
intel,2021-01,0.11421
intel,2021-02,0.09494
intel,2021-03,0.05298
intel,2021-04,-0.10109
intel,2021-05,-0.00713
intel,2021-06,-0.01716
intel,2021-07,-0.04311
intel,2021-08,0.00633
intel,2021-09,-0.01443
intel,2021-10,-0.08033
intel,2021-11,0.00408
intel,2021-12,0.04675
intel,2022-01,-0.05204
intel,2022-02,-0.02294
intel,2022-03,0.03899
intel,2022-04,-0.12046
intel,2022-05,0.01904
intel,2022-06,-0.15781
intel,2022-07,-0.0294
intel,2022-08,-0.1209
intel,2022-09,-0.19267
intel,2022-10,0.10322
intel,2022-11,0.05769
intel,2022-12,-0.12105
intel,2023-01,0.06924
intel,2023-02,-0.11783
intel,2023-03,0.31047
intel,2023-04,-0.04928
intel,2023-05,0.01223
intel,2023-06,0.06361
intel,2023-07,0.06968
intel,2023-08,-0.01761
intel,2023-09,0.01167
intel,2023-10,0.02672
intel,2023-11,0.22466
intel,2023-12,0.12416
intel,2024-01,-0.14269
intel,2024-02,-0.0007
intel,2024-03,0.02602
intel,2024-04,-0.31017
intel,2024-05,0.01247
intel,2024-06,0.00389
intel,2024-07,-0.00743
intel,2024-08,-0.28302
intel,2024-09,0.06443
intel,2024-10,-0.08269
intel,2024-11,0.11757
intel,2024-12,-0.16632
intel,2025-01,-0.03092
intel,2025-02,0.22131
intel,2025-03,-0.04298
intel,2025-04,-0.11493
intel,2025-05,-0.02736
intel,2025-06,0.14578
intel,2025-07,-0.11607
intel,2025-08,0.2298
intel,2025-09,0.37782
intel,2025-10,0.19195
intel,2025-11,0.01425
intel,2025-12,-0.09024
intel,2026-01,0.25935
intel,2026-02,-0.01851
intel,2026-03,-0.03245
intel,2026-04,1.14095
intel,2026-05,0.2138
intel,2026-06,0.21756
intel,2026-07,-0.35401
intel,2026-08,-0.00765
intel,2026-09,0.42319
intuit,2016-10,-0.01154
intuit,2016-11,0.04543
intuit,2016-12,0.00818
intuit,2017-01,0.03464
intuit,2017-02,0.05785
intuit,2017-03,-0.07533
intuit,2017-04,0.07949
intuit,2017-05,0.12323
intuit,2017-06,-0.05567
intuit,2017-07,0.03313
intuit,2017-08,0.0309
intuit,2017-09,0.00488
intuit,2017-10,0.06247
intuit,2017-11,0.04105
intuit,2017-12,0.00356
intuit,2018-01,0.06414
intuit,2018-02,-0.00619
intuit,2018-03,0.03889
intuit,2018-04,0.06599
intuit,2018-05,0.09097
intuit,2018-06,0.01342
intuit,2018-07,-0.00032
intuit,2018-08,0.07457
intuit,2018-09,0.03613
intuit,2018-10,-0.07212
intuit,2018-11,0.01673
intuit,2018-12,-0.08241
intuit,2019-01,0.09637
intuit,2019-02,0.14507
intuit,2019-03,0.05778
intuit,2019-04,-0.03959
intuit,2019-05,-0.02474
intuit,2019-06,0.06731
intuit,2019-07,0.06115
intuit,2019-08,0.03985
intuit,2019-09,-0.07775
intuit,2019-10,-0.03174
intuit,2019-11,0.0054
intuit,2019-12,0.01174
intuit,2020-01,0.07044
intuit,2020-02,-0.05182
intuit,2020-03,-0.13485
intuit,2020-04,0.17309
intuit,2020-05,0.07602
intuit,2020-06,0.02022
intuit,2020-07,0.03437
intuit,2020-08,0.12736
intuit,2020-09,-0.05553
intuit,2020-10,-0.03535
intuit,2020-11,0.11866
intuit,2020-12,0.07906
intuit,2021-01,-0.04902
intuit,2021-02,0.08003
intuit,2021-03,-0.01815
intuit,2021-04,0.07597
intuit,2021-05,0.06534
intuit,2021-06,0.11633
intuit,2021-07,0.0812
intuit,2021-08,0.06819
intuit,2021-09,-0.04699
intuit,2021-10,0.16029
intuit,2021-11,0.04203
intuit,2021-12,-0.01392
intuit,2022-01,-0.1368
intuit,2022-02,-0.14563
intuit,2022-03,0.01364
intuit,2022-04,-0.12913
intuit,2022-05,-0.01024
intuit,2022-06,-0.07002
intuit,2022-07,0.1835
intuit,2022-08,-0.05347
intuit,2022-09,-0.10297
intuit,2022-10,0.10374
intuit,2022-11,-0.04657
intuit,2022-12,-0.04507
intuit,2023-01,0.08594
intuit,2023-02,-0.03665
intuit,2023-03,0.09492
intuit,2023-04,-0.00422
intuit,2023-05,-0.05593
intuit,2023-06,0.09322
intuit,2023-07,0.11679
intuit,2023-08,0.05884
intuit,2023-09,-0.05698
intuit,2023-10,-0.0313
intuit,2023-11,0.15458
intuit,2023-12,0.09374
intuit,2024-01,0.01008
intuit,2024-02,0.04999
intuit,2024-03,-0.01945
intuit,2024-04,-0.03751
intuit,2024-05,-0.07861
intuit,2024-06,0.14012
intuit,2024-07,-0.015
intuit,2024-08,-0.0264
intuit,2024-09,-0.01469
intuit,2024-10,-0.01723
intuit,2024-11,0.0515
intuit,2024-12,-0.02062
intuit,2025-01,-0.04294
intuit,2025-02,0.0205
intuit,2025-03,0.00024
intuit,2025-04,0.02195
intuit,2025-05,0.20081
intuit,2025-06,0.04534
intuit,2025-07,-0.00317
intuit,2025-08,-0.15046
intuit,2025-09,0.02385
intuit,2025-10,-0.02249
intuit,2025-11,-0.05014
intuit,2025-12,0.04469
intuit,2026-01,-0.24682
intuit,2026-02,-0.18017
intuit,2026-03,0.05709
intuit,2026-04,-0.10148
intuit,2026-05,-0.14664
intuit,2026-06,-0.21274
intuit,2026-07,0.211
intuit,2026-08,0.13677
intuit,2026-09,-0.22869
lyft,2019-04,-0.23617
lyft,2019-05,-0.03645
lyft,2019-06,0.1404
lyft,2019-07,-0.07366
lyft,2019-08,-0.1955
lyft,2019-09,-0.16602
lyft,2019-10,0.01469
lyft,2019-11,0.18195
lyft,2019-12,-0.12168
lyft,2020-01,0.10367
lyft,2020-02,-0.19714
lyft,2020-03,-0.29565
lyft,2020-04,0.22272
lyft,2020-05,-0.04782
lyft,2020-06,0.05598
lyft,2020-07,-0.11451
lyft,2020-08,0.01505
lyft,2020-09,-0.07145
lyft,2020-10,-0.17132
lyft,2020-11,0.67192
lyft,2020-12,0.28714
lyft,2021-01,-0.09505
lyft,2021-02,0.25281
lyft,2021-03,0.13429
lyft,2021-04,-0.11903
lyft,2021-05,0.02569
lyft,2021-06,0.05938
lyft,2021-07,-0.08532
lyft,2021-08,-0.13937
lyft,2021-09,0.1256
lyft,2021-10,-0.14406
lyft,2021-11,-0.11467
lyft,2021-12,0.0522
lyft,2022-01,-0.09853
lyft,2022-02,0.0109
lyft,2022-03,-0.01387
lyft,2022-04,-0.15104
lyft,2022-05,-0.45767
lyft,2022-06,-0.24887
lyft,2022-07,0.04367
lyft,2022-08,0.06277
lyft,2022-09,-0.10591
lyft,2022-10,0.11162
lyft,2022-11,-0.23361
lyft,2022-12,-0.01783
lyft,2023-01,0.47459
lyft,2023-02,-0.38462
lyft,2023-03,-0.073
lyft,2023-04,0.10572
lyft,2023-05,-0.12
lyft,2023-06,0.06319
lyft,2023-07,0.32534
lyft,2023-08,-0.07317
lyft,2023-09,-0.10526
lyft,2023-10,-0.12998
lyft,2023-11,0.27917
lyft,2023-12,0.27792
lyft,2024-01,-0.16678
lyft,2024-02,0.27142
lyft,2024-03,0.21851
lyft,2024-04,-0.19173
lyft,2024-05,-0.00192
lyft,2024-06,-0.09673
lyft,2024-07,-0.14539
lyft,2024-08,-0.03154
lyft,2024-09,0.09254
lyft,2024-10,0.01725
lyft,2024-11,0.33847
lyft,2024-12,-0.25691
lyft,2025-01,0.04961
lyft,2025-02,-0.01477
lyft,2025-03,-0.11019
lyft,2025-04,0.04465
lyft,2025-05,0.22903
lyft,2025-06,0.03412
lyft,2025-07,-0.10787
lyft,2025-08,0.15363
lyft,2025-09,0.35697
lyft,2025-10,-0.07042
lyft,2025-11,0.02786
lyft,2025-12,-0.07893
lyft,2026-01,-0.12907
lyft,2026-02,-0.17961
lyft,2026-03,-0.03902
lyft,2026-04,0.06391
lyft,2026-05,-0.00283
lyft,2026-06,0.03544
lyft,2026-07,0.08556
lyft,2026-08,0.06557
lyft,2026-09,-0.12722
meta,2016-10,0.02121
meta,2016-11,-0.09596
meta,2016-12,-0.02846
meta,2017-01,0.13272
meta,2017-02,0.04006
meta,2017-03,0.04803
meta,2017-04,0.05773
meta,2017-05,0.00805
meta,2017-06,-0.00317
meta,2017-07,0.12101
meta,2017-08,0.01607
meta,2017-09,-0.0064
meta,2017-10,0.05378
meta,2017-11,-0.01599
meta,2017-12,-0.00406
meta,2018-01,0.05911
meta,2018-02,-0.04586
meta,2018-03,-0.10391
meta,2018-04,0.07641
meta,2018-05,0.115
meta,2018-06,0.01324
meta,2018-07,-0.11188
meta,2018-08,0.01825
meta,2018-09,-0.06413
meta,2018-10,-0.07704
meta,2018-11,-0.07365
meta,2018-12,-0.0677
meta,2019-01,0.27157
meta,2019-02,-0.03144
meta,2019-03,0.03246
meta,2019-04,0.16024
meta,2019-05,-0.08237
meta,2019-06,0.08751
meta,2019-07,0.00637
meta,2019-08,-0.04407
meta,2019-09,-0.04088
meta,2019-10,0.0762
meta,2019-11,0.05213
meta,2019-12,0.0179
meta,2020-01,-0.01627
meta,2020-02,-0.04675
meta,2020-03,-0.13337
meta,2020-04,0.22728
meta,2020-05,0.09956
meta,2020-06,0.0088
meta,2020-07,0.11714
meta,2020-08,0.15583
meta,2020-09,-0.10675
meta,2020-10,0.00462
meta,2020-11,0.05268
meta,2020-12,-0.01376
meta,2021-01,-0.05429
meta,2021-02,-0.00275
meta,2021-03,0.14327
meta,2021-04,0.10372
meta,2021-05,0.01123
meta,2021-06,0.05774
meta,2021-07,0.0247
meta,2021-08,0.06478
meta,2021-09,-0.10541
meta,2021-10,-0.04661
meta,2021-11,0.00275
meta,2021-12,0.03665
meta,2022-01,-0.06865
meta,2022-02,-0.32634
meta,2022-03,0.05369
meta,2022-04,-0.09844
meta,2022-05,-0.03407
meta,2022-06,-0.16727
meta,2022-07,-0.01333
meta,2022-08,0.02407
meta,2022-09,-0.16725
meta,2022-10,-0.31338
meta,2022-11,0.26771
meta,2022-12,0.01897
meta,2023-01,0.23791
meta,2023-02,0.17433
meta,2023-03,0.2115
meta,2023-04,0.13391
meta,2023-05,0.10153
meta,2023-06,0.08409
meta,2023-07,0.11018
meta,2023-08,-0.07128
meta,2023-09,0.0146
meta,2023-10,0.00353
meta,2023-11,0.0859
meta,2023-12,0.08195
meta,2024-01,0.10221
meta,2024-02,0.25629
meta,2024-03,-0.00928
meta,2024-04,-0.11411
meta,2024-05,0.08522
meta,2024-06,0.08009
meta,2024-07,-0.05829
meta,2024-08,0.09789
meta,2024-09,0.09808
meta,2024-10,-0.00849
meta,2024-11,0.01187
meta,2024-12,0.01948
meta,2025-01,0.17706
meta,2025-02,-0.03044
meta,2025-03,-0.13744
meta,2025-04,-0.04747
meta,2025-05,0.1794
meta,2025-06,0.13992
meta,2025-07,0.04789
meta,2025-08,-0.04492
meta,2025-09,-0.00585
meta,2025-10,-0.11715
meta,2025-11,-0.00062
meta,2025-12,0.01874
meta,2026-01,0.08546
meta,2026-02,-0.09535
meta,2026-03,-0.11733
meta,2026-04,0.06953
meta,2026-05,0.03367
meta,2026-06,-0.10944
meta,2026-07,-0.01168
meta,2026-08,0.02808
meta,2026-09,0.35862
micron,2016-10,-0.03487
micron,2016-11,0.13811
micron,2016-12,0.12238
micron,2017-01,0.09991
micron,2017-02,-0.02779
micron,2017-03,0.23294
micron,2017-04,-0.04256
micron,2017-05,0.11203
micron,2017-06,-0.02957
micron,2017-07,-0.05827
micron,2017-08,0.13691
micron,2017-09,0.23022
micron,2017-10,0.12662
micron,2017-11,-0.04333
micron,2017-12,-0.02996
micron,2018-01,0.06323
micron,2018-02,0.11642
micron,2018-03,0.06822
micron,2018-04,-0.11814
micron,2018-05,0.2525
micron,2018-06,-0.08943
micron,2018-07,0.00667
micron,2018-08,-0.00511
micron,2018-09,-0.1388
micron,2018-10,-0.16604
micron,2018-11,0.02227
micron,2018-12,-0.17713
micron,2019-01,0.20454
micron,2019-02,0.0696
micron,2019-03,0.01101
micron,2019-04,0.01766
micron,2019-05,-0.22468
micron,2019-06,0.18338
micron,2019-07,0.16325
micron,2019-08,0.00847
micron,2019-09,-0.05346
micron,2019-10,0.10968
micron,2019-11,-0.00084
micron,2019-12,0.13197
micron,2020-01,-0.01283
micron,2020-02,-0.00998
micron,2020-03,-0.19977
micron,2020-04,0.13861
micron,2020-05,0.00042
micron,2020-06,0.07535
micron,2020-07,-0.02844
micron,2020-08,-0.0908
micron,2020-09,0.03186
micron,2020-10,0.07198
micron,2020-11,0.27314
micron,2020-12,0.17304
micron,2021-01,0.0411
micron,2021-02,0.16941
micron,2021-03,-0.03627
micron,2021-04,-0.02426
micron,2021-05,-0.02242
micron,2021-06,0.00998
micron,2021-07,-0.08708
micron,2021-08,-0.05001
micron,2021-09,-0.03691
micron,2021-10,-0.02649
micron,2021-11,0.21563
micron,2021-12,0.10893
micron,2022-01,-0.1168
micron,2022-02,0.0801
micron,2022-03,-0.12345
micron,2022-04,-0.12453
micron,2022-05,0.08286
micron,2022-06,-0.25135
micron,2022-07,0.11903
micron,2022-08,-0.08616
micron,2022-09,-0.11374
micron,2022-10,0.07984
micron,2022-11,0.06562
micron,2022-12,-0.13304
micron,2023-01,0.20648
micron,2023-02,-0.04113
micron,2023-03,0.04358
micron,2023-04,0.06662
micron,2023-05,0.05966
micron,2023-06,-0.07463
micron,2023-07,0.1312
micron,2023-08,-0.02031
micron,2023-09,-0.02731
micron,2023-10,-0.01705
micron,2023-11,0.13833
micron,2023-12,0.12112
micron,2024-01,0.0048
micron,2024-02,0.05668
micron,2024-03,0.30107
micron,2024-04,-0.04182
micron,2024-05,0.10659
micron,2024-06,0.05224
micron,2024-07,-0.16506
micron,2024-08,-0.12366
micron,2024-09,0.07762
micron,2024-10,-0.03915
micron,2024-11,-0.01706
micron,2024-12,-0.14079
micron,2025-01,0.08413
micron,2025-02,0.02619
micron,2025-03,-0.07199
micron,2025-04,-0.1144
micron,2025-05,0.22755
micron,2025-06,0.30479
micron,2025-07,-0.11448
micron,2025-08,0.09043
micron,2025-09,0.40593
micron,2025-10,0.33738
micron,2025-11,0.0568
micron,2025-12,0.20691
micron,2026-01,0.45363
micron,2026-02,-0.00605
micron,2026-03,-0.18074
micron,2026-04,0.53078
micron,2026-05,0.87756
micron,2026-06,0.18876
micron,2026-07,-0.28698
micron,2026-08,0.16488
micron,2026-09,0.12704
microsoft,2016-10,0.04028
microsoft,2016-11,0.00567
microsoft,2016-12,0.0312
microsoft,2017-01,0.04039
microsoft,2017-02,-0.01036
microsoft,2017-03,0.02938
microsoft,2017-04,0.03948
microsoft,2017-05,0.02016
microsoft,2017-06,-0.01303
microsoft,2017-07,0.05469
microsoft,2017-08,0.02847
microsoft,2017-09,-0.00374
microsoft,2017-10,0.11666
microsoft,2017-11,0.0119
microsoft,2017-12,0.01628
microsoft,2018-01,0.11071
microsoft,2018-02,-0.01305
microsoft,2018-03,-0.02666
microsoft,2018-04,0.02465
microsoft,2018-05,0.05689
microsoft,2018-06,-0.00233
microsoft,2018-07,0.07575
microsoft,2018-08,0.05892
microsoft,2018-09,0.01816
microsoft,2018-10,-0.0661
microsoft,2018-11,0.0382
microsoft,2018-12,-0.08405
microsoft,2019-01,0.02816
microsoft,2019-02,0.07278
microsoft,2019-03,0.05275
microsoft,2019-04,0.10734
microsoft,2019-05,-0.05299
microsoft,2019-06,0.08312
microsoft,2019-07,0.01724
microsoft,2019-08,0.01167
microsoft,2019-09,0.00849
microsoft,2019-10,0.03122
microsoft,2019-11,0.05587
microsoft,2019-12,0.04175
microsoft,2020-01,0.07945
microsoft,2020-02,-0.04829
microsoft,2020-03,-0.02654
microsoft,2020-04,0.13633
microsoft,2020-05,0.02254
microsoft,2020-06,0.11056
microsoft,2020-07,0.00737
microsoft,2020-08,0.10009
microsoft,2020-09,-0.0674
microsoft,2020-10,-0.03737
microsoft,2020-11,0.05729
microsoft,2020-12,0.03901
microsoft,2021-01,0.04289
microsoft,2021-02,0.00181
microsoft,2021-03,0.01459
microsoft,2021-04,0.0696
microsoft,2021-05,-0.00991
microsoft,2021-06,0.08499
microsoft,2021-07,0.05172
microsoft,2021-08,0.05956
microsoft,2021-09,-0.06612
microsoft,2021-10,0.17629
microsoft,2021-11,-0.00311
microsoft,2021-12,0.01733
microsoft,2022-01,-0.07534
microsoft,2022-02,-0.0392
microsoft,2022-03,0.03186
microsoft,2022-04,-0.09987
microsoft,2022-05,-0.02036
microsoft,2022-06,-0.05532
microsoft,2022-07,0.0931
microsoft,2022-08,-0.06864
microsoft,2022-09,-0.10927
microsoft,2022-10,-0.00331
microsoft,2022-11,0.09913
microsoft,2022-12,-0.06005
microsoft,2023-01,0.03332
microsoft,2023-02,0.0065
microsoft,2023-03,0.15588
microsoft,2023-04,0.06576
microsoft,2023-05,0.06877
microsoft,2023-06,0.037
microsoft,2023-07,-0.01357
microsoft,2023-08,-0.02429
microsoft,2023-09,-0.03664
microsoft,2023-10,0.07082
microsoft,2023-11,0.12067
microsoft,2023-12,-0.00757
microsoft,2024-01,0.05728
microsoft,2024-02,0.04039
microsoft,2024-03,0.01712
microsoft,2024-04,-0.07461
microsoft,2024-05,0.06627
microsoft,2024-06,0.07665
microsoft,2024-07,-0.06399
microsoft,2024-08,-0.00289
microsoft,2024-09,0.03155
microsoft,2024-10,-0.05566
microsoft,2024-11,0.04211
microsoft,2024-12,-0.00463
microsoft,2025-01,-0.01528
microsoft,2025-02,-0.04354
microsoft,2025-03,-0.05441
microsoft,2025-04,0.05293
microsoft,2025-05,0.1647
microsoft,2025-06,0.08048
microsoft,2025-07,0.07256
microsoft,2025-08,-0.05025
microsoft,2025-09,0.02222
microsoft,2025-10,-0.00027
microsoft,2025-11,-0.04983
microsoft,2025-12,-0.01705
microsoft,2026-01,-0.11027
microsoft,2026-02,-0.08727
microsoft,2026-03,-0.05747
microsoft,2026-04,0.1016
microsoft,2026-05,0.10412
microsoft,2026-06,-0.17151
microsoft,2026-07,0.24583
microsoft,2026-08,0.0916
microsoft,2026-09,-0.01845
mongodb,2017-11,-0.06398
mongodb,2017-12,0.04031
mongodb,2018-01,-0.08659
mongodb,2018-02,0.18812
mongodb,2018-03,0.34741
mongodb,2018-04,-0.17074
mongodb,2018-05,0.30953
mongodb,2018-06,0.05304
mongodb,2018-07,0.09027
mongodb,2018-08,0.32988
mongodb,2018-09,0.13327
mongodb,2018-10,-0.00061
mongodb,2018-11,0.01718
mongodb,2018-12,0.01013
mongodb,2019-01,0.10294
mongodb,2019-02,0.09961
mongodb,2019-03,0.44762
mongodb,2019-04,-0.04149
mongodb,2019-05,-0.00412
mongodb,2019-06,0.08373
mongodb,2019-07,-0.05832
mongodb,2019-08,0.06347
mongodb,2019-09,-0.20898
mongodb,2019-10,0.06051
mongodb,2019-11,0.16381
mongodb,2019-12,-0.11493
mongodb,2020-01,0.24542
mongodb,2020-02,-0.06961
mongodb,2020-03,-0.10466
mongodb,2020-04,0.18742
mongodb,2020-05,0.43163
mongodb,2020-06,-0.02486
mongodb,2020-07,0.01211
mongodb,2020-08,0.0206
mongodb,2020-09,-0.00979
mongodb,2020-10,-0.01313
mongodb,2020-11,0.25754
mongodb,2020-12,0.24966
mongodb,2021-01,0.02944
mongodb,2021-02,0.04415
mongodb,2021-03,-0.30705
mongodb,2021-04,0.11229
mongodb,2021-05,-0.01856
mongodb,2021-06,0.23834
mongodb,2021-07,-0.00719
mongodb,2021-08,0.09169
mongodb,2021-09,0.20335
mongodb,2021-10,0.10558
mongodb,2021-11,-0.04449
mongodb,2021-12,0.06274
mongodb,2022-01,-0.2347
mongodb,2022-02,-0.05707
mongodb,2022-03,0.16126
mongodb,2022-04,-0.19987
mongodb,2022-05,-0.33184
mongodb,2022-06,0.09424
mongodb,2022-07,0.20412
mongodb,2022-08,0.03325
mongodb,2022-09,-0.385
mongodb,2022-10,-0.07821
mongodb,2022-11,-0.16577
mongodb,2022-12,0.28915
mongodb,2023-01,0.08824
mongodb,2023-02,-0.02189
mongodb,2023-03,0.11264
mongodb,2023-04,0.02934
mongodb,2023-05,0.22433
mongodb,2023-06,0.39892
mongodb,2023-07,0.0302
mongodb,2023-08,-0.09943
mongodb,2023-09,-0.09295
mongodb,2023-10,-0.00367
mongodb,2023-11,0.20648
mongodb,2023-12,-0.01657
mongodb,2024-01,-0.02037
mongodb,2024-02,0.1175
mongodb,2024-03,-0.19871
mongodb,2024-04,0.01824
mongodb,2024-05,-0.35358
mongodb,2024-06,0.05888
mongodb,2024-07,0.0096
mongodb,2024-08,0.15228
mongodb,2024-09,-0.07029
mongodb,2024-10,0.00018
mongodb,2024-11,0.19264
mongodb,2024-12,-0.27809
mongodb,2025-01,0.174
mongodb,2025-02,-0.02155
mongodb,2025-03,-0.34413
mongodb,2025-04,-0.01842
mongodb,2025-05,0.09676
mongodb,2025-06,0.11206
mongodb,2025-07,0.13286
mongodb,2025-08,0.32671
mongodb,2025-09,-0.01657
mongodb,2025-10,0.15929
mongodb,2025-11,-0.07629
mongodb,2025-12,0.26272
mongodb,2026-01,-0.11523
mongodb,2026-02,-0.11542
mongodb,2026-03,-0.25482
mongodb,2026-04,0.02476
mongodb,2026-05,0.33776
mongodb,2026-06,0.00104
mongodb,2026-07,0.0047
mongodb,2026-08,0.3434
mongodb,2026-09,-0.07052
netflix,2016-10,0.26707
netflix,2016-11,-0.06303
netflix,2016-12,0.05812
netflix,2017-01,0.13659
netflix,2017-02,0.01009
netflix,2017-03,0.03996
netflix,2017-04,0.0297
netflix,2017-05,0.07142
netflix,2017-06,-0.08377
netflix,2017-07,0.21585
netflix,2017-08,-0.03826
netflix,2017-09,0.03801
netflix,2017-10,0.08315
netflix,2017-11,-0.04505
netflix,2017-12,0.02335
netflix,2018-01,0.40811
netflix,2018-02,0.07799
netflix,2018-03,0.01362
netflix,2018-04,0.05793
netflix,2018-05,0.12526
netflix,2018-06,0.11328
netflix,2018-07,-0.1379
netflix,2018-08,0.08958
netflix,2018-09,0.01754
netflix,2018-10,-0.19338
netflix,2018-11,-0.05186
netflix,2018-12,-0.06455
netflix,2019-01,0.2684
netflix,2019-02,0.05479
netflix,2019-03,-0.0043
netflix,2019-04,0.03921
netflix,2019-05,-0.07357
netflix,2019-06,0.07003
netflix,2019-07,-0.12068
netflix,2019-08,-0.09053
netflix,2019-09,-0.08895
netflix,2019-10,0.07395
netflix,2019-11,0.09481
netflix,2019-12,0.02832
netflix,2020-01,0.06651
netflix,2020-02,0.06937
netflix,2020-03,0.01753
netflix,2020-04,0.11811
netflix,2020-05,-0.00029
netflix,2020-06,0.08413
netflix,2020-07,0.07437
netflix,2020-08,0.08321
netflix,2020-09,-0.05576
netflix,2020-10,-0.04858
netflix,2020-11,0.03145
netflix,2020-12,0.10196
netflix,2021-01,-0.01542
netflix,2021-02,0.01213
netflix,2021-03,-0.0319
netflix,2021-04,-0.0157
netflix,2021-05,-0.02076
netflix,2021-06,0.05052
netflix,2021-07,-0.02014
netflix,2021-08,0.09974
netflix,2021-09,0.0723
netflix,2021-10,0.13103
netflix,2021-11,-0.07013
netflix,2021-12,-0.06147
netflix,2022-01,-0.29098
netflix,2022-02,-0.07637
netflix,2022-03,-0.05052
netflix,2022-04,-0.49182
netflix,2022-05,0.03719
netflix,2022-06,-0.11431
netflix,2022-07,0.2861
netflix,2022-08,-0.00596
netflix,2022-09,0.05314
netflix,2022-10,0.23972
netflix,2022-11,0.04677
netflix,2022-12,-0.03486
netflix,2023-01,0.20001
netflix,2023-02,-0.08967
netflix,2023-03,0.07249
netflix,2023-04,-0.04501
netflix,2023-05,0.19792
netflix,2023-06,0.11452
netflix,2023-07,-0.00345
netflix,2023-08,-0.01205
netflix,2023-09,-0.12931
netflix,2023-10,0.09028
netflix,2023-11,0.15128
netflix,2023-12,0.02724
netflix,2024-01,0.15862
netflix,2024-02,0.0688
netflix,2024-03,0.00731
netflix,2024-04,-0.09334
netflix,2024-05,0.16523
netflix,2024-06,0.05184
netflix,2024-07,-0.06895
netflix,2024-08,0.11618
netflix,2024-09,0.01129
netflix,2024-10,0.06593
netflix,2024-11,0.17298
netflix,2024-12,0.00509
netflix,2025-01,0.09586
netflix,2025-02,0.00389
netflix,2025-03,-0.04898
netflix,2025-04,0.2136
netflix,2025-05,0.06672
netflix,2025-06,0.10926
netflix,2025-07,-0.13421
netflix,2025-08,0.04213
netflix,2025-09,-0.00772
netflix,2025-10,-0.06678
netflix,2025-11,-0.03849
netflix,2025-12,-0.12846
netflix,2026-01,-0.10953
netflix,2026-02,0.15271
netflix,2026-03,-0.00094
netflix,2026-04,-0.02642
netflix,2026-05,-0.08108
netflix,2026-06,-0.16996
netflix,2026-07,0.00434
netflix,2026-08,0.13025
netflix,2026-09,-0.11511
nvidia,2016-10,0.03853
nvidia,2016-11,0.29567
nvidia,2016-12,0.1577
nvidia,2017-01,0.02286
nvidia,2017-02,-0.07053
nvidia,2017-03,0.07343
nvidia,2017-04,-0.04252
nvidia,2017-05,0.38401
nvidia,2017-06,0.00144
nvidia,2017-07,0.12418
nvidia,2017-08,0.04263
nvidia,2017-09,0.05508
nvidia,2017-10,0.15685
nvidia,2017-11,-0.0295
nvidia,2017-12,-0.03593
nvidia,2018-01,0.27028
nvidia,2018-02,-0.01546
nvidia,2018-03,-0.04301
nvidia,2018-04,-0.0289
nvidia,2018-05,0.12135
nvidia,2018-06,-0.06064
nvidia,2018-07,0.0336
nvidia,2018-08,0.14629
nvidia,2018-09,0.00121
nvidia,2018-10,-0.24976
nvidia,2018-11,-0.22482
nvidia,2018-12,-0.18315
nvidia,2019-01,0.07679
nvidia,2019-02,0.0731
nvidia,2019-03,0.16401
nvidia,2019-04,0.00802
nvidia,2019-05,-0.2516
nvidia,2019-06,0.21237
nvidia,2019-07,0.02735
nvidia,2019-08,-0.00716
nvidia,2019-09,0.03916
nvidia,2019-10,0.15481
nvidia,2019-11,0.0782
nvidia,2019-12,0.08563
nvidia,2020-01,0.00481
nvidia,2020-02,0.14228
nvidia,2020-03,-0.02396
nvidia,2020-04,0.1088
nvidia,2020-05,0.21466
nvidia,2020-06,0.07011
nvidia,2020-07,0.11761
nvidia,2020-08,0.25999
nvidia,2020-09,0.01166
nvidia,2020-10,-0.07365
nvidia,2020-11,0.06921
nvidia,2020-12,-0.02586
nvidia,2021-01,-0.00499
nvidia,2021-02,0.05579
nvidia,2021-03,-0.0267
nvidia,2021-04,0.12445
nvidia,2021-05,0.08228
nvidia,2021-06,0.23134
nvidia,2021-07,-0.02517
nvidia,2021-08,0.14801
nvidia,2021-09,-0.07456
nvidia,2021-10,0.23417
nvidia,2021-11,0.27805
nvidia,2021-12,-0.09992
nvidia,2022-01,-0.16745
nvidia,2022-02,-0.00412
nvidia,2022-03,0.11897
nvidia,2022-04,-0.32027
nvidia,2022-05,0.00674
nvidia,2022-06,-0.18814
nvidia,2022-07,0.19817
nvidia,2022-08,-0.16897
nvidia,2022-09,-0.19577
nvidia,2022-10,0.11187
nvidia,2022-11,0.25383
nvidia,2022-12,-0.13644
nvidia,2023-01,0.33687
nvidia,2023-02,0.18831
nvidia,2023-03,0.19646
nvidia,2023-04,-0.00101
nvidia,2023-05,0.36344
nvidia,2023-06,0.11809
nvidia,2023-07,0.10465
nvidia,2023-08,0.0562
nvidia,2023-09,-0.11865
nvidia,2023-10,-0.06251
nvidia,2023-11,0.14689
nvidia,2023-12,0.05884
nvidia,2024-01,0.24242
nvidia,2024-02,0.28581
nvidia,2024-03,0.14213
nvidia,2024-04,-0.04376
nvidia,2024-05,0.26887
nvidia,2024-06,0.12685
nvidia,2024-07,-0.05278
nvidia,2024-08,0.02008
nvidia,2024-09,0.01734
nvidia,2024-10,0.09321
nvidia,2024-11,0.04135
nvidia,2024-12,-0.02864
nvidia,2025-01,-0.10589
nvidia,2025-02,0.04039
nvidia,2025-03,-0.1324
nvidia,2025-04,0.00498
nvidia,2025-05,0.24064
nvidia,2025-06,0.16917
nvidia,2025-07,0.12583
nvidia,2025-08,-0.02075
nvidia,2025-09,0.07119
nvidia,2025-10,0.08527
nvidia,2025-11,-0.12588
nvidia,2025-12,0.05367
nvidia,2026-01,0.02483
nvidia,2026-02,-0.07293
nvidia,2026-03,-0.01575
nvidia,2026-04,0.14432
nvidia,2026-05,0.05797
nvidia,2026-06,-0.05233
nvidia,2026-07,0.0033
nvidia,2026-08,0.09978
nvidia,2026-09,0.01721
okta,2017-05,0.00192
okta,2017-06,-0.12644
okta,2017-07,-0.03728
okta,2017-08,0.22961
okta,2017-09,0.0452
okta,2017-10,0.02517
okta,2017-11,0.01003
okta,2017-12,-0.12325
okta,2018-01,0.14994
okta,2018-02,0.31036
okta,2018-03,0.03265
okta,2018-04,0.07428
okta,2018-05,0.31301
okta,2018-06,-0.1039
okta,2018-07,-0.01429
okta,2018-08,0.24532
okta,2018-09,0.13796
okta,2018-10,-0.17055
okta,2018-11,0.09064
okta,2018-12,0.00236
okta,2019-01,0.29201
okta,2019-02,0.02972
okta,2019-03,-0.02533
okta,2019-04,0.25746
okta,2019-05,0.08834
okta,2019-06,0.09089
okta,2019-07,0.05927
okta,2019-08,-0.0331
okta,2019-09,-0.22166
okta,2019-10,0.10776
okta,2019-11,0.18988
okta,2019-12,-0.11103
okta,2020-01,0.10991
okta,2020-02,8e-05
okta,2020-03,-0.04529
okta,2020-04,0.23753
okta,2020-05,0.29266
okta,2020-06,0.02378
okta,2020-07,0.10363
okta,2020-08,-0.02539
okta,2020-09,-0.00706
okta,2020-10,-0.0188
okta,2020-11,0.1678
okta,2020-12,0.03763
okta,2021-01,0.01868
okta,2021-02,0.00942
okta,2021-03,-0.15689
okta,2021-04,0.22352
okta,2021-05,-0.17523
okta,2021-06,0.09998
okta,2021-07,0.01271
okta,2021-08,0.0638
okta,2021-09,-0.09962
okta,2021-10,0.04146
okta,2021-11,-0.12926
okta,2021-12,0.04154
okta,2022-01,-0.11723
okta,2022-02,-0.07605
okta,2022-03,-0.17436
okta,2022-04,-0.20966
okta,2022-05,-0.30391
okta,2022-06,0.0885
okta,2022-07,0.08905
okta,2022-08,-0.07161
okta,2022-09,-0.37779
okta,2022-10,-0.01319
okta,2022-11,-0.04989
okta,2022-12,0.28151
okta,2023-01,0.07727
okta,2023-02,-0.03152
okta,2023-03,0.20971
okta,2023-04,-0.20536
okta,2023-05,0.32643
okta,2023-06,-0.23707
okta,2023-07,0.10829
okta,2023-08,0.08652
okta,2023-09,-0.02395
okta,2023-10,-0.17298
okta,2023-11,-0.00534
okta,2023-12,0.35019
okta,2024-01,-0.08704
okta,2024-02,0.29825
okta,2024-03,-0.02498
okta,2024-04,-0.11126
okta,2024-05,-0.04625
okta,2024-06,0.05559
okta,2024-07,0.00353
okta,2024-08,-0.16191
okta,2024-09,-0.05576
okta,2024-10,-0.03296
okta,2024-11,0.07887
okta,2024-12,0.01599
okta,2025-01,0.19569
okta,2025-02,-0.03959
okta,2025-03,0.16278
okta,2025-04,0.06596
okta,2025-05,-0.08015
okta,2025-06,-0.03102
okta,2025-07,-0.02171
okta,2025-08,-0.05143
okta,2025-09,-0.01153
okta,2025-10,-0.00185
okta,2025-11,-0.12236
okta,2025-12,0.07643
okta,2026-01,-0.02301
okta,2026-02,-0.14181
okta,2026-03,0.08566
okta,2026-04,-0.06429
okta,2026-05,0.67373
okta,2026-06,0.10692
okta,2026-07,0.04016
okta,2026-08,0.21919
okta,2026-09,0.19417
oracle,2016-10,-0.02189
oracle,2016-11,0.04607
oracle,2016-12,-0.04329
oracle,2017-01,0.04317
oracle,2017-02,0.06183
oracle,2017-03,0.04743
oracle,2017-04,0.00785
oracle,2017-05,0.00956
oracle,2017-06,0.10465
oracle,2017-07,-0.00419
oracle,2017-08,0.00801
oracle,2017-09,-0.03934
oracle,2017-10,0.05274
oracle,2017-11,-0.03615
oracle,2017-12,-0.03628
oracle,2018-01,0.09116
oracle,2018-02,-0.01783
oracle,2018-03,-0.0971
oracle,2018-04,-0.00175
oracle,2018-05,0.02299
oracle,2018-06,-0.05693
oracle,2018-07,0.08216
oracle,2018-08,0.01888
oracle,2018-09,0.06134
oracle,2018-10,-0.05275
oracle,2018-11,-0.00164
oracle,2018-12,-0.07404
oracle,2019-01,0.11251
oracle,2019-02,0.03783
oracle,2019-03,0.03031
oracle,2019-04,0.03016
oracle,2019-05,-0.08549
oracle,2019-06,0.12589
oracle,2019-07,-0.01176
oracle,2019-08,-0.07531
oracle,2019-09,0.05705
oracle,2019-10,-0.00981
oracle,2019-11,0.03028
oracle,2019-12,-0.05629
oracle,2020-01,-0.01
oracle,2020-02,-0.05701
oracle,2020-03,-0.02285
oracle,2020-04,0.09601
oracle,2020-05,0.0151
oracle,2020-06,0.0279
oracle,2020-07,0.00326
oracle,2020-08,0.03192
oracle,2020-09,0.04334
oracle,2020-10,-0.06013
oracle,2020-11,0.02869
oracle,2020-12,0.12076
oracle,2021-01,-0.06585
oracle,2021-02,0.06752
oracle,2021-03,0.08774
oracle,2021-04,0.08009
oracle,2021-05,0.03892
oracle,2021-06,-0.01143
oracle,2021-07,0.11948
oracle,2021-08,0.02284
oracle,2021-09,-0.02244
oracle,2021-10,0.10111
oracle,2021-11,-0.0542
oracle,2021-12,-0.0389
oracle,2022-01,-0.06937
oracle,2022-02,-0.06395
oracle,2022-03,0.08898
oracle,2022-04,-0.11278
oracle,2022-05,-0.02016
oracle,2022-06,-0.0285
oracle,2022-07,0.11407
oracle,2022-08,-0.0474
oracle,2022-09,-0.1764
oracle,2022-10,0.27837
oracle,2022-11,0.06353
oracle,2022-12,-0.01554
oracle,2023-01,0.08221
oracle,2023-02,-0.01198
oracle,2023-03,0.06316
oracle,2023-04,0.01937
oracle,2023-05,0.11845
oracle,2023-06,0.12413
oracle,2023-07,-0.01562
oracle,2023-08,0.02696
oracle,2023-09,-0.12019
oracle,2023-10,-0.02379
oracle,2023-11,0.12389
oracle,2023-12,-0.09276
oracle,2024-01,0.05947
oracle,2024-02,-0.00018
oracle,2024-03,0.12473
oracle,2024-04,-0.09442
oracle,2024-05,0.03024
oracle,2024-06,0.20488
oracle,2024-07,-0.01239
oracle,2024-08,0.01319
oracle,2024-09,0.20603
oracle,2024-10,-0.01502
oracle,2024-11,0.10129
oracle,2024-12,-0.09846
oracle,2025-01,0.02052
oracle,2025-02,-0.02352
oracle,2025-03,-0.15808
oracle,2025-04,0.00651
oracle,2025-05,0.17631
oracle,2025-06,0.32079
oracle,2025-07,0.16073
oracle,2025-08,-0.10892
oracle,2025-09,0.24371
oracle,2025-10,-0.06624
oracle,2025-11,-0.23099
oracle,2025-12,-0.03486
oracle,2026-01,-0.15561
oracle,2026-02,-0.11654
oracle,2026-03,0.01176
oracle,2026-04,0.09707
oracle,2026-05,0.39897
oracle,2026-06,-0.35092
oracle,2026-07,-0.11382
oracle,2026-08,0.14823
oracle,2026-09,-0.06424
palantir,2020-10,0.06632
palantir,2020-11,1.67621
palantir,2020-12,-0.13132
palantir,2021-01,0.49384
palantir,2021-02,-0.32064
palantir,2021-03,-0.02552
palantir,2021-04,-0.01073
palantir,2021-05,-0.00391
palantir,2021-06,0.14858
palantir,2021-07,-0.1764
palantir,2021-08,0.21327
palantir,2021-09,-0.08732
palantir,2021-10,0.07654
palantir,2021-11,-0.20209
palantir,2021-12,-0.11816
palantir,2022-01,-0.24712
palantir,2022-02,-0.13567
palantir,2022-03,0.15865
palantir,2022-04,-0.24253
palantir,2022-05,-0.16538
palantir,2022-06,0.04493
palantir,2022-07,0.14112
palantir,2022-08,-0.25411
palantir,2022-09,0.05311
palantir,2022-10,0.08118
palantir,2022-11,-0.14676
palantir,2022-12,-0.144
palantir,2023-01,0.21184
palantir,2023-02,0.00771
palantir,2023-03,0.07781
palantir,2023-04,-0.08284
palantir,2023-05,0.89806
palantir,2023-06,0.04215
palantir,2023-07,0.29419
palantir,2023-08,-0.24496
palantir,2023-09,0.06809
palantir,2023-10,-0.075
palantir,2023-11,0.35473
palantir,2023-12,-0.14364
palantir,2024-01,-0.0629
palantir,2024-02,0.55873
palantir,2024-03,-0.08254
palantir,2024-04,-0.0452
palantir,2024-05,-0.0132
palantir,2024-06,0.16836
palantir,2024-07,0.06159
palantir,2024-08,0.1707
palantir,2024-09,0.1817
palantir,2024-10,0.1172
palantir,2024-11,0.61405
palantir,2024-12,0.12746
palantir,2025-01,0.0907
palantir,2025-02,0.02946
palantir,2025-03,-0.00612
palantir,2025-04,0.40332
palantir,2025-05,0.11263
palantir,2025-06,0.03445
palantir,2025-07,0.16161
palantir,2025-08,-0.01036
palantir,2025-09,0.16406
palantir,2025-10,0.09895
palantir,2025-11,-0.15972
palantir,2025-12,0.05521
palantir,2026-01,-0.1753
palantir,2026-02,-0.06412
palantir,2026-03,0.06626
palantir,2026-04,-0.04902
palantir,2026-05,0.1253
palantir,2026-06,-0.2547
palantir,2026-07,0.05477
palantir,2026-08,0.51455
palantir,2026-09,0.03332
paypal,2016-10,0.01684
paypal,2016-11,-0.05713
paypal,2016-12,0.00484
paypal,2017-01,0.00785
paypal,2017-02,0.05581
paypal,2017-03,0.02429
paypal,2017-04,0.10925
paypal,2017-05,0.09409
paypal,2017-06,0.02796
paypal,2017-07,0.09093
paypal,2017-08,0.05346
paypal,2017-09,0.0381
paypal,2017-10,0.13322
paypal,2017-11,0.04369
paypal,2017-12,-0.02786
paypal,2018-01,0.15892
paypal,2018-02,-0.06927
paypal,2018-03,-0.04458
paypal,2018-04,-0.01661
paypal,2018-05,0.09999
paypal,2018-06,0.01462
paypal,2018-07,-0.01357
paypal,2018-08,0.12406
paypal,2018-09,-0.04863
paypal,2018-10,-0.04155
paypal,2018-11,0.01924
paypal,2018-12,-0.02004
paypal,2019-01,0.05554
paypal,2019-02,0.10489
paypal,2019-03,0.05884
paypal,2019-04,0.086
paypal,2019-05,-0.02678
paypal,2019-06,0.04292
paypal,2019-07,-0.03547
paypal,2019-08,-0.01223
paypal,2019-09,-0.05007
paypal,2019-10,0.00492
paypal,2019-11,0.03756
paypal,2019-12,0.00148
paypal,2020-01,0.05288
paypal,2020-02,-0.0518
paypal,2020-03,-0.11344
paypal,2020-04,0.28473
paypal,2020-05,0.26024
paypal,2020-06,0.12399
paypal,2020-07,0.12535
paypal,2020-08,0.04116
paypal,2020-09,-0.03483
paypal,2020-10,-0.05532
paypal,2020-11,0.15038
paypal,2020-12,0.09378
paypal,2021-01,0.00047
paypal,2021-02,0.109
paypal,2021-03,-0.06546
paypal,2021-04,0.08009
paypal,2021-05,-0.00865
paypal,2021-06,0.12099
paypal,2021-07,-0.05472
paypal,2021-08,0.04765
paypal,2021-09,-0.09856
paypal,2021-10,-0.10615
paypal,2021-11,-0.20508
paypal,2021-12,0.01996
paypal,2022-01,-0.08824
paypal,2022-02,-0.34902
paypal,2022-03,0.03324
paypal,2022-04,-0.23969
paypal,2022-05,-0.03093
paypal,2022-06,-0.18038
paypal,2022-07,0.23897
paypal,2022-08,0.07986
paypal,2022-09,-0.07887
paypal,2022-10,-0.02893
paypal,2022-11,-0.06186
paypal,2022-12,-0.0917
paypal,2023-01,0.1442
paypal,2023-02,-0.09682
paypal,2023-03,0.03179
paypal,2023-04,0.00079
paypal,2023-05,-0.18434
paypal,2023-06,0.07646
paypal,2023-07,0.13622
paypal,2023-08,-0.17555
paypal,2023-09,-0.06479
paypal,2023-10,-0.11392
paypal,2023-11,0.11216
paypal,2023-12,0.06596
paypal,2024-01,-0.00098
paypal,2024-02,-0.01646
paypal,2024-03,0.11021
paypal,2024-04,0.01388
paypal,2024-05,-0.07259
paypal,2024-06,-0.07874
paypal,2024-07,0.13355
paypal,2024-08,0.10109
paypal,2024-09,0.07732
paypal,2024-10,0.01628
paypal,2024-11,0.0942
paypal,2024-12,-0.01637
paypal,2025-01,0.03784
paypal,2025-02,-0.1979
paypal,2025-03,-0.08163
paypal,2025-04,0.00904
paypal,2025-05,0.06744
paypal,2025-06,0.05748
paypal,2025-07,-0.07481
paypal,2025-08,0.0208
paypal,2025-09,-0.04459
paypal,2025-10,0.03296
paypal,2025-11,-0.09499
paypal,2025-12,-0.06875
paypal,2026-01,-0.09746
paypal,2026-02,-0.12298
paypal,2026-03,-0.02121
paypal,2026-04,0.10856
paypal,2026-05,-0.1075
paypal,2026-06,-0.03508
paypal,2026-07,0.32492
paypal,2026-08,-0.07944
paypal,2026-09,-0.00123
pinterest,2019-05,-0.19561
pinterest,2019-06,0.0923
pinterest,2019-07,0.06503
pinterest,2019-08,0.18731
pinterest,2019-09,-0.23155
pinterest,2019-10,-0.04953
pinterest,2019-11,-0.22514
pinterest,2019-12,-0.04312
pinterest,2020-01,0.18187
pinterest,2020-02,-0.11484
pinterest,2020-03,-0.20821
pinterest,2020-04,0.33808
pinterest,2020-05,-0.01791
pinterest,2020-06,0.09266
pinterest,2020-07,0.54668
pinterest,2020-08,0.07291
pinterest,2020-09,0.1283
pinterest,2020-10,0.42014
pinterest,2020-11,0.18779
pinterest,2020-12,-0.05884
pinterest,2021-01,0.03961
pinterest,2021-02,0.17618
pinterest,2021-03,-0.08129
pinterest,2021-04,-0.10347
pinterest,2021-05,-0.01612
pinterest,2021-06,0.20904
pinterest,2021-07,-0.25396
pinterest,2021-08,-0.05654
pinterest,2021-09,-0.08314
pinterest,2021-10,-0.12385
pinterest,2021-11,-0.1026
pinterest,2021-12,-0.09261
pinterest,2022-01,-0.1868
pinterest,2022-02,-0.09506
pinterest,2022-03,-0.08
pinterest,2022-04,-0.16619
pinterest,2022-05,-0.0424
pinterest,2022-06,-0.07583
pinterest,2022-07,0.07269
pinterest,2022-08,0.18275
pinterest,2022-09,0.01128
pinterest,2022-10,0.05579
pinterest,2022-11,0.03333
pinterest,2022-12,-0.04485
pinterest,2023-01,0.08278
pinterest,2023-02,-0.04488
pinterest,2023-03,0.08602
pinterest,2023-04,-0.15658
pinterest,2023-05,0.04087
pinterest,2023-06,0.14202
pinterest,2023-07,0.06035
pinterest,2023-08,-0.05174
pinterest,2023-09,-0.01673
pinterest,2023-10,0.10544
pinterest,2023-11,0.14023
pinterest,2023-12,0.08717
pinterest,2024-01,0.01161
pinterest,2024-02,-0.02055
pinterest,2024-03,-0.05531
pinterest,2024-04,-0.03519
pinterest,2024-05,0.24036
pinterest,2024-06,0.06218
pinterest,2024-07,-0.27502
pinterest,2024-08,0.00282
pinterest,2024-09,0.0103
pinterest,2024-10,-0.01792
pinterest,2024-11,-0.04624
pinterest,2024-12,-0.04354
pinterest,2025-01,0.13655
pinterest,2025-02,0.12197
pinterest,2025-03,-0.16171
pinterest,2025-04,-0.18323
pinterest,2025-05,0.22867
pinterest,2025-06,0.15268
pinterest,2025-07,0.07641
pinterest,2025-08,-0.05104
pinterest,2025-09,-0.12176
pinterest,2025-10,0.02891
pinterest,2025-11,-0.21088
pinterest,2025-12,-0.00881
pinterest,2026-01,-0.14523
pinterest,2026-02,-0.22594
pinterest,2026-03,0.07064
pinterest,2026-04,0.07197
pinterest,2026-05,0.01984
pinterest,2026-06,0.04888
pinterest,2026-07,0.1417
pinterest,2026-08,-0.09579
pinterest,2026-09,-0.13772
qualcomm,2016-10,0.00321
qualcomm,2016-11,-0.00859
qualcomm,2016-12,-0.04301
qualcomm,2017-01,-0.18052
qualcomm,2017-02,0.05708
qualcomm,2017-03,0.01523
qualcomm,2017-04,-0.06278
qualcomm,2017-05,0.06569
qualcomm,2017-06,-0.0358
qualcomm,2017-07,-0.03676
qualcomm,2017-08,-0.0173
qualcomm,2017-09,-0.00823
qualcomm,2017-10,-0.01601
qualcomm,2017-11,0.30053
qualcomm,2017-12,-0.03497
qualcomm,2018-01,0.06607
qualcomm,2018-02,-0.04762
qualcomm,2018-03,-0.14754
qualcomm,2018-04,-0.07941
qualcomm,2018-05,0.13938
qualcomm,2018-06,-0.03441
qualcomm,2018-07,0.14202
qualcomm,2018-08,0.07209
qualcomm,2018-09,0.04832
qualcomm,2018-10,-0.12689
qualcomm,2018-11,-0.07362
qualcomm,2018-12,-0.02317
qualcomm,2019-01,-0.12985
qualcomm,2019-02,0.07815
qualcomm,2019-03,0.06818
qualcomm,2019-04,0.51026
qualcomm,2019-05,-0.2242
qualcomm,2019-06,0.13843
qualcomm,2019-07,-0.03825
qualcomm,2019-08,0.06301
qualcomm,2019-09,-0.01916
qualcomm,2019-10,0.05454
qualcomm,2019-11,0.03866
qualcomm,2019-12,0.05601
qualcomm,2020-01,-0.0331
qualcomm,2020-02,-0.08217
qualcomm,2020-03,-0.13602
qualcomm,2020-04,0.1629
qualcomm,2020-05,0.02809
qualcomm,2020-06,0.12772
qualcomm,2020-07,0.15788
qualcomm,2020-08,0.12773
qualcomm,2020-09,-0.01192
qualcomm,2020-10,0.04827
qualcomm,2020-11,0.19301
qualcomm,2020-12,0.03513
qualcomm,2021-01,0.02586
qualcomm,2021-02,-0.12855
qualcomm,2021-03,-0.02643
qualcomm,2021-04,0.04684
qualcomm,2021-05,-0.03069
qualcomm,2021-06,0.06236
qualcomm,2021-07,0.04807
qualcomm,2021-08,-0.02076
qualcomm,2021-09,-0.12073
qualcomm,2021-10,0.03148
qualcomm,2021-11,0.35719
qualcomm,2021-12,0.01279
qualcomm,2022-01,-0.03888
qualcomm,2022-02,-0.02145
qualcomm,2022-03,-0.11146
qualcomm,2022-04,-0.08592
qualcomm,2022-05,0.02527
qualcomm,2022-06,-0.10809
qualcomm,2022-07,0.13559
qualcomm,2022-08,-0.08817
qualcomm,2022-09,-0.14584
qualcomm,2022-10,0.04142
qualcomm,2022-11,0.07505
qualcomm,2022-12,-0.13084
qualcomm,2023-01,0.21166
qualcomm,2023-02,-0.07267
qualcomm,2023-03,0.03279
qualcomm,2023-04,-0.0845
qualcomm,2023-05,-0.02902
qualcomm,2023-06,0.04964
qualcomm,2023-07,0.1103
qualcomm,2023-08,-0.13346
qualcomm,2023-09,-0.0303
qualcomm,2023-10,-0.01864
qualcomm,2023-11,0.18405
qualcomm,2023-12,0.12073
qualcomm,2024-01,0.02683
qualcomm,2024-02,0.06249
qualcomm,2024-03,0.07295
qualcomm,2024-04,-0.02038
qualcomm,2024-05,0.23033
qualcomm,2024-06,-0.02387
qualcomm,2024-07,-0.09153
qualcomm,2024-08,-0.03122
qualcomm,2024-09,-0.02995
qualcomm,2024-10,-0.04281
qualcomm,2024-11,-0.02605
qualcomm,2024-12,-0.03097
qualcomm,2025-01,0.1257
qualcomm,2025-02,-0.09114
qualcomm,2025-03,-0.02265
qualcomm,2025-04,-0.03353
qualcomm,2025-05,-0.02196
qualcomm,2025-06,0.09683
qualcomm,2025-07,-0.07849
qualcomm,2025-08,0.09519
qualcomm,2025-09,0.03503
qualcomm,2025-10,0.0874
qualcomm,2025-11,-0.07081
qualcomm,2025-12,0.01761
qualcomm,2026-01,-0.11377
qualcomm,2026-02,-0.06089
qualcomm,2026-03,-0.09539
qualcomm,2026-04,0.39447
qualcomm,2026-05,0.39782
qualcomm,2026-06,-0.26384
qualcomm,2026-07,-0.2012
qualcomm,2026-08,0.15494
qualcomm,2026-09,0.13949
roblox,2021-04,0.14993
roblox,2021-05,0.25781
roblox,2021-06,-0.04042
roblox,2021-07,-0.14448
roblox,2021-08,0.06586
roblox,2021-09,-0.07922
roblox,2021-10,0.11211
roblox,2021-11,0.50083
roblox,2021-12,-0.18192
roblox,2022-01,-0.36157
roblox,2022-02,-0.21698
roblox,2022-03,-0.10335
roblox,2022-04,-0.33715
roblox,2022-05,-0.02316
roblox,2022-06,0.09753
roblox,2022-07,0.30645
roblox,2022-08,-0.08898
roblox,2022-09,-0.08361
roblox,2022-10,0.24833
roblox,2022-11,-0.2899
roblox,2022-12,-0.10419
roblox,2023-01,0.30745
roblox,2023-02,-0.01532
roblox,2023-03,0.22762
roblox,2023-04,-0.20854
roblox,2023-05,0.17584
roblox,2023-06,-0.03727
roblox,2023-07,-0.02605
roblox,2023-08,-0.27924
roblox,2023-09,0.02368
roblox,2023-10,0.09841
roblox,2023-11,0.23577
roblox,2023-12,0.16306
roblox,2024-01,-0.15114
roblox,2024-02,0.02809
roblox,2024-03,-0.04311
roblox,2024-04,-0.06862
roblox,2024-05,-0.05456
roblox,2024-06,0.10678
roblox,2024-07,0.11583
roblox,2024-08,0.05949
roblox,2024-09,0.00614
roblox,2024-10,0.16855
roblox,2024-11,-0.03074
roblox,2024-12,0.1542
roblox,2025-01,0.22831
roblox,2025-02,-0.10454
roblox,2025-03,-0.08407
roblox,2025-04,0.15028
roblox,2025-05,0.29724
roblox,2025-06,0.20947
roblox,2025-07,0.30979
roblox,2025-08,-0.0958
roblox,2025-09,0.11181
roblox,2025-10,-0.17904
roblox,2025-11,-0.16435
roblox,2025-12,-0.14732
roblox,2026-01,-0.18845
roblox,2026-02,0.0441
roblox,2026-03,-0.17623
roblox,2026-04,-0.02298
roblox,2026-05,-0.14676
roblox,2026-06,0.15334
roblox,2026-07,-0.34535
roblox,2026-08,0.15983
roblox,2026-09,0.18261
roku,2017-10,-0.2321
roku,2017-11,1.15407
roku,2017-12,0.1795
roku,2018-01,-0.21553
roku,2018-02,0.00369
roku,2018-03,-0.23718
roku,2018-04,0.0463
roku,2018-05,0.1512
roku,2018-06,0.13775
roku,2018-07,0.0657
roku,2018-08,0.30978
roku,2018-09,0.2276
roku,2018-10,-0.23867
roku,2018-11,-0.26709
roku,2018-12,-0.2481
roku,2019-01,0.46704
roku,2019-02,0.47475
roku,2019-03,-0.02685
roku,2019-04,-0.01426
roku,2019-05,0.42161
roku,2019-06,0.00199
roku,2019-07,0.14076
roku,2019-08,0.46482
roku,2019-09,-0.3277
roku,2019-10,0.44654
roku,2019-11,0.08947
roku,2019-12,-0.16506
roku,2020-01,-0.09671
roku,2020-02,-0.06019
roku,2020-03,-0.2304
roku,2020-04,0.3858
roku,2020-05,-0.09668
roku,2020-06,0.0641
roku,2020-07,0.32919
roku,2020-08,0.12002
roku,2020-09,0.08831
roku,2020-10,0.07203
roku,2020-11,0.45044
roku,2020-12,0.13097
roku,2021-01,0.17171
roku,2021-02,0.01658
roku,2021-03,-0.17627
roku,2021-04,0.0528
roku,2021-05,0.0109
roku,2021-06,0.32459
roku,2021-07,-0.06737
roku,2021-08,-0.17723
roku,2021-09,-0.11081
roku,2021-10,-0.02697
roku,2021-11,-0.25349
roku,2021-12,0.00259
roku,2022-01,-0.28111
roku,2022-02,-0.14947
roku,2022-03,-0.1022
roku,2022-04,-0.2584
roku,2022-05,0.02153
roku,2022-06,-0.13446
roku,2022-07,-0.20234
roku,2022-08,0.03785
roku,2022-09,-0.17059
roku,2022-10,-0.01525
roku,2022-11,0.06896
roku,2022-12,-0.31447
roku,2023-01,0.41278
roku,2023-02,0.12504
roku,2023-03,0.01747
roku,2023-04,-0.146
roku,2023-05,0.0354
roku,2023-06,0.09897
roku,2023-07,0.50516
roku,2023-08,-0.15654
roku,2023-09,-0.13067
roku,2023-10,-0.15611
roku,2023-11,0.7492
roku,2023-12,-0.12035
roku,2024-01,-0.03928
roku,2024-02,-0.28253
roku,2024-03,0.0315
roku,2024-04,-0.11524
roku,2024-05,-0.00451
roku,2024-06,0.04408
roku,2024-07,-0.0287
roku,2024-08,0.16423
roku,2024-09,0.10167
roku,2024-10,-0.14171
roku,2024-11,0.07725
roku,2024-12,0.07692
roku,2025-01,0.11326
roku,2025-02,0.00906
roku,2025-03,-0.15651
roku,2025-04,-0.03208
roku,2025-05,0.06278
roku,2025-06,0.21295
roku,2025-07,0.07134
roku,2025-08,0.02549
roku,2025-09,0.03697
roku,2025-10,0.05992
roku,2025-11,-0.08801
roku,2025-12,0.12088
roku,2026-01,-0.1225
roku,2026-02,0.03372
roku,2026-03,-0.03851
roku,2026-04,0.23187
roku,2026-05,0.11685
roku,2026-06,0.06115
roku,2026-07,0.04973
roku,2026-08,0.0822
roku,2026-09,-0.02294
salesforce,2016-10,0.05369
salesforce,2016-11,-0.04204
salesforce,2016-12,-0.04917
salesforce,2017-01,0.15542
salesforce,2017-02,0.02845
salesforce,2017-03,0.01401
salesforce,2017-04,0.04401
salesforce,2017-05,0.04087
salesforce,2017-06,-0.03391
salesforce,2017-07,0.0485
salesforce,2017-08,0.05165
salesforce,2017-09,-0.02168
salesforce,2017-10,0.09548
salesforce,2017-11,0.01935
salesforce,2017-12,-0.02003
salesforce,2018-01,0.11425
salesforce,2018-02,0.02054
salesforce,2018-03,0.00043
salesforce,2018-04,0.04033
salesforce,2018-05,0.06893
salesforce,2018-06,0.05467
salesforce,2018-07,0.0055
salesforce,2018-08,0.11323
salesforce,2018-09,0.04159
salesforce,2018-10,-0.13702
salesforce,2018-11,0.04022
salesforce,2018-12,-0.04056
salesforce,2019-01,0.10951
salesforce,2019-02,0.07686
salesforce,2019-03,-0.03226
salesforce,2019-04,0.04407
salesforce,2019-05,-0.08431
salesforce,2019-06,0.00211
salesforce,2019-07,0.01826
salesforce,2019-08,0.01016
salesforce,2019-09,-0.04889
salesforce,2019-10,0.05423
salesforce,2019-11,0.0409
salesforce,2019-12,-0.00153
salesforce,2020-01,0.12094
salesforce,2020-02,-0.06533
salesforce,2020-03,-0.15505
salesforce,2020-04,0.12481
salesforce,2020-05,0.07928
salesforce,2020-06,0.07174
salesforce,2020-07,0.04014
salesforce,2020-08,0.39928
salesforce,2020-09,-0.07823
salesforce,2020-10,-0.0758
salesforce,2020-11,0.05825
salesforce,2020-12,-0.09467
salesforce,2021-01,0.01362
salesforce,2021-02,-0.04017
salesforce,2021-03,-0.02139
salesforce,2021-04,0.08708
salesforce,2021-05,0.03378
salesforce,2021-06,0.02591
salesforce,2021-07,-0.00958
salesforce,2021-08,0.09647
salesforce,2021-09,0.02243
salesforce,2021-10,0.10497
salesforce,2021-11,-0.04915
salesforce,2021-12,-0.10819
salesforce,2022-01,-0.0846
salesforce,2022-02,-0.095
salesforce,2022-03,0.0085
salesforce,2022-04,-0.17135
salesforce,2022-05,-0.08923
salesforce,2022-06,0.02996
salesforce,2022-07,0.115
salesforce,2022-08,-0.15161
salesforce,2022-09,-0.07866
salesforce,2022-10,0.13035
salesforce,2022-11,-0.01439
salesforce,2022-12,-0.17261
salesforce,2023-01,0.26684
salesforce,2023-02,-0.02596
salesforce,2023-03,0.22107
salesforce,2023-04,-0.00706
salesforce,2023-05,0.12608
salesforce,2023-06,-0.05426
salesforce,2023-07,0.06509
salesforce,2023-08,-0.01578
salesforce,2023-09,-0.08435
salesforce,2023-10,-0.00962
salesforce,2023-11,0.25429
salesforce,2023-12,0.04462
salesforce,2024-01,0.06821
salesforce,2024-02,0.09865
salesforce,2024-03,-0.02474
salesforce,2024-04,-0.10705
salesforce,2024-05,-0.12828
salesforce,2024-06,0.09666
salesforce,2024-07,0.00661
salesforce,2024-08,-0.0228
salesforce,2024-09,0.08229
salesforce,2024-10,0.06452
salesforce,2024-11,0.13255
salesforce,2024-12,0.01315
salesforce,2025-01,0.02204
salesforce,2025-02,-0.12833
salesforce,2025-03,-0.09901
salesforce,2025-04,0.0013
salesforce,2025-05,-0.01243
salesforce,2025-06,0.02758
salesforce,2025-07,-0.05266
salesforce,2025-08,-0.00805
salesforce,2025-09,-0.07512
salesforce,2025-10,0.09878
salesforce,2025-11,-0.1147
salesforce,2025-12,0.14908
salesforce,2026-01,-0.19863
salesforce,2026-02,-0.08243
salesforce,2026-03,-0.04169
salesforce,2026-04,-0.05432
salesforce,2026-05,0.08254
salesforce,2026-06,-0.18022
salesforce,2026-07,0.17465
salesforce,2026-08,0.39952
salesforce,2026-09,-0.07502
servicenow,2016-10,0.11068
servicenow,2016-11,-0.05415
servicenow,2016-12,-0.10595
servicenow,2017-01,0.21899
servicenow,2017-02,-0.04083
servicenow,2017-03,0.00633
servicenow,2017-04,0.08014
servicenow,2017-05,0.10764
servicenow,2017-06,0.0129
servicenow,2017-07,0.04198
servicenow,2017-08,0.05197
servicenow,2017-09,0.01153
servicenow,2017-10,0.07521
servicenow,2017-11,-0.02667
servicenow,2017-12,0.06008
servicenow,2018-01,0.14173
servicenow,2018-02,0.08155
servicenow,2018-03,0.02758
servicenow,2018-04,0.00417
servicenow,2018-05,0.06904
servicenow,2018-06,-0.02894
servicenow,2018-07,0.02024
servicenow,2018-08,0.11594
servicenow,2018-09,-0.00372
servicenow,2018-10,-0.07458
servicenow,2018-11,0.02337
servicenow,2018-12,-0.03897
servicenow,2019-01,0.23572
servicenow,2019-02,0.08826
servicenow,2019-03,0.02944
servicenow,2019-04,0.10151
servicenow,2019-05,-0.03528
servicenow,2019-06,0.04826
servicenow,2019-07,0.01027
servicenow,2019-08,-0.05606
servicenow,2019-09,-0.03051
servicenow,2019-10,-0.02596
servicenow,2019-11,0.14471
servicenow,2019-12,-0.00254
servicenow,2020-01,0.19804
servicenow,2020-02,-0.03589
servicenow,2020-03,-0.12116
servicenow,2020-04,0.22667
servicenow,2020-05,0.10352
servicenow,2020-06,0.04416
servicenow,2020-07,0.08428
servicenow,2020-08,0.0975
servicenow,2020-09,0.00618
servicenow,2020-10,0.02592
servicenow,2020-11,0.07432
servicenow,2020-12,0.02971
servicenow,2021-01,-0.01321
servicenow,2021-02,-0.01786
servicenow,2021-03,-0.06252
servicenow,2021-04,0.01252
servicenow,2021-05,-0.06416
servicenow,2021-06,0.15968
servicenow,2021-07,0.06977
servicenow,2021-08,0.09483
servicenow,2021-09,-0.0332
servicenow,2021-10,0.12131
servicenow,2021-11,-0.07174
servicenow,2021-12,0.00218
servicenow,2022-01,-0.09756
servicenow,2022-02,-0.01
servicenow,2022-03,-0.03971
servicenow,2022-04,-0.14148
servicenow,2022-05,-0.02223
servicenow,2022-06,0.01722
servicenow,2022-07,-0.06069
servicenow,2022-08,-0.02696
servicenow,2022-09,-0.13117
servicenow,2022-10,0.11422
servicenow,2022-11,-0.01055
servicenow,2022-12,-0.06733
servicenow,2023-01,0.1722
servicenow,2023-02,-0.05045
servicenow,2023-03,0.07532
servicenow,2023-04,-0.0114
servicenow,2023-05,0.1858
servicenow,2023-06,0.03155
servicenow,2023-07,0.03742
servicenow,2023-08,0.01
servicenow,2023-09,-0.05073
servicenow,2023-10,0.04095
servicenow,2023-11,0.17855
servicenow,2023-12,0.03026
servicenow,2024-01,0.08338
servicenow,2024-02,0.00776
servicenow,2024-03,-0.01159
servicenow,2024-04,-0.0906
servicenow,2024-05,-0.0525
servicenow,2024-06,0.19749
servicenow,2024-07,0.03524
servicenow,2024-08,0.04987
servicenow,2024-09,0.04607
servicenow,2024-10,0.04316
servicenow,2024-11,0.12481
servicenow,2024-12,0.01018
servicenow,2025-01,-0.03937
servicenow,2025-02,-0.08702
servicenow,2025-03,-0.14371
servicenow,2025-04,0.19955
servicenow,2025-05,0.05872
servicenow,2025-06,0.0168
servicenow,2025-07,-0.08264
servicenow,2025-08,-0.02721
servicenow,2025-09,0.00307
servicenow,2025-10,-0.00109
servicenow,2025-11,-0.11625
servicenow,2025-12,-0.05719
servicenow,2026-01,-0.23618
servicenow,2026-02,-0.07692
servicenow,2026-03,-0.03203
servicenow,2026-04,-0.15533
servicenow,2026-05,0.40833
servicenow,2026-06,-0.20174
servicenow,2026-07,0.12037
servicenow,2026-08,0.33049
servicenow,2026-09,-0.06899
shopify,2016-10,-0.03425
shopify,2016-11,0.00531
shopify,2016-12,0.0288
shopify,2017-01,0.18544
shopify,2017-02,0.16509
shopify,2017-03,0.14997
shopify,2017-04,0.11544
shopify,2017-05,0.20948
shopify,2017-06,-0.054
shopify,2017-07,0.06295
shopify,2017-08,0.20082
shopify,2017-09,0.05022
shopify,2017-10,-0.14594
shopify,2017-11,0.04352
shopify,2017-12,-0.02716
shopify,2018-01,0.26653
shopify,2018-02,0.08044
shopify,2018-03,-0.09855
shopify,2018-04,0.07256
shopify,2018-05,0.10821
shopify,2018-06,-0.01486
shopify,2018-07,-0.05264
shopify,2018-08,0.05398
shopify,2018-09,0.12899
shopify,2018-10,-0.15998
shopify,2018-11,0.10503
shopify,2018-12,-0.09308
shopify,2019-01,0.21683
shopify,2019-02,0.12275
shopify,2019-03,0.09236
shopify,2019-04,0.17864
shopify,2019-05,0.12881
shopify,2019-06,0.09185
shopify,2019-07,0.05907
shopify,2019-08,0.21238
shopify,2019-09,-0.19131
shopify,2019-10,0.00613
shopify,2019-11,0.07392
shopify,2019-12,0.18064
shopify,2020-01,0.17124
shopify,2020-02,-0.00505
shopify,2020-03,-0.10011
shopify,2020-04,0.51654
shopify,2020-05,0.1985
shopify,2020-06,0.25257
shopify,2020-07,0.0788
shopify,2020-08,0.04143
shopify,2020-09,-0.04074
shopify,2020-10,-0.09535
shopify,2020-11,0.17824
shopify,2020-12,0.03812
shopify,2021-01,-0.02947
shopify,2021-02,0.16601
shopify,2021-03,-0.1362
shopify,2021-04,0.06869
shopify,2021-05,0.05104
shopify,2021-06,0.17309
shopify,2021-07,0.05533
shopify,2021-08,-0.00903
shopify,2021-09,-0.11084
shopify,2021-10,0.08183
shopify,2021-11,0.03754
shopify,2021-12,-0.09489
shopify,2022-01,-0.29995
shopify,2022-02,-0.27999
shopify,2022-03,-0.02636
shopify,2022-04,-0.36857
shopify,2022-05,-0.12113
shopify,2022-06,-0.1672
shopify,2022-07,0.16645
shopify,2022-08,-0.13145
shopify,2022-09,-0.14882
shopify,2022-10,0.2706
shopify,2022-11,0.19427
shopify,2022-12,-0.15093
shopify,2023-01,0.41948
shopify,2023-02,-0.16501
shopify,2023-03,0.16529
shopify,2023-04,0.01064
shopify,2023-05,0.18039
shopify,2023-06,0.12957
shopify,2023-07,0.04613
shopify,2023-08,-0.01613
shopify,2023-09,-0.17928
shopify,2023-10,-0.13524
shopify,2023-11,0.54312
shopify,2023-12,0.06976
shopify,2024-01,0.02786
shopify,2024-02,-0.04621
shopify,2024-03,0.01048
shopify,2024-04,-0.09032
shopify,2024-05,-0.15741
shopify,2024-06,0.11665
shopify,2024-07,-0.07343
shopify,2024-08,0.21029
shopify,2024-09,0.08195
shopify,2024-10,-0.02408
shopify,2024-11,0.47807
shopify,2024-12,-0.08019
shopify,2025-01,0.09847
shopify,2025-02,-0.0411
shopify,2025-03,-0.1475
shopify,2025-04,-0.00503
shopify,2025-05,0.12863
shopify,2025-06,0.07583
shopify,2025-07,0.05947
shopify,2025-08,0.15604
shopify,2025-09,0.05188
shopify,2025-10,0.16991
shopify,2025-11,-0.08754
shopify,2025-12,0.01469
shopify,2026-01,-0.18475
shopify,2026-02,-0.08001
shopify,2026-03,-0.01748
shopify,2026-04,0.02116
shopify,2026-05,-0.01998
shopify,2026-06,-0.03816
shopify,2026-07,0.02601
shopify,2026-08,0.25796
shopify,2026-09,-0.015
snap,2017-04,0.00089
snap,2017-05,-0.05942
snap,2017-06,-0.16219
snap,2017-07,-0.23073
snap,2017-08,0.06145
snap,2017-09,0.00207
snap,2017-10,0.05502
snap,2017-11,-0.10169
snap,2017-12,0.06023
snap,2018-01,-0.07461
snap,2018-02,0.28107
snap,2018-03,-0.08372
snap,2018-04,-0.09704
snap,2018-05,-0.20516
snap,2018-06,0.14925
snap,2018-07,-0.04507
snap,2018-08,-0.128
snap,2018-09,-0.22202
snap,2018-10,-0.22052
snap,2018-11,-0.01513
snap,2018-12,-0.15361
snap,2019-01,0.21234
snap,2019-02,0.46707
snap,2019-03,0.12449
snap,2019-04,0.01089
snap,2019-05,0.06732
snap,2019-06,0.20269
snap,2019-07,0.17483
snap,2019-08,-0.05774
snap,2019-09,-0.0019
snap,2019-10,-0.04684
snap,2019-11,0.01262
snap,2019-12,0.07082
snap,2020-01,0.12554
snap,2020-02,-0.22905
snap,2020-03,-0.1609
snap,2020-04,0.48108
snap,2020-05,0.07553
snap,2020-06,0.24023
snap,2020-07,-0.04555
snap,2020-08,0.00758
snap,2020-09,0.15582
snap,2020-10,0.50862
snap,2020-11,0.1277
snap,2020-12,0.12719
snap,2021-01,0.05732
snap,2021-02,0.24027
snap,2021-03,-0.20362
snap,2021-04,0.18225
snap,2021-05,0.00485
snap,2021-06,0.09691
snap,2021-07,0.09216
snap,2021-08,0.02271
snap,2021-09,-0.02943
snap,2021-10,-0.28821
snap,2021-11,-0.09452
snap,2021-12,-0.01218
snap,2022-01,-0.3081
snap,2022-02,0.22741
snap,2022-03,-0.0989
snap,2022-04,-0.20922
snap,2022-05,-0.50422
snap,2022-06,-0.06945
snap,2022-07,-0.24752
snap,2022-08,0.10121
snap,2022-09,-0.09743
snap,2022-10,0.00916
snap,2022-11,0.04036
snap,2022-12,-0.13191
snap,2023-01,0.29162
snap,2023-02,-0.12197
snap,2023-03,0.10443
snap,2023-04,-0.22302
snap,2023-05,0.17107
snap,2023-06,0.16078
snap,2023-07,-0.04054
snap,2023-08,-0.08891
snap,2023-09,-0.13913
snap,2023-10,0.12346
snap,2023-11,0.38162
snap,2023-12,0.22415
snap,2024-01,-0.06143
snap,2024-02,-0.30648
snap,2024-03,0.04174
snap,2024-04,0.31098
snap,2024-05,-0.00199
snap,2024-06,0.10586
snap,2024-07,-0.19807
snap,2024-08,-0.2988
snap,2024-09,0.14561
snap,2024-10,0.13645
snap,2024-11,-0.02878
snap,2024-12,-0.08806
snap,2025-01,0.04828
snap,2025-02,-0.09212
snap,2025-03,-0.15024
snap,2025-04,-0.08611
snap,2025-05,0.03643
snap,2025-06,0.05333
snap,2025-07,0.08516
snap,2025-08,-0.24284
snap,2025-09,0.07983
snap,2025-10,0.01167
snap,2025-11,-0.01538
snap,2025-12,0.05078
snap,2026-01,-0.14126
snap,2026-02,-0.2482
snap,2026-03,-0.11708
snap,2026-04,0.31957
snap,2026-05,-0.05931
snap,2026-06,-0.22242
snap,2026-07,0.05631
snap,2026-08,0.18337
snap,2026-09,-0.02162
snowflake,2020-10,-0.0039
snowflake,2020-11,0.30326
snowflake,2020-12,-0.13639
snowflake,2021-01,-0.03181
snowflake,2021-02,-0.04738
snowflake,2021-03,-0.11659
snowflake,2021-04,0.01008
snowflake,2021-05,0.02781
snowflake,2021-06,0.01584
snowflake,2021-07,0.09892
snowflake,2021-08,0.14538
snowflake,2021-09,-0.00631
snowflake,2021-10,0.16999
snowflake,2021-11,-0.03869
snowflake,2021-12,-0.00412
snowflake,2022-01,-0.18554
snowflake,2022-02,-0.03711
snowflake,2022-03,-0.13751
snowflake,2022-04,-0.25178
snowflake,2022-05,-0.25542
snowflake,2022-06,0.08939
snowflake,2022-07,0.07802
snowflake,2022-08,0.20706
snowflake,2022-09,-0.06074
snowflake,2022-10,-0.05684
snowflake,2022-11,-0.10855
snowflake,2022-12,0.00448
snowflake,2023-01,0.08987
snowflake,2023-02,-0.01317
snowflake,2023-03,-0.00058
snowflake,2023-04,-0.04025
snowflake,2023-05,0.11669
snowflake,2023-06,0.06422
snowflake,2023-07,0.00983
snowflake,2023-08,-0.11738
snowflake,2023-09,-0.02601
snowflake,2023-10,-0.05001
snowflake,2023-11,0.29319
snowflake,2023-12,0.06032
snowflake,2024-01,-0.01688
snowflake,2024-02,-0.03762
snowflake,2024-03,-0.1417
snowflake,2024-04,-0.0396
snowflake,2024-05,-0.12255
snowflake,2024-06,-0.008
snowflake,2024-07,-0.03487
snowflake,2024-08,-0.12387
snowflake,2024-09,0.00552
snowflake,2024-10,-0.00035
snowflake,2024-11,0.52238
snowflake,2024-12,-0.11665
snowflake,2025-01,0.17551
snowflake,2025-02,-0.0243
snowflake,2025-03,-0.1747
snowflake,2025-04,0.0912
snowflake,2025-05,0.28955
snowflake,2025-06,0.08801
snowflake,2025-07,-0.00121
snowflake,2025-08,0.06783
snowflake,2025-09,-0.05493
snowflake,2025-10,0.21871
snowflake,2025-11,-0.086
snowflake,2025-12,-0.12689
snowflake,2026-01,-0.12154
snowflake,2026-02,-0.12605
snowflake,2026-03,-0.10445
snowflake,2026-04,-0.09515
snowflake,2026-05,0.87257
snowflake,2026-06,-0.00411
snowflake,2026-07,0.15238
snowflake,2026-08,0.13008
snowflake,2026-09,0.00775
tesla,2016-10,-0.03088
tesla,2016-11,-0.04213
tesla,2016-12,0.12824
tesla,2017-01,0.17895
tesla,2017-02,-0.0077
tesla,2017-03,0.11324
tesla,2017-04,0.12853
tesla,2017-05,0.08578
tesla,2017-06,0.06041
tesla,2017-07,-0.10547
tesla,2017-08,0.10026
tesla,2017-09,-0.04159
tesla,2017-10,-0.02806
tesla,2017-11,-0.06841
tesla,2017-12,0.0081
tesla,2018-01,0.13798
tesla,2018-02,-0.03175
tesla,2018-03,-0.22425
tesla,2018-04,0.10435
tesla,2018-05,-0.0312
tesla,2018-06,0.20447
tesla,2018-07,-0.13066
tesla,2018-08,0.01181
tesla,2018-09,-0.12229
tesla,2018-10,0.27401
tesla,2018-11,0.03901
tesla,2018-12,-0.05044
tesla,2019-01,-0.07747
tesla,2019-02,0.04188
tesla,2019-03,-0.12511
tesla,2019-04,-0.14711
tesla,2019-05,-0.22427
tesla,2019-06,0.20685
tesla,2019-07,0.08122
tesla,2019-08,-0.06622
tesla,2019-09,0.06764
tesla,2019-10,0.30743
tesla,2019-11,0.04769
tesla,2019-12,0.2679
tesla,2020-01,0.55516
tesla,2020-02,0.02678
tesla,2020-03,-0.21556
tesla,2020-04,0.49214
tesla,2020-05,0.06794
tesla,2020-06,0.29319
tesla,2020-07,0.32501
tesla,2020-08,0.74145
tesla,2020-09,-0.13909
tesla,2020-10,-0.0955
tesla,2020-11,0.46274
tesla,2020-12,0.24325
tesla,2021-01,0.12451
tesla,2021-02,-0.14874
tesla,2021-03,-0.01121
tesla,2021-04,0.06215
tesla,2021-05,-0.11871
tesla,2021-06,0.08714
tesla,2021-07,0.01103
tesla,2021-08,0.07061
tesla,2021-09,0.05404
tesla,2021-10,0.43653
tesla,2021-11,0.02761
tesla,2021-12,-0.07685
tesla,2022-01,-0.11361
tesla,2022-02,-0.07077
tesla,2022-03,0.23801
tesla,2022-04,-0.19195
tesla,2022-05,-0.1292
tesla,2022-06,-0.11189
tesla,2022-07,0.32377
tesla,2022-08,-0.07249
tesla,2022-09,-0.03759
tesla,2022-10,-0.14217
tesla,2022-11,-0.14433
tesla,2022-12,-0.36733
tesla,2023-01,0.40623
tesla,2023-02,0.18756
tesla,2023-03,0.00851
tesla,2023-04,-0.20799
tesla,2023-05,0.24113
tesla,2023-06,0.28363
tesla,2023-07,0.02162
tesla,2023-08,-0.03496
tesla,2023-09,-0.03046
tesla,2023-10,-0.19735
tesla,2023-11,0.19538
tesla,2023-12,0.03499
tesla,2024-01,-0.24626
tesla,2024-02,0.0779
tesla,2024-03,-0.12924
tesla,2024-04,0.04261
tesla,2024-05,-0.02837
tesla,2024-06,0.11119
tesla,2024-07,0.17278
tesla,2024-08,-0.07739
tesla,2024-09,0.22194
tesla,2024-10,-0.04503
tesla,2024-11,0.38147
tesla,2024-12,0.17001
tesla,2025-01,0.00188
tesla,2025-02,-0.27588
tesla,2025-03,-0.11543
tesla,2025-04,0.08875
tesla,2025-05,0.22788
tesla,2025-06,-0.08313
tesla,2025-07,-0.02956
tesla,2025-08,0.08304
tesla,2025-09,0.33202
tesla,2025-10,0.02662
tesla,2025-11,-0.0578
tesla,2025-12,0.04545
tesla,2026-01,-0.04294
tesla,2026-02,-0.06482
tesla,2026-03,-0.07642
tesla,2026-04,0.02658
tesla,2026-05,0.14192
tesla,2026-06,-0.03486
tesla,2026-07,-0.26008
tesla,2026-08,0.18232
tesla,2026-09,0.02715
texas_instruments,2016-10,0.00955
texas_instruments,2016-11,0.04347
texas_instruments,2016-12,-0.01299
texas_instruments,2017-01,0.03522
texas_instruments,2017-02,0.0143
texas_instruments,2017-03,0.05142
texas_instruments,2017-04,-0.01713
texas_instruments,2017-05,0.0418
texas_instruments,2017-06,-0.0674
texas_instruments,2017-07,0.05784
texas_instruments,2017-08,0.01769
texas_instruments,2017-09,0.08235
texas_instruments,2017-10,0.07865
texas_instruments,2017-11,0.00621
texas_instruments,2017-12,0.07349
texas_instruments,2018-01,0.05008
texas_instruments,2018-02,-0.01204
texas_instruments,2018-03,-0.04116
texas_instruments,2018-04,-0.02368
texas_instruments,2018-05,0.10332
texas_instruments,2018-06,-0.01483
texas_instruments,2018-07,0.00971
texas_instruments,2018-08,0.0097
texas_instruments,2018-09,-0.04546
texas_instruments,2018-10,-0.13477
texas_instruments,2018-11,0.07562
texas_instruments,2018-12,-0.05358
texas_instruments,2019-01,0.0654
texas_instruments,2019-02,0.05066
texas_instruments,2019-03,0.00274
texas_instruments,2019-04,0.11087
texas_instruments,2019-05,-0.11474
texas_instruments,2019-06,0.10018
texas_instruments,2019-07,0.08932
texas_instruments,2019-08,-0.01008
texas_instruments,2019-09,0.04436
texas_instruments,2019-10,-0.08705
texas_instruments,2019-11,0.01882
texas_instruments,2019-12,0.06722
texas_instruments,2020-01,-0.05955
texas_instruments,2020-02,-0.05396
texas_instruments,2020-03,-0.1245
texas_instruments,2020-04,0.16151
texas_instruments,2020-05,0.023
texas_instruments,2020-06,0.06931
texas_instruments,2020-07,0.00457
texas_instruments,2020-08,0.11446
texas_instruments,2020-09,0.0045
texas_instruments,2020-10,0.01261
texas_instruments,2020-11,0.11522
texas_instruments,2020-12,0.01786
texas_instruments,2021-01,0.0095
texas_instruments,2021-02,0.03971
texas_instruments,2021-03,0.09706
texas_instruments,2021-04,-0.04487
texas_instruments,2021-05,0.05158
texas_instruments,2021-06,0.01307
texas_instruments,2021-07,-0.00874
texas_instruments,2021-08,0.00152
texas_instruments,2021-09,0.00681
texas_instruments,2021-10,-0.02461
texas_instruments,2021-11,0.02608
texas_instruments,2021-12,-0.02027
texas_instruments,2022-01,-0.04765
texas_instruments,2022-02,-0.05293
texas_instruments,2022-03,0.07936
texas_instruments,2022-04,-0.07211
texas_instruments,2022-05,0.03824
texas_instruments,2022-06,-0.13074
texas_instruments,2022-07,0.16427
texas_instruments,2022-08,-0.07647
texas_instruments,2022-09,-0.06313
texas_instruments,2022-10,0.0378
texas_instruments,2022-11,0.12345
texas_instruments,2022-12,-0.08445
texas_instruments,2023-01,0.07257
texas_instruments,2023-02,-0.0325
texas_instruments,2023-03,0.08492
texas_instruments,2023-04,-0.10112
texas_instruments,2023-05,0.03995
texas_instruments,2023-06,0.03531
texas_instruments,2023-07,-0.00011
texas_instruments,2023-08,-0.06633
texas_instruments,2023-09,-0.05385
texas_instruments,2023-10,-0.10691
texas_instruments,2023-11,0.07535
texas_instruments,2023-12,0.11623
texas_instruments,2024-01,-0.06066
texas_instruments,2024-02,0.04503
texas_instruments,2024-03,0.04112
texas_instruments,2024-04,0.01269
texas_instruments,2024-05,0.10537
texas_instruments,2024-06,-0.00246
texas_instruments,2024-07,0.0477
texas_instruments,2024-08,0.05167
texas_instruments,2024-09,-0.03625
texas_instruments,2024-10,-0.01651
texas_instruments,2024-11,-0.01048
texas_instruments,2024-12,-0.06725
texas_instruments,2025-01,-0.01547
texas_instruments,2025-02,0.06164
texas_instruments,2025-03,-0.08312
texas_instruments,2025-04,-0.10935
texas_instruments,2025-05,0.14246
texas_instruments,2025-06,0.13547
texas_instruments,2025-07,-0.12793
texas_instruments,2025-08,0.1183
texas_instruments,2025-09,-0.0926
texas_instruments,2025-10,-0.12121
texas_instruments,2025-11,0.04218
texas_instruments,2025-12,0.03102
texas_instruments,2026-01,0.24243
texas_instruments,2026-02,-0.01596
texas_instruments,2026-03,-0.08472
texas_instruments,2026-04,0.44782
texas_instruments,2026-05,0.08752
texas_instruments,2026-06,-0.0249
texas_instruments,2026-07,-0.07492
texas_instruments,2026-08,-0.05378
texas_instruments,2026-09,0.03733
twilio,2016-10,-0.46986
twilio,2016-11,-0.00586
twilio,2016-12,-0.14947
twilio,2017-01,-0.00069
twilio,2017-02,0.10024
twilio,2017-03,-0.08985
twilio,2017-04,0.14479
twilio,2017-05,-0.26445
twilio,2017-06,0.19745
twilio,2017-07,0.00206
twilio,2017-08,0.00377
twilio,2017-09,0.01947
twilio,2017-10,0.07035
twilio,2017-11,-0.16557
twilio,2017-12,-0.11478
twilio,2018-01,0.11186
twilio,2018-02,0.30183
twilio,2018-03,0.11768
twilio,2018-04,0.10555
twilio,2018-05,0.27861
twilio,2018-06,0.03798
twilio,2018-07,0.03338
twilio,2018-08,0.39333
twilio,2018-09,0.06968
twilio,2018-10,-0.12819
twilio,2018-11,0.25618
twilio,2018-12,-0.05493
twilio,2019-01,0.24658
twilio,2019-02,0.09315
twilio,2019-03,0.06155
twilio,2019-04,0.06162
twilio,2019-05,-0.03755
twilio,2019-06,0.03303
twilio,2019-07,0.02024
twilio,2019-08,-0.06211
twilio,2019-09,-0.1572
twilio,2019-10,-0.12186
twilio,2019-11,0.06959
twilio,2019-12,-0.04841
twilio,2020-01,0.26516
twilio,2020-02,-0.0941
twilio,2020-03,-0.20552
twilio,2020-04,0.25489
twilio,2020-05,0.75957
twilio,2020-06,0.11043
twilio,2020-07,0.26433
twilio,2020-08,-0.02761
twilio,2020-09,-0.08404
twilio,2020-10,0.12902
twilio,2020-11,0.1474
twilio,2020-12,0.05752
twilio,2021-01,0.06183
twilio,2021-02,0.09306
twilio,2021-03,-0.13266
twilio,2021-04,0.07935
twilio,2021-05,-0.08646
twilio,2021-06,0.1731
twilio,2021-07,-0.05219
twilio,2021-08,-0.04451
twilio,2021-09,-0.1062
twilio,2021-10,-0.08679
twilio,2021-11,-0.01788
twilio,2021-12,-0.07971
twilio,2022-01,-0.21729
twilio,2022-02,-0.15195
twilio,2022-03,-0.05715
twilio,2022-04,-0.32152
twilio,2022-05,-0.05947
twilio,2022-06,-0.2031
twilio,2022-07,0.01181
twilio,2022-08,-0.17948
twilio,2022-09,-0.00632
twilio,2022-10,0.07564
twilio,2022-11,-0.34086
twilio,2022-12,-0.00122
twilio,2023-01,0.22222
twilio,2023-02,0.12316
twilio,2023-03,-0.00863
twilio,2023-04,-0.21042
twilio,2023-05,0.32332
twilio,2023-06,-0.08618
twilio,2023-07,0.03788
twilio,2023-08,-0.03514
twilio,2023-09,-0.08131
twilio,2023-10,-0.12421
twilio,2023-11,0.2618
twilio,2023-12,0.17301
twilio,2024-01,-0.07302
twilio,2024-02,-0.15271
twilio,2024-03,0.02618
twilio,2024-04,-0.02077
twilio,2024-05,-0.04142
twilio,2024-06,-0.01028
twilio,2024-07,0.04084
twilio,2024-08,0.06139
twilio,2024-09,0.0392
twilio,2024-10,0.23658
twilio,2024-11,0.29622
twilio,2024-12,0.03386
twilio,2025-01,0.35622
twilio,2025-02,-0.18181
twilio,2025-03,-0.18361
twilio,2025-04,-0.01226
twilio,2025-05,0.21704
twilio,2025-06,0.05658
twilio,2025-07,0.03731
twilio,2025-08,-0.18132
twilio,2025-09,-0.05227
twilio,2025-10,0.34759
twilio,2025-11,-0.03848
twilio,2025-12,0.09677
twilio,2026-01,-0.15312
twilio,2026-02,0.00415
twilio,2026-03,0.04018
twilio,2026-04,0.17676
twilio,2026-05,0.28759
twilio,2026-06,0.0823
twilio,2026-07,-0.04352
twilio,2026-08,0.19397
twilio,2026-09,0.27174
uber,2019-06,0.14774
uber,2019-07,-0.09142
uber,2019-08,-0.2271
uber,2019-09,-0.06448
uber,2019-10,0.0338
uber,2019-11,-0.06032
uber,2019-12,0.00473
uber,2020-01,0.22024
uber,2020-02,-0.06669
uber,2020-03,-0.17567
uber,2020-04,0.08417
uber,2020-05,0.19987
uber,2020-06,-0.14427
uber,2020-07,-0.02638
uber,2020-08,0.11137
uber,2020-09,0.08475
uber,2020-10,-0.08416
uber,2020-11,0.48638
uber,2020-12,0.02698
uber,2021-01,-0.00137
uber,2021-02,0.0161
uber,2021-03,0.05333
uber,2021-04,0.00477
uber,2021-05,-0.07194
uber,2021-06,-0.01397
uber,2021-07,-0.13288
uber,2021-08,-0.0994
uber,2021-09,0.14461
uber,2021-10,-0.02187
uber,2021-11,-0.13282
uber,2021-12,0.10342
uber,2022-01,-0.10804
uber,2022-02,-0.03663
uber,2022-03,-0.00971
uber,2022-04,-0.11771
uber,2022-05,-0.26302
uber,2022-06,-0.1181
uber,2022-07,0.14614
uber,2022-08,0.22644
uber,2022-09,-0.07858
uber,2022-10,0.00264
uber,2022-11,0.09673
uber,2022-12,-0.15134
uber,2023-01,0.25071
uber,2023-02,0.07533
uber,2023-03,-0.0469
uber,2023-04,-0.0205
uber,2023-05,0.22158
uber,2023-06,0.13815
uber,2023-07,0.1457
uber,2023-08,-0.04509
uber,2023-09,-0.02625
uber,2023-10,-0.05893
uber,2023-11,0.30268
uber,2023-12,0.09205
uber,2024-01,0.06009
uber,2024-02,0.21802
uber,2024-03,-0.03157
uber,2024-04,-0.13924
uber,2024-05,-0.0258
uber,2024-06,0.12577
uber,2024-07,-0.11296
uber,2024-08,0.13433
uber,2024-09,0.02776
uber,2024-10,-0.04138
uber,2024-11,-0.00125
uber,2024-12,-0.16176
uber,2025-01,0.10826
uber,2025-02,0.13702
uber,2025-03,-0.04144
uber,2025-04,0.11186
uber,2025-05,0.03888
uber,2025-06,0.1086
uber,2025-07,-0.05949
uber,2025-08,0.06838
uber,2025-09,0.04501
uber,2025-10,-0.015
uber,2025-11,-0.09285
uber,2025-12,-0.0666
uber,2026-01,-0.02032
uber,2026-02,-0.05784
uber,2026-03,-0.04627
uber,2026-04,0.03726
uber,2026-05,-0.05643
uber,2026-06,0.025
uber,2026-07,-0.02494
uber,2026-08,0.07518
uber,2026-09,-0.085
unity,2020-10,0.08708
unity,2020-11,0.60181
unity,2020-12,0.0098
unity,2021-01,-0.02378
unity,2021-02,-0.2816
unity,2021-03,-0.06801
unity,2021-04,0.01266
unity,2021-05,-0.07009
unity,2021-06,0.16271
unity,2021-07,-0.02467
unity,2021-08,0.18325
unity,2021-09,-0.00394
unity,2021-10,0.1985
unity,2021-11,0.13932
unity,2021-12,-0.17054
unity,2022-01,-0.26463
unity,2022-02,0.01236
unity,2022-03,-0.06801
unity,2022-04,-0.33061
unity,2022-05,-0.39813
unity,2022-06,-0.07881
unity,2022-07,0.01548
unity,2022-08,0.14255
unity,2022-09,-0.25421
unity,2022-10,-0.07407
unity,2022-11,0.33932
unity,2022-12,-0.27639
unity,2023-01,0.24239
unity,2023-02,-0.14302
unity,2023-03,0.0657
unity,2023-04,-0.16862
unity,2023-05,0.10197
unity,2023-06,0.46097
unity,2023-07,0.05573
unity,2023-08,-0.19132
unity,2023-09,-0.15322
unity,2023-10,-0.19178
unity,2023-11,0.16318
unity,2023-12,0.38563
unity,2024-01,-0.20763
unity,2024-02,-0.09506
unity,2024-03,-0.08936
unity,2024-04,-0.09101
unity,2024-05,-0.24722
unity,2024-06,-0.11002
unity,2024-07,0.00615
unity,2024-08,0.00061
unity,2024-09,0.3818
unity,2024-10,-0.11229
unity,2024-11,0.2007
unity,2024-12,-0.06802
unity,2025-01,-0.01202
unity,2025-02,0.15495
unity,2025-03,-0.23596
unity,2025-04,0.07555
unity,2025-05,0.23778
unity,2025-06,-0.07209
unity,2025-07,0.37851
unity,2025-08,0.18135
unity,2025-09,0.01599
unity,2025-10,-0.05345
unity,2025-11,0.1219
unity,2025-12,0.03881
unity,2026-01,-0.34118
unity,2026-02,-0.37354
unity,2026-03,0.20351
unity,2026-04,0.20419
unity,2026-05,0.15329
unity,2026-06,-0.06203
unity,2026-07,0.10952
unity,2026-08,0.32766
unity,2026-09,-0.01615
workday,2016-10,-0.05464
workday,2016-11,-0.02723
workday,2016-12,-0.2162
workday,2017-01,0.25722
workday,2017-02,-0.00193
workday,2017-03,0.00422
workday,2017-04,0.04947
workday,2017-05,0.14394
workday,2017-06,-0.02981
workday,2017-07,0.05268
workday,2017-08,0.07423
workday,2017-09,-0.0392
workday,2017-10,0.05314
workday,2017-11,-0.07199
workday,2017-12,-0.01223
workday,2018-01,0.1784
workday,2018-02,0.05655
workday,2018-03,0.00347
workday,2018-04,-0.01786
workday,2018-05,0.04902
workday,2018-06,-0.07514
workday,2018-07,0.02394
workday,2018-08,0.24609
workday,2018-09,-0.05539
workday,2018-10,-0.08878
workday,2018-11,0.2329
workday,2018-12,-0.02634
workday,2019-01,0.13684
workday,2019-02,0.09034
workday,2019-03,-0.02567
workday,2019-04,0.06627
workday,2019-05,-0.00734
workday,2019-06,0.00715
workday,2019-07,-0.02724
workday,2019-08,-0.11351
workday,2019-09,-0.04129
workday,2019-10,-0.04589
workday,2019-11,0.10459
workday,2019-12,-0.0819
workday,2020-01,0.12271
workday,2020-02,-0.06164
workday,2020-03,-0.24837
workday,2020-04,0.18185
workday,2020-05,0.19188
workday,2020-06,0.02143
workday,2020-07,-0.03437
workday,2020-08,0.32495
workday,2020-09,-0.10254
workday,2020-10,-0.02329
workday,2020-11,0.06982
workday,2020-12,0.06593
workday,2021-01,-0.05042
workday,2021-02,0.07757
workday,2021-03,0.01326
workday,2021-04,-0.00576
workday,2021-05,-0.07401
workday,2021-06,0.04381
workday,2021-07,-0.01818
workday,2021-08,0.16536
workday,2021-09,-0.08519
workday,2021-10,0.16043
workday,2021-11,-0.05431
workday,2021-12,-0.00383
workday,2022-01,-0.07383
workday,2022-02,-0.0947
workday,2022-03,0.04545
workday,2022-04,-0.13681
workday,2022-05,-0.24383
workday,2022-06,-0.10697
workday,2022-07,0.11119
workday,2022-08,0.06099
workday,2022-09,-0.07499
workday,2022-10,0.02365
workday,2022-11,0.07753
workday,2022-12,-0.00339
workday,2023-01,0.08426
workday,2023-02,0.02227
workday,2023-03,0.1136
workday,2023-04,-0.09877
workday,2023-05,0.13887
workday,2023-06,0.06557
workday,2023-07,0.04976
workday,2023-08,0.03108
workday,2023-09,-0.12127
workday,2023-10,-0.01461
workday,2023-11,0.27873
workday,2023-12,0.01973
workday,2024-01,0.05437
workday,2024-02,0.01233
workday,2024-03,-0.07436
workday,2024-04,-0.10273
workday,2024-05,-0.13599
workday,2024-06,0.05727
workday,2024-07,0.01592
workday,2024-08,0.15881
workday,2024-09,-0.07136
workday,2024-10,-0.04321
workday,2024-11,0.06902
workday,2024-12,0.03216
workday,2025-01,0.01562
workday,2025-02,0.00488
workday,2025-03,-0.1132
workday,2025-04,0.04912
workday,2025-05,0.01106
workday,2025-06,-0.03113
workday,2025-07,-0.04425
workday,2025-08,0.00628
workday,2025-09,0.04293
workday,2025-10,-0.00336
workday,2025-11,-0.10128
workday,2025-12,-0.0039
workday,2026-01,-0.18228
workday,2026-02,-0.2384
workday,2026-03,-0.02871
workday,2026-04,-0.05788
workday,2026-05,0.19436
workday,2026-06,-0.1626
workday,2026-07,0.30975
workday,2026-08,0.23145
workday,2026-09,-0.03272
zscaler,2018-04,0.06484
zscaler,2018-05,-0.12145
zscaler,2018-06,0.36139
zscaler,2018-07,-0.01231
zscaler,2018-08,0.21184
zscaler,2018-09,-0.04697
zscaler,2018-10,-0.1101
zscaler,2018-11,0.08184
zscaler,2018-12,-0.00127
zscaler,2019-01,0.23361
zscaler,2019-02,0.02708
zscaler,2019-03,0.42774
zscaler,2019-04,-0.03694
zscaler,2019-05,0.00468
zscaler,2019-06,0.11671
zscaler,2019-07,0.09956
zscaler,2019-08,-0.18429
zscaler,2019-09,-0.31248
zscaler,2019-10,-0.0694
zscaler,2019-11,0.18531
zscaler,2019-12,-0.108
zscaler,2020-01,0.20624
zscaler,2020-02,-0.0731
zscaler,2020-03,0.17061
zscaler,2020-04,0.1022
zscaler,2020-05,0.46228
zscaler,2020-06,0.11632
zscaler,2020-07,0.18584
zscaler,2020-08,0.10389
zscaler,2020-09,-0.01849
zscaler,2020-10,-0.03511
zscaler,2020-11,0.14733
zscaler,2020-12,0.28225
zscaler,2021-01,-5e-05
zscaler,2021-02,0.02669
zscaler,2021-03,-0.16271
zscaler,2021-04,0.09303
zscaler,2021-05,0.03496
zscaler,2021-06,0.11256
zscaler,2021-07,0.09187
zscaler,2021-08,0.17986
zscaler,2021-09,-0.05791
zscaler,2021-10,0.216
zscaler,2021-11,0.08816
zscaler,2021-12,-0.0739
zscaler,2022-01,-0.19986
zscaler,2022-02,-0.06985
zscaler,2022-03,0.00891
zscaler,2022-04,-0.15973
zscaler,2022-05,-0.24489
zscaler,2022-06,-0.02338
zscaler,2022-07,0.03712
zscaler,2022-08,0.02696
zscaler,2022-09,0.03222
zscaler,2022-10,-0.06248
zscaler,2022-11,-0.134
zscaler,2022-12,-0.16148
zscaler,2023-01,0.10956
zscaler,2023-02,0.0563
zscaler,2023-03,-0.10919
zscaler,2023-04,-0.22879
zscaler,2023-05,0.50366
zscaler,2023-06,0.07986
zscaler,2023-07,0.09624
zscaler,2023-08,-0.027
zscaler,2023-09,-0.00295
zscaler,2023-10,0.01992
zscaler,2023-11,0.24475
zscaler,2023-12,0.12165
zscaler,2024-01,0.06368
zscaler,2024-02,0.02673
zscaler,2024-03,-0.20391
zscaler,2024-04,-0.10222
zscaler,2024-05,-0.01723
zscaler,2024-06,0.1308
zscaler,2024-07,-0.06681
zscaler,2024-08,0.11503
zscaler,2024-09,-0.14521
zscaler,2024-10,0.05762
zscaler,2024-11,0.14271
zscaler,2024-12,-0.12672
zscaler,2025-01,0.12294
zscaler,2025-02,-0.03139
zscaler,2025-03,0.01116
zscaler,2025-04,0.13985
zscaler,2025-05,0.21899
zscaler,2025-06,0.1387
zscaler,2025-07,-0.0904
zscaler,2025-08,-0.0298
zscaler,2025-09,0.08161
zscaler,2025-10,0.10505
zscaler,2025-11,-0.2405
zscaler,2025-12,-0.10569
zscaler,2026-01,-0.11075
zscaler,2026-02,-0.26509
zscaler,2026-03,-0.04558
zscaler,2026-04,-0.0685
zscaler,2026-05,0.06925
zscaler,2026-06,0.01016
zscaler,2026-07,0.0712
zscaler,2026-08,0.24593
zscaler,2026-09,0.13937
