company_id,ticker,month,hires,senior_hires,mean_wage,departures,source_mask
adobe,ADBE,2009-10,2,1.0,100250,0,2
adobe,ADBE,2009-11,5,2.8,119480,0,2
adobe,ADBE,2009-12,6,3.0,106401,0,2
adobe,ADBE,2010-01,5,2.4,103350,0,2
adobe,ADBE,2010-02,2,1.4,118488,0,2
adobe,ADBE,2010-03,3,1.2,105908,0,2
adobe,ADBE,2010-04,6,3.4,109651,0,2
adobe,ADBE,2010-05,8,4.4,115156,0,2
adobe,ADBE,2010-06,15,7.0,104157,0,2
adobe,ADBE,2010-07,14,7.4,97233,0,2
adobe,ADBE,2010-08,12,6.6,97614,0,2
adobe,ADBE,2010-09,15,7.6,95846,0,2
adobe,ADBE,2010-10,9,4.2,98790,0,2
adobe,ADBE,2010-11,7,3.0,96093,0,2
adobe,ADBE,2010-12,8,3.8,100250,0,2
adobe,ADBE,2011-01,6,3.2,96616,0,2
adobe,ADBE,2011-02,9,4.2,111254,0,2
adobe,ADBE,2011-03,23,11.2,100147,0,2
adobe,ADBE,2011-04,15,8.4,106549,0,2
adobe,ADBE,2011-05,12,5.4,97215,0,2
adobe,ADBE,2011-06,13,6.2,96469,0,2
adobe,ADBE,2011-07,15,8.6,106024,0,2
adobe,ADBE,2011-08,9,5.2,106791,0,2
adobe,ADBE,2011-09,8,4.6,111083,0,2
adobe,ADBE,2011-10,8,4.0,96641,0,2
adobe,ADBE,2011-11,8,3.4,104638,0,2
adobe,ADBE,2011-12,7,3.0,96489,0,2
adobe,ADBE,2012-01,2,1.2,128275,0,2
adobe,ADBE,2012-02,9,3.8,108453,0,2
adobe,ADBE,2012-03,28,13.2,108078,0,2
adobe,ADBE,2012-04,26,12.6,107158,0,2
adobe,ADBE,2012-05,29,14.4,109821,0,2
adobe,ADBE,2012-06,17,8.6,108521,0,2
adobe,ADBE,2012-07,6,3.4,103131,0,2
adobe,ADBE,2012-08,11,6.8,122670,0,2
adobe,ADBE,2012-09,11,6.0,110635,0,2
adobe,ADBE,2012-10,14,7.0,124283,0,2
adobe,ADBE,2012-11,13,7.4,122720,0,2
adobe,ADBE,2012-12,10,6.4,123671,0,2
adobe,ADBE,2013-01,1,0.6,110000,0,2
adobe,ADBE,2013-02,10,5.0,106968,0,2
adobe,ADBE,2013-03,57,27.2,105338,0,2
adobe,ADBE,2013-04,17,9.0,118839,0,2
adobe,ADBE,2013-05,9,5.4,118450,0,2
adobe,ADBE,2013-06,8,5.0,143586,0,2
adobe,ADBE,2013-07,12,6.0,110215,0,2
adobe,ADBE,2013-08,4,2.0,119245,0,2
adobe,ADBE,2013-09,3,1.6,134759,0,2
adobe,ADBE,2013-10,4,2.0,119126,0,2
adobe,ADBE,2013-11,20,9.6,112498,0,2
adobe,ADBE,2013-12,5,2.8,99858,0,2
adobe,ADBE,2014-01,6,3.0,94252,0,2
adobe,ADBE,2014-02,17,9.6,113813,0,2
adobe,ADBE,2014-03,23,11.0,111917,0,2
adobe,ADBE,2014-04,18,9.4,114979,0,2
adobe,ADBE,2014-05,15,8.2,121504,0,2
adobe,ADBE,2014-06,17,9.2,138038,0,2
adobe,ADBE,2014-07,12,7.4,130505,0,2
adobe,ADBE,2014-08,10,5.4,125823,0,2
adobe,ADBE,2014-09,14,7.4,113269,0,2
adobe,ADBE,2014-10,11,6.4,0,0,2
adobe,ADBE,2014-11,10,5.0,0,0,2
adobe,ADBE,2014-12,8,4.6,0,0,2
adobe,ADBE,2015-01,10,4.8,0,0,2
adobe,ADBE,2015-02,20,10.6,0,0,2
adobe,ADBE,2015-03,53,27.6,0,0,2
adobe,ADBE,2015-04,61,37.2,0,0,2
adobe,ADBE,2015-05,23,14.4,0,0,2
adobe,ADBE,2015-06,12,7.6,0,0,2
adobe,ADBE,2015-07,11,5.2,0,0,2
adobe,ADBE,2015-08,21,12.6,0,0,2
adobe,ADBE,2015-09,12,6.8,0,0,2
adobe,ADBE,2015-10,17,9.8,113607,0,2
adobe,ADBE,2015-11,5,3.0,129250,0,2
adobe,ADBE,2015-12,5,2.2,117580,0,2
adobe,ADBE,2016-01,55,34.0,95004,0,2
adobe,ADBE,2016-02,26,16.6,132728,0,2
adobe,ADBE,2016-03,38,19.8,127494,0,2
adobe,ADBE,2016-04,18,8.8,119235,0,2
adobe,ADBE,2016-05,22,12.4,134028,0,2
adobe,ADBE,2016-06,21,12.2,145109,0,2
adobe,ADBE,2016-07,17,8.6,135059,0,2
adobe,ADBE,2016-08,23,11.4,142319,0,2
adobe,ADBE,2016-09,30,18.2,139380,0,2
adobe,ADBE,2016-10,12,6.8,145197,0,2
adobe,ADBE,2016-11,17,10.2,150764,0,2
adobe,ADBE,2016-12,15,9.8,131196,0,2
adobe,ADBE,2017-01,8,4.8,109886,0,2
adobe,ADBE,2017-02,43,24.2,112224,0,2
adobe,ADBE,2017-03,142,76.2,108004,0,2
adobe,ADBE,2017-04,15,6.8,124452,0,2
adobe,ADBE,2017-05,16,7.0,113994,0,2
adobe,ADBE,2017-06,8,4.0,126103,0,2
adobe,ADBE,2017-07,16,8.8,130854,0,2
adobe,ADBE,2017-08,23,11.8,128882,0,2
adobe,ADBE,2017-09,12,6.4,122980,0,2
adobe,ADBE,2017-10,29,14.8,124292,0,2
adobe,ADBE,2017-11,28,16.6,125123,0,2
adobe,ADBE,2017-12,38,19.8,125255,0,2
adobe,ADBE,2018-01,147,76.0,122402,0,2
adobe,ADBE,2018-02,46,25.8,123924,0,2
adobe,ADBE,2018-03,74,38.2,116940,0,2
adobe,ADBE,2018-04,39,22.8,127752,0,2
adobe,ADBE,2018-05,26,14.0,127242,0,2
adobe,ADBE,2018-06,16,10.0,129700,0,2
adobe,ADBE,2018-07,40,21.6,133617,0,2
adobe,ADBE,2018-08,39,22.2,134615,0,2
adobe,ADBE,2018-09,21,12.2,121024,0,2
adobe,ADBE,2018-10,13,6.8,115276,0,2
adobe,ADBE,2018-11,12,6.4,118570,0,2
adobe,ADBE,2018-12,27,18.0,127540,0,2
adobe,ADBE,2019-01,52,26.0,123217,0,2
adobe,ADBE,2019-02,29,17.8,132928,0,2
adobe,ADBE,2019-03,163,78.2,122093,0,2
adobe,ADBE,2019-04,54,28.0,139935,0,2
adobe,ADBE,2019-05,42,22.6,142948,0,2
adobe,ADBE,2019-06,61,31.8,139161,0,2
adobe,ADBE,2019-07,30,14.8,145464,0,2
adobe,ADBE,2019-08,22,11.2,135575,0,2
adobe,ADBE,2019-09,30,15.8,145261,0,2
adobe,ADBE,2019-10,40,20.0,130344,0,2
adobe,ADBE,2019-11,28,14.0,138655,0,2
adobe,ADBE,2019-12,31,16.0,140022,0,2
adobe,ADBE,2020-01,31,14.4,132285,0,2
adobe,ADBE,2020-02,51,23.4,137948,0,2
adobe,ADBE,2020-03,63,31.4,136545,0,2
adobe,ADBE,2020-04,55,27.0,131060,0,2
adobe,ADBE,2020-05,29,15.6,139301,0,2
adobe,ADBE,2020-06,40,21.4,136662,0,2
adobe,ADBE,2020-07,42,22.0,140457,0,2
adobe,ADBE,2020-08,34,18.2,152511,0,2
adobe,ADBE,2020-09,34,16.8,139405,0,2
adobe,ADBE,2020-10,150,75.6,139387,0,2
adobe,ADBE,2020-11,60,28.8,153056,0,2
adobe,ADBE,2020-12,192,88.2,138271,0,2
adobe,ADBE,2021-01,118,56.4,144190,0,2
adobe,ADBE,2021-02,116,55.6,141055,0,2
adobe,ADBE,2021-03,210,98.4,137756,0,2
adobe,ADBE,2021-04,78,36.4,137982,0,2
adobe,ADBE,2021-05,65,33.6,138282,0,2
adobe,ADBE,2021-06,58,30.6,143803,0,2
adobe,ADBE,2021-07,65,31.8,141769,0,2
adobe,ADBE,2021-08,48,22.2,143149,0,2
adobe,ADBE,2021-09,79,41.2,146890,0,2
adobe,ADBE,2021-10,35,18.4,140278,0,2
adobe,ADBE,2021-11,77,40.4,143892,0,2
adobe,ADBE,2021-12,68,33.0,137368,0,2
adobe,ADBE,2022-01,67,36.0,144166,0,2
adobe,ADBE,2022-02,91,51.0,146694,0,2
adobe,ADBE,2022-03,133,63.4,136477,0,2
adobe,ADBE,2022-04,128,63.2,132233,0,2
adobe,ADBE,2022-05,63,33.6,142437,0,2
adobe,ADBE,2022-06,66,37.2,149641,0,2
adobe,ADBE,2022-07,59,31.6,151821,0,2
adobe,ADBE,2022-08,56,27.4,154962,0,2
adobe,ADBE,2022-09,39,23.4,152158,0,2
adobe,ADBE,2022-10,107,55.0,157436,0,2
adobe,ADBE,2022-11,63,34.4,149634,0,2
adobe,ADBE,2022-12,60,36.0,190211,0,2
adobe,ADBE,2023-01,27,15.8,179106,0,2
adobe,ADBE,2023-02,39,24.6,178713,0,2
adobe,ADBE,2023-03,256,137.2,150123,0,2
adobe,ADBE,2023-04,95,51.6,158322,0,2
adobe,ADBE,2023-05,74,36.0,179022,0,2
adobe,ADBE,2023-06,35,17.0,184348,0,2
adobe,ADBE,2023-07,33,16.2,185096,0,2
adobe,ADBE,2023-08,40,18.8,187642,0,2
adobe,ADBE,2023-09,43,22.2,179701,0,2
adobe,ADBE,2023-10,34,15.8,181644,0,2
adobe,ADBE,2023-11,46,22.0,183450,0,2
adobe,ADBE,2023-12,52,24.0,190309,0,2
adobe,ADBE,2024-01,68,31.4,191883,0,2
adobe,ADBE,2024-02,223,103.0,174592,0,2
adobe,ADBE,2024-03,371,168.4,173758,0,2
adobe,ADBE,2024-04,113,50.8,180851,0,2
adobe,ADBE,2024-05,74,33.2,185193,0,2
adobe,ADBE,2024-06,78,36.0,190416,0,2
adobe,ADBE,2024-07,58,25.2,194370,0,2
adobe,ADBE,2024-08,51,22.6,194005,0,2
adobe,ADBE,2024-09,39,18.0,194262,0,2
adobe,ADBE,2024-10,59,25.2,195706,0,2
adobe,ADBE,2024-11,70,32.0,208171,0,2
adobe,ADBE,2024-12,53,24.4,197964,0,2
adobe,ADBE,2025-01,129,59.0,176623,0,2
adobe,ADBE,2025-02,289,125.8,174884,0,2
adobe,ADBE,2025-03,251,114.0,177335,0,2
adobe,ADBE,2025-04,58,28.0,202516,0,2
adobe,ADBE,2025-05,67,29.6,183282,0,2
adobe,ADBE,2025-06,53,22.8,199235,0,2
adobe,ADBE,2025-07,46,20.4,212950,0,2
adobe,ADBE,2025-08,45,20.0,202837,0,2
adobe,ADBE,2025-09,45,18.8,208051,0,2
adobe,ADBE,2025-11,72,32.4,206520,0,2
adobe,ADBE,2025-12,57,27.2,206678,0,2
airbnb,ABNB,2012-03,2,0.8,112500,0,2
airbnb,ABNB,2012-04,1,0.4,50939,0,2
airbnb,ABNB,2012-05,2,0.8,117500,0,2
airbnb,ABNB,2012-06,3,1.2,106666,0,2
airbnb,ABNB,2012-07,1,0.4,120000,0,2
airbnb,ABNB,2012-08,2,1.2,106500,0,2
airbnb,ABNB,2012-09,1,0.8,110000,0,2
airbnb,ABNB,2012-10,1,0.8,140000,0,2
airbnb,ABNB,2013-02,1,0.4,150000,0,2
airbnb,ABNB,2013-03,11,4.8,120000,0,2
airbnb,ABNB,2013-04,2,1.2,130775,0,2
airbnb,ABNB,2013-05,1,0.4,115000,0,2
airbnb,ABNB,2013-07,3,1.6,141250,0,2
airbnb,ABNB,2013-09,2,0.8,110000,0,2
airbnb,ABNB,2013-11,1,0.4,155000,0,2
airbnb,ABNB,2014-02,5,2.0,117000,0,2
airbnb,ABNB,2014-03,6,2.4,128333,0,2
airbnb,ABNB,2014-04,8,4.2,148750,0,2
airbnb,ABNB,2014-05,6,3.4,135500,0,2
airbnb,ABNB,2014-06,2,1.0,115000,0,2
airbnb,ABNB,2014-07,6,2.4,135000,0,2
airbnb,ABNB,2014-08,2,1.4,137500,0,2
airbnb,ABNB,2014-10,3,1.2,0,0,2
airbnb,ABNB,2014-11,6,2.8,0,0,2
airbnb,ABNB,2014-12,2,0.8,0,0,2
airbnb,ABNB,2015-01,3,1.2,0,0,2
airbnb,ABNB,2015-02,16,6.8,0,0,2
airbnb,ABNB,2015-03,15,6.0,0,0,2
airbnb,ABNB,2015-04,4,1.6,0,0,2
airbnb,ABNB,2015-05,14,5.6,0,0,2
airbnb,ABNB,2015-06,8,3.8,0,0,2
airbnb,ABNB,2015-07,9,3.6,0,0,2
airbnb,ABNB,2015-08,6,2.4,0,0,2
airbnb,ABNB,2015-09,9,4.6,0,0,2
airbnb,ABNB,2015-10,6,3.6,152500,0,2
airbnb,ABNB,2015-11,4,1.6,139250,0,2
airbnb,ABNB,2015-12,7,3.2,159714,0,2
airbnb,ABNB,2016-01,4,2.2,149350,0,2
airbnb,ABNB,2016-02,63,27.6,130242,0,2
airbnb,ABNB,2016-03,20,8.8,145000,0,2
airbnb,ABNB,2016-04,5,2.4,161000,0,2
airbnb,ABNB,2016-05,9,3.6,144569,0,2
airbnb,ABNB,2016-06,8,4.4,174375,0,2
airbnb,ABNB,2016-07,13,5.6,172692,0,2
airbnb,ABNB,2016-08,7,2.8,166428,0,2
airbnb,ABNB,2016-09,7,2.8,164285,0,2
airbnb,ABNB,2016-10,10,4.4,163635,0,2
airbnb,ABNB,2016-11,8,3.2,167237,0,2
airbnb,ABNB,2016-12,7,2.8,173202,0,2
airbnb,ABNB,2017-01,7,3.6,157594,0,2
airbnb,ABNB,2017-02,99,41.4,136584,0,2
airbnb,ABNB,2017-03,26,13.0,168996,0,2
airbnb,ABNB,2017-04,15,6.0,177082,0,2
airbnb,ABNB,2017-05,18,7.8,172571,0,2
airbnb,ABNB,2017-06,11,4.4,170181,0,2
airbnb,ABNB,2017-07,18,7.6,169324,0,2
airbnb,ABNB,2017-08,13,6.0,164768,0,2
airbnb,ABNB,2017-09,17,6.8,164294,0,2
airbnb,ABNB,2017-10,10,4.4,160250,0,2
airbnb,ABNB,2017-11,14,7.0,188139,0,2
airbnb,ABNB,2017-12,17,7.6,173246,0,2
airbnb,ABNB,2018-01,7,3.4,188091,0,2
airbnb,ABNB,2018-02,102,40.8,137996,0,2
airbnb,ABNB,2018-03,44,19.6,156383,0,2
airbnb,ABNB,2018-04,9,3.6,165305,0,2
airbnb,ABNB,2018-05,7,3.2,184728,0,2
airbnb,ABNB,2018-06,13,5.2,176546,0,2
airbnb,ABNB,2018-07,21,11.2,185690,0,2
airbnb,ABNB,2018-08,17,7.6,182946,0,2
airbnb,ABNB,2018-09,21,9.6,183321,0,2
airbnb,ABNB,2018-10,21,8.4,191828,0,2
airbnb,ABNB,2018-11,37,17.2,177198,0,2
airbnb,ABNB,2018-12,31,12.8,188943,0,2
airbnb,ABNB,2019-01,22,9.4,195852,0,2
airbnb,ABNB,2019-02,99,41.6,160693,0,2
airbnb,ABNB,2019-03,50,22.8,177352,0,2
airbnb,ABNB,2019-04,37,17.2,198733,0,2
airbnb,ABNB,2019-05,33,16.2,191877,0,2
airbnb,ABNB,2019-06,19,9.6,193278,0,2
airbnb,ABNB,2019-07,16,7.4,201156,0,2
airbnb,ABNB,2019-08,15,7.4,192566,0,2
airbnb,ABNB,2019-09,16,7.6,180774,0,2
airbnb,ABNB,2019-10,25,13.2,200990,0,2
airbnb,ABNB,2019-11,23,12.8,206836,0,2
airbnb,ABNB,2019-12,23,10.8,203186,0,2
airbnb,ABNB,2020-01,21,10.8,200764,0,2
airbnb,ABNB,2020-02,42,20.4,193342,0,2
airbnb,ABNB,2020-03,14,7.4,207194,0,2
airbnb,ABNB,2020-04,66,29.6,166106,0,2
airbnb,ABNB,2020-05,15,7.0,191626,0,2
airbnb,ABNB,2020-06,11,4.8,205670,0,2
airbnb,ABNB,2020-07,13,6.6,169744,0,2
airbnb,ABNB,2020-08,8,3.4,150815,0,2
airbnb,ABNB,2020-09,17,9.2,195439,0,2
airbnb,ABNB,2020-10,42,24.0,195337,0,2
airbnb,ABNB,2020-11,45,20.4,199951,0,2
airbnb,ABNB,2020-12,45,22.2,195969,0,2
airbnb,ABNB,2021-01,54,23.6,195315,0,2
airbnb,ABNB,2021-02,54,25.6,193570,0,2
airbnb,ABNB,2021-03,26,12.4,212917,0,2
airbnb,ABNB,2021-04,35,16.0,194904,0,2
airbnb,ABNB,2021-05,28,15.8,205501,0,2
airbnb,ABNB,2021-06,22,12.2,201727,0,2
airbnb,ABNB,2021-07,15,8.0,201840,0,2
airbnb,ABNB,2021-08,28,16.4,201371,0,2
airbnb,ABNB,2021-09,20,11.4,204773,0,2
airbnb,ABNB,2021-10,28,15.6,216385,0,2
airbnb,ABNB,2021-11,24,14.4,187929,0,2
airbnb,ABNB,2021-12,19,11.2,209831,0,2
airbnb,ABNB,2022-01,15,8.4,196840,0,2
airbnb,ABNB,2022-02,58,31.0,190284,0,2
airbnb,ABNB,2022-03,12,7.4,202875,0,2
airbnb,ABNB,2022-04,25,15.0,202008,0,2
airbnb,ABNB,2022-05,19,10.8,210284,0,2
airbnb,ABNB,2022-06,19,11.2,216642,0,2
airbnb,ABNB,2022-07,28,16.0,201085,0,2
airbnb,ABNB,2022-08,13,8.6,209743,0,2
airbnb,ABNB,2022-09,12,6.8,200075,0,2
airbnb,ABNB,2022-10,26,16.4,223461,0,2
airbnb,ABNB,2022-11,24,15.6,191833,0,2
airbnb,ABNB,2022-12,24,14.0,187955,0,2
airbnb,ABNB,2023-01,8,5.2,213550,0,2
airbnb,ABNB,2023-02,4,2.8,230675,0,2
airbnb,ABNB,2023-03,1,0.8,165000,0,2
airbnb,ABNB,2023-04,46,24.8,168164,0,2
airbnb,ABNB,2023-05,15,9.4,171143,0,2
airbnb,ABNB,2023-06,19,10.4,167591,0,2
airbnb,ABNB,2023-07,9,5.4,181111,0,2
airbnb,ABNB,2023-08,16,9.0,162312,0,2
airbnb,ABNB,2023-09,8,6.0,175941,0,2
airbnb,ABNB,2023-10,21,14.0,183809,0,2
airbnb,ABNB,2023-11,11,6.8,177272,0,2
airbnb,ABNB,2023-12,13,9.0,194230,0,2
airbnb,ABNB,2024-01,10,5.8,176500,0,2
airbnb,ABNB,2024-02,6,4.4,200833,0,2
airbnb,ABNB,2024-03,11,6.2,173454,0,2
airbnb,ABNB,2024-04,27,16.4,174192,0,2
airbnb,ABNB,2024-05,21,13.6,179820,0,2
airbnb,ABNB,2024-06,13,8.2,182186,0,2
airbnb,ABNB,2024-07,15,9.4,184066,0,2
airbnb,ABNB,2024-08,20,12.2,180600,0,2
airbnb,ABNB,2024-09,11,6.0,177829,0,2
airbnb,ABNB,2024-10,17,9.8,176588,0,2
airbnb,ABNB,2024-11,13,9.0,190544,0,2
airbnb,ABNB,2024-12,17,12.0,184550,0,2
airbnb,ABNB,2025-01,18,11.8,185755,0,2
airbnb,ABNB,2025-02,21,12.4,187037,0,2
airbnb,ABNB,2025-03,15,10.0,194477,0,2
airbnb,ABNB,2025-04,20,12.2,177050,0,2
airbnb,ABNB,2025-05,36,24.2,197027,0,2
airbnb,ABNB,2025-06,21,13.6,186380,0,2
airbnb,ABNB,2025-07,21,13.4,181238,0,2
airbnb,ABNB,2025-08,15,10.0,185200,0,2
airbnb,ABNB,2025-09,14,8.8,180642,0,2
airbnb,ABNB,2025-11,22,15.4,193045,0,2
airbnb,ABNB,2025-12,10,6.2,187300,0,2
alphabet,GOOGL,2009-10,40,18.0,106225,0,2
alphabet,GOOGL,2009-11,59,26.0,104320,0,2
alphabet,GOOGL,2009-12,37,16.0,102928,0,2
alphabet,GOOGL,2010-01,26,12.4,101317,0,2
alphabet,GOOGL,2010-02,60,24.6,99573,0,2
alphabet,GOOGL,2010-03,123,52.2,103435,0,2
alphabet,GOOGL,2010-04,96,40.2,106803,0,2
alphabet,GOOGL,2010-05,82,34.6,108452,0,2
alphabet,GOOGL,2010-06,96,39.8,102155,0,2
alphabet,GOOGL,2010-07,84,37.0,112982,0,2
alphabet,GOOGL,2010-08,94,41.0,104829,0,2
alphabet,GOOGL,2010-09,99,44.8,106613,0,2
alphabet,GOOGL,2010-10,58,25.6,104295,0,2
alphabet,GOOGL,2010-11,58,23.6,106107,0,2
alphabet,GOOGL,2010-12,79,35.6,116950,0,2
alphabet,GOOGL,2011-01,92,39.2,117597,0,2
alphabet,GOOGL,2011-02,41,18.6,146052,0,2
alphabet,GOOGL,2011-03,215,94.4,125619,0,2
alphabet,GOOGL,2011-04,145,62.8,128289,0,2
alphabet,GOOGL,2011-05,131,59.4,132313,0,2
alphabet,GOOGL,2011-06,146,63.0,127947,0,2
alphabet,GOOGL,2011-07,105,45.6,126027,0,2
alphabet,GOOGL,2011-08,121,53.2,125519,0,2
alphabet,GOOGL,2011-09,79,36.8,123186,0,2
alphabet,GOOGL,2011-10,95,42.4,122773,0,2
alphabet,GOOGL,2011-11,115,49.2,120948,0,2
alphabet,GOOGL,2011-12,41,18.4,131419,0,2
alphabet,GOOGL,2012-01,116,49.4,118372,0,2
alphabet,GOOGL,2012-02,172,76.0,125032,0,2
alphabet,GOOGL,2012-03,223,100.2,128375,0,2
alphabet,GOOGL,2012-04,111,48.6,129483,0,2
alphabet,GOOGL,2012-05,199,87.2,132675,0,2
alphabet,GOOGL,2012-06,246,105.0,125135,0,2
alphabet,GOOGL,2012-07,99,42.0,132284,0,2
alphabet,GOOGL,2012-08,131,57.4,129478,0,2
alphabet,GOOGL,2012-09,127,57.6,129246,0,2
alphabet,GOOGL,2012-10,83,37.2,131952,0,2
alphabet,GOOGL,2012-11,57,27.2,127082,0,2
alphabet,GOOGL,2012-12,86,37.2,124972,0,2
alphabet,GOOGL,2013-01,148,64.4,126336,0,2
alphabet,GOOGL,2013-02,227,98.0,125488,0,2
alphabet,GOOGL,2013-03,574,250.8,122696,0,2
alphabet,GOOGL,2013-04,126,56.8,135983,0,2
alphabet,GOOGL,2013-05,159,71.8,139905,0,2
alphabet,GOOGL,2013-06,225,96.0,121935,0,2
alphabet,GOOGL,2013-07,203,87.6,123130,0,2
alphabet,GOOGL,2013-08,112,52.2,130981,0,2
alphabet,GOOGL,2013-09,86,37.6,126342,0,2
alphabet,GOOGL,2013-10,52,23.4,128638,0,2
alphabet,GOOGL,2013-11,127,57.0,130164,0,2
alphabet,GOOGL,2013-12,63,28.8,129374,0,2
alphabet,GOOGL,2014-01,84,39.2,128901,0,2
alphabet,GOOGL,2014-02,346,145.6,120793,0,2
alphabet,GOOGL,2014-03,755,326.6,119331,0,2
alphabet,GOOGL,2014-04,185,88.6,135761,0,2
alphabet,GOOGL,2014-05,200,87.8,138117,0,2
alphabet,GOOGL,2014-06,669,281.8,121718,0,2
alphabet,GOOGL,2014-07,180,81.4,132804,0,2
alphabet,GOOGL,2014-08,158,73.2,131477,0,2
alphabet,GOOGL,2014-09,161,70.8,131215,0,2
alphabet,GOOGL,2014-10,132,58.8,0,0,2
alphabet,GOOGL,2014-11,92,43.4,0,0,2
alphabet,GOOGL,2014-12,99,44.4,0,0,2
alphabet,GOOGL,2015-01,120,52.2,0,0,2
alphabet,GOOGL,2015-02,479,201.0,0,0,2
alphabet,GOOGL,2015-03,903,385.6,0,0,2
alphabet,GOOGL,2015-04,290,129.2,0,0,2
alphabet,GOOGL,2015-05,236,98.8,0,0,2
alphabet,GOOGL,2015-06,346,150.8,0,0,2
alphabet,GOOGL,2015-07,589,250.8,0,0,2
alphabet,GOOGL,2015-08,413,178.6,0,0,2
alphabet,GOOGL,2015-09,237,105.2,0,0,2
alphabet,GOOGL,2015-10,193,86.2,128734,0,2
alphabet,GOOGL,2015-11,151,66.2,132018,0,2
alphabet,GOOGL,2015-12,256,110.0,126461,0,2
alphabet,GOOGL,2016-01,402,168.4,124903,0,2
alphabet,GOOGL,2016-02,723,316.0,126492,0,2
alphabet,GOOGL,2016-03,497,220.0,132486,0,2
alphabet,GOOGL,2016-04,307,134.0,141033,0,2
alphabet,GOOGL,2016-05,286,130.2,136763,0,2
alphabet,GOOGL,2016-06,240,107.2,139723,0,2
alphabet,GOOGL,2016-07,1131,480.0,125685,0,2
alphabet,GOOGL,2016-08,282,125.6,134509,0,2
alphabet,GOOGL,2016-09,247,107.0,134340,0,2
alphabet,GOOGL,2016-10,167,74.0,134973,0,2
alphabet,GOOGL,2016-11,201,88.2,137961,0,2
alphabet,GOOGL,2016-12,362,151.2,129066,0,2
alphabet,GOOGL,2017-01,379,159.6,128631,0,2
alphabet,GOOGL,2017-02,1220,510.6,126884,0,2
alphabet,GOOGL,2017-03,898,382.2,139631,0,2
alphabet,GOOGL,2017-04,133,58.8,143682,0,2
alphabet,GOOGL,2017-05,160,72.8,144806,0,2
alphabet,GOOGL,2017-06,161,71.0,140100,0,2
alphabet,GOOGL,2017-07,336,145.2,135034,0,2
alphabet,GOOGL,2017-08,845,353.6,129155,0,2
alphabet,GOOGL,2017-09,248,109.4,139354,0,2
alphabet,GOOGL,2017-10,243,112.2,140141,0,2
alphabet,GOOGL,2017-11,174,77.6,147934,0,2
alphabet,GOOGL,2017-12,152,69.0,141664,0,2
alphabet,GOOGL,2018-01,590,251.2,137573,0,2
alphabet,GOOGL,2018-02,1402,589.2,132130,0,2
alphabet,GOOGL,2018-03,507,226.2,139476,0,2
alphabet,GOOGL,2018-04,460,202.0,146942,0,2
alphabet,GOOGL,2018-05,525,226.2,149595,0,2
alphabet,GOOGL,2018-06,369,166.8,147547,0,2
alphabet,GOOGL,2018-07,1395,598.6,135894,0,2
alphabet,GOOGL,2018-08,322,145.0,147360,0,2
alphabet,GOOGL,2018-09,328,145.6,143416,0,2
alphabet,GOOGL,2018-10,331,144.8,142369,0,2
alphabet,GOOGL,2018-11,342,149.4,146299,0,2
alphabet,GOOGL,2018-12,649,283.6,135398,0,2
alphabet,GOOGL,2019-01,3021,1334.2,138084,0,2
alphabet,GOOGL,2019-02,2159,1024.8,140646,0,2
alphabet,GOOGL,2019-03,1237,553.8,145794,0,2
alphabet,GOOGL,2019-04,625,281.8,151277,0,2
alphabet,GOOGL,2019-05,466,215.6,156133,0,2
alphabet,GOOGL,2019-06,322,141.6,152827,0,2
alphabet,GOOGL,2019-07,347,155.6,151327,0,2
alphabet,GOOGL,2019-08,391,176.8,154382,0,2
alphabet,GOOGL,2019-09,306,143.0,153737,0,2
alphabet,GOOGL,2019-10,385,170.0,151950,0,2
alphabet,GOOGL,2019-11,474,208.2,151986,0,2
alphabet,GOOGL,2019-12,958,410.0,138822,0,2
alphabet,GOOGL,2020-01,3026,1358.4,140758,0,2
alphabet,GOOGL,2020-02,917,400.6,151596,0,2
alphabet,GOOGL,2020-03,1089,491.8,153182,0,2
alphabet,GOOGL,2020-04,754,333.8,159739,0,2
alphabet,GOOGL,2020-05,992,452.6,161039,0,2
alphabet,GOOGL,2020-06,377,171.8,158796,0,2
alphabet,GOOGL,2020-07,330,157.2,161957,0,2
alphabet,GOOGL,2020-08,341,153.0,155661,0,2
alphabet,GOOGL,2020-09,671,295.4,149582,0,2
alphabet,GOOGL,2020-10,798,355.8,154470,0,2
alphabet,GOOGL,2020-11,772,342.2,157884,0,2
alphabet,GOOGL,2020-12,1161,537.6,161363,0,2
alphabet,GOOGL,2021-01,847,384.0,160732,0,2
alphabet,GOOGL,2021-02,5226,2288.0,150441,0,2
alphabet,GOOGL,2021-03,3962,1771.2,156828,0,2
alphabet,GOOGL,2021-04,844,382.6,162683,0,2
alphabet,GOOGL,2021-05,602,270.0,161739,0,2
alphabet,GOOGL,2021-06,571,255.4,163837,0,2
alphabet,GOOGL,2021-07,507,227.8,163274,0,2
alphabet,GOOGL,2021-08,604,270.8,161611,0,2
alphabet,GOOGL,2021-09,608,282.2,160319,0,2
alphabet,GOOGL,2021-10,650,298.6,160578,0,2
alphabet,GOOGL,2021-11,657,302.4,163149,0,2
alphabet,GOOGL,2021-12,807,355.8,160085,0,2
alphabet,GOOGL,2022-01,647,282.2,167687,0,2
alphabet,GOOGL,2022-02,1737,754.2,161696,0,2
alphabet,GOOGL,2022-03,3670,1596.0,157747,0,2
alphabet,GOOGL,2022-04,970,437.0,170557,0,2
alphabet,GOOGL,2022-05,723,325.8,172826,0,2
alphabet,GOOGL,2022-06,786,365.0,174801,0,2
alphabet,GOOGL,2022-07,586,265.2,176719,0,2
alphabet,GOOGL,2022-08,505,236.6,174796,0,2
alphabet,GOOGL,2022-09,437,206.6,181830,0,2
alphabet,GOOGL,2022-10,1130,517.2,180074,0,2
alphabet,GOOGL,2022-11,1472,662.4,177353,0,2
alphabet,GOOGL,2022-12,1001,452.0,179299,0,2
alphabet,GOOGL,2023-01,324,144.4,180068,0,2
alphabet,GOOGL,2023-02,1218,525.2,163993,0,2
alphabet,GOOGL,2023-03,4124,1811.8,158202,0,2
alphabet,GOOGL,2023-04,428,199.6,181615,0,2
alphabet,GOOGL,2023-05,363,171.8,185928,0,2
alphabet,GOOGL,2023-06,355,164.4,186868,0,2
alphabet,GOOGL,2023-07,351,163.8,194405,0,2
alphabet,GOOGL,2023-08,662,307.0,182940,0,2
alphabet,GOOGL,2023-09,487,227.8,184610,0,2
alphabet,GOOGL,2023-10,360,165.8,184046,0,2
alphabet,GOOGL,2023-11,419,189.8,186245,0,2
alphabet,GOOGL,2023-12,443,196.8,185257,0,2
alphabet,GOOGL,2024-01,450,200.8,183583,0,2
alphabet,GOOGL,2024-02,2167,947.2,171406,0,2
alphabet,GOOGL,2024-03,2252,1016.8,173965,0,2
alphabet,GOOGL,2024-04,552,259.8,187465,0,2
alphabet,GOOGL,2024-05,489,227.0,189889,0,2
alphabet,GOOGL,2024-06,496,231.8,191150,0,2
alphabet,GOOGL,2024-07,474,226.4,193738,0,2
alphabet,GOOGL,2024-08,542,257.4,191198,0,2
alphabet,GOOGL,2024-09,432,203.6,187276,0,2
alphabet,GOOGL,2024-10,519,244.6,187529,0,2
alphabet,GOOGL,2024-11,485,228.0,183751,0,2
alphabet,GOOGL,2024-12,502,230.6,187052,0,2
alphabet,GOOGL,2025-01,569,253.2,183300,0,2
alphabet,GOOGL,2025-02,3124,1367.8,177851,0,2
alphabet,GOOGL,2025-03,1572,727.0,179838,0,2
alphabet,GOOGL,2025-04,538,245.8,195079,0,2
alphabet,GOOGL,2025-05,437,203.2,195240,0,2
alphabet,GOOGL,2025-06,366,175.4,203868,0,2
alphabet,GOOGL,2025-07,410,193.4,205968,0,2
alphabet,GOOGL,2025-08,309,147.8,209447,0,2
alphabet,GOOGL,2025-09,271,130.6,203417,0,2
alphabet,GOOGL,2025-11,482,231.2,200835,0,2
alphabet,GOOGL,2025-12,356,170.0,205728,0,2
amazon,AMZN,2009-10,27,13.8,92989,0,2
amazon,AMZN,2009-11,28,13.4,91588,0,2
amazon,AMZN,2009-12,33,16.8,103297,0,2
amazon,AMZN,2010-01,32,16.2,103687,0,2
amazon,AMZN,2010-02,48,24.4,92954,0,2
amazon,AMZN,2010-03,122,66.0,96272,0,2
amazon,AMZN,2010-04,33,16.4,104195,0,2
amazon,AMZN,2010-05,58,29.0,103952,0,2
amazon,AMZN,2010-06,61,30.0,96267,0,2
amazon,AMZN,2010-07,68,32.4,97135,0,2
amazon,AMZN,2010-08,69,37.4,102529,0,2
amazon,AMZN,2010-09,81,39.2,98675,0,2
amazon,AMZN,2010-10,45,21.2,99823,0,2
amazon,AMZN,2010-11,45,23.2,98792,0,2
amazon,AMZN,2010-12,61,28.0,97922,0,2
amazon,AMZN,2011-01,44,20.8,99893,0,2
amazon,AMZN,2011-02,32,15.2,103496,0,2
amazon,AMZN,2011-03,116,56.2,88932,0,2
amazon,AMZN,2011-04,51,26.4,99325,0,2
amazon,AMZN,2011-05,53,26.4,103805,0,2
amazon,AMZN,2011-06,67,36.0,103847,0,2
amazon,AMZN,2011-07,48,24.6,104115,0,2
amazon,AMZN,2011-08,58,29.2,102811,0,2
amazon,AMZN,2011-09,76,37.8,103576,0,2
amazon,AMZN,2011-10,89,41.8,98616,0,2
amazon,AMZN,2011-11,86,40.0,94763,0,2
amazon,AMZN,2011-12,48,25.2,107886,0,2
amazon,AMZN,2012-01,67,34.6,101969,0,2
amazon,AMZN,2012-02,38,20.2,101007,0,2
amazon,AMZN,2012-03,142,67.2,86095,0,2
amazon,AMZN,2012-04,72,37.2,104788,0,2
amazon,AMZN,2012-05,115,57.4,100648,0,2
amazon,AMZN,2012-06,127,64.6,106798,0,2
amazon,AMZN,2012-07,109,56.2,110310,0,2
amazon,AMZN,2012-08,109,55.2,110512,0,2
amazon,AMZN,2012-09,85,41.2,117366,0,2
amazon,AMZN,2012-10,97,49.6,116171,0,2
amazon,AMZN,2012-11,91,45.4,113756,0,2
amazon,AMZN,2012-12,74,40.6,112343,0,2
amazon,AMZN,2013-01,81,40.4,117767,0,2
amazon,AMZN,2013-02,173,86.8,95408,0,2
amazon,AMZN,2013-03,284,147.0,93320,0,2
amazon,AMZN,2013-04,147,73.6,108745,0,2
amazon,AMZN,2013-05,118,56.8,110292,0,2
amazon,AMZN,2013-06,121,61.0,111650,0,2
amazon,AMZN,2013-07,146,71.2,112850,0,2
amazon,AMZN,2013-08,122,62.2,111530,0,2
amazon,AMZN,2013-09,85,43.6,111474,0,2
amazon,AMZN,2013-10,42,19.4,112107,0,2
amazon,AMZN,2013-11,197,99.4,112728,0,2
amazon,AMZN,2013-12,166,84.8,107701,0,2
amazon,AMZN,2014-01,161,81.4,103277,0,2
amazon,AMZN,2014-02,191,99.2,107689,0,2
amazon,AMZN,2014-03,323,163.4,97179,0,2
amazon,AMZN,2014-04,188,90.6,109592,0,2
amazon,AMZN,2014-05,170,82.2,111851,0,2
amazon,AMZN,2014-06,141,69.6,114688,0,2
amazon,AMZN,2014-07,181,92.8,116585,0,2
amazon,AMZN,2014-08,186,91.0,116244,0,2
amazon,AMZN,2014-09,174,87.0,117098,0,2
amazon,AMZN,2014-10,150,78.8,0,0,2
amazon,AMZN,2014-11,210,95.8,0,0,2
amazon,AMZN,2014-12,282,154.8,0,0,2
amazon,AMZN,2015-01,205,111.8,0,0,2
amazon,AMZN,2015-02,291,155.8,0,0,2
amazon,AMZN,2015-03,406,211.6,0,0,2
amazon,AMZN,2015-04,200,101.8,0,0,2
amazon,AMZN,2015-05,186,93.0,0,0,2
amazon,AMZN,2015-06,189,105.2,0,0,2
amazon,AMZN,2015-07,175,97.2,0,0,2
amazon,AMZN,2015-08,151,82.4,0,0,2
amazon,AMZN,2015-09,196,103.6,0,0,2
amazon,AMZN,2015-10,140,80.8,121071,0,2
amazon,AMZN,2015-11,161,85.4,115323,0,2
amazon,AMZN,2015-12,368,193.4,104516,0,2
amazon,AMZN,2016-01,195,96.2,118265,0,2
amazon,AMZN,2016-02,417,224.2,110129,0,2
amazon,AMZN,2016-03,550,287.4,112602,0,2
amazon,AMZN,2016-04,280,151.2,121355,0,2
amazon,AMZN,2016-05,317,171.2,125599,0,2
amazon,AMZN,2016-06,237,127.4,125530,0,2
amazon,AMZN,2016-07,245,126.2,127653,0,2
amazon,AMZN,2016-08,236,121.0,121562,0,2
amazon,AMZN,2016-09,277,152.2,123375,0,2
amazon,AMZN,2016-10,259,136.0,123843,0,2
amazon,AMZN,2016-11,306,150.2,123512,0,2
amazon,AMZN,2016-12,350,180.2,121640,0,2
amazon,AMZN,2017-01,638,336.0,110783,0,2
amazon,AMZN,2017-02,580,341.8,114693,0,2
amazon,AMZN,2017-03,972,532.8,113808,0,2
amazon,AMZN,2017-04,437,223.2,124167,0,2
amazon,AMZN,2017-05,293,158.2,127160,0,2
amazon,AMZN,2017-06,432,221.8,129236,0,2
amazon,AMZN,2017-07,373,195.4,129827,0,2
amazon,AMZN,2017-08,385,198.4,131746,0,2
amazon,AMZN,2017-09,425,212.2,127649,0,2
amazon,AMZN,2017-10,534,278.8,124779,0,2
amazon,AMZN,2017-11,285,152.0,127433,0,2
amazon,AMZN,2017-12,333,165.2,128506,0,2
amazon,AMZN,2018-01,844,420.2,121782,0,2
amazon,AMZN,2018-02,934,508.6,123601,0,2
amazon,AMZN,2018-03,1453,807.8,120344,0,2
amazon,AMZN,2018-04,470,250.4,131675,0,2
amazon,AMZN,2018-05,415,223.0,137981,0,2
amazon,AMZN,2018-06,444,228.4,136757,0,2
amazon,AMZN,2018-07,413,214.0,134805,0,2
amazon,AMZN,2018-08,461,240.2,136046,0,2
amazon,AMZN,2018-09,395,206.0,135267,0,2
amazon,AMZN,2018-10,877,402.4,132387,0,2
amazon,AMZN,2018-11,672,324.4,131820,0,2
amazon,AMZN,2018-12,806,377.0,125153,0,2
amazon,AMZN,2019-01,787,380.8,129879,0,2
amazon,AMZN,2019-02,932,484.0,131396,0,2
amazon,AMZN,2019-03,1873,958.6,126960,0,2
amazon,AMZN,2019-04,825,410.8,134852,0,2
amazon,AMZN,2019-05,689,351.0,139453,0,2
amazon,AMZN,2019-06,612,307.6,138193,0,2
amazon,AMZN,2019-07,646,332.8,139366,0,2
amazon,AMZN,2019-08,684,337.8,138553,0,2
amazon,AMZN,2019-09,624,311.8,140322,0,2
amazon,AMZN,2019-10,853,406.0,138597,0,2
amazon,AMZN,2019-11,882,414.8,137743,0,2
amazon,AMZN,2019-12,1142,533.4,137546,0,2
amazon,AMZN,2020-01,943,458.4,138008,0,2
amazon,AMZN,2020-02,770,374.4,136593,0,2
amazon,AMZN,2020-03,1177,579.6,138286,0,2
amazon,AMZN,2020-04,1406,712.8,134442,0,2
amazon,AMZN,2020-05,2895,1394.6,133837,0,2
amazon,AMZN,2020-06,1363,661.4,133223,0,2
amazon,AMZN,2020-07,938,476.0,141340,0,2
amazon,AMZN,2020-08,951,468.8,141930,0,2
amazon,AMZN,2020-09,1893,891.0,131961,0,2
amazon,AMZN,2020-10,2954,1504.8,133722,0,2
amazon,AMZN,2020-11,1736,957.2,141676,0,2
amazon,AMZN,2020-12,2628,1393.8,138740,0,2
amazon,AMZN,2021-01,2240,1130.0,131182,0,2
amazon,AMZN,2021-02,2048,1060.8,128719,0,2
amazon,AMZN,2021-03,2086,1115.6,131221,0,2
amazon,AMZN,2021-04,2212,1112.0,104053,0,2
amazon,AMZN,2021-05,833,439.2,128693,0,2
amazon,AMZN,2021-06,919,480.6,128602,0,2
amazon,AMZN,2021-07,1222,631.4,118576,0,2
amazon,AMZN,2021-08,1132,581.2,118250,0,2
amazon,AMZN,2021-09,1383,706.6,117725,0,2
amazon,AMZN,2021-10,1423,741.6,113160,0,2
amazon,AMZN,2021-11,1415,716.2,124934,0,2
amazon,AMZN,2021-12,2083,1043.4,129390,0,2
amazon,AMZN,2022-01,2391,1270.8,117504,0,2
amazon,AMZN,2022-02,2052,1068.8,125612,0,2
amazon,AMZN,2022-03,2615,1362.2,133051,0,2
amazon,AMZN,2022-04,2119,1106.0,137652,0,2
amazon,AMZN,2022-05,2270,1150.8,146661,0,2
amazon,AMZN,2022-06,2263,1180.2,149789,0,2
amazon,AMZN,2022-07,1614,841.4,157608,0,2
amazon,AMZN,2022-08,1940,990.4,158111,0,2
amazon,AMZN,2022-09,1673,848.2,153802,0,2
amazon,AMZN,2022-10,3468,1802.0,160193,0,2
amazon,AMZN,2022-11,2892,1459.2,158864,0,2
amazon,AMZN,2022-12,2978,1500.0,143346,0,2
amazon,AMZN,2023-01,2335,1139.4,132849,0,2
amazon,AMZN,2023-02,2599,1388.6,132637,0,2
amazon,AMZN,2023-03,2932,1519.2,144488,0,2
amazon,AMZN,2023-04,1130,604.8,145856,0,2
amazon,AMZN,2023-05,969,519.6,149754,0,2
amazon,AMZN,2023-06,1183,617.2,147574,0,2
amazon,AMZN,2023-07,615,344.2,150019,0,2
amazon,AMZN,2023-08,1391,713.6,144822,0,2
amazon,AMZN,2023-09,1569,824.0,153037,0,2
amazon,AMZN,2023-10,1316,694.0,159767,0,2
amazon,AMZN,2023-11,1551,768.2,149093,0,2
amazon,AMZN,2023-12,1717,879.8,155202,0,2
amazon,AMZN,2024-01,2379,1204.0,145126,0,2
amazon,AMZN,2024-02,2149,1140.4,143272,0,2
amazon,AMZN,2024-03,1944,1004.2,147768,0,2
amazon,AMZN,2024-04,2131,1066.6,152183,0,2
amazon,AMZN,2024-05,1844,952.2,150026,0,2
amazon,AMZN,2024-06,1408,751.8,150906,0,2
amazon,AMZN,2024-07,1541,820.8,163344,0,2
amazon,AMZN,2024-08,1958,1029.6,168429,0,2
amazon,AMZN,2024-09,1699,885.6,165983,0,2
amazon,AMZN,2024-10,1816,930.6,155670,0,2
amazon,AMZN,2024-11,1282,668.8,157025,0,2
amazon,AMZN,2024-12,1922,953.8,155945,0,2
amazon,AMZN,2025-01,1689,831.2,153746,0,2
amazon,AMZN,2025-02,2000,940.8,158179,0,2
amazon,AMZN,2025-03,2483,1267.4,156391,0,2
amazon,AMZN,2025-04,4513,2100.6,144111,0,2
amazon,AMZN,2025-05,1736,897.2,153047,0,2
amazon,AMZN,2025-06,1804,929.2,160486,0,2
amazon,AMZN,2025-07,1457,780.8,167423,0,2
amazon,AMZN,2025-08,1019,548.6,165883,0,2
amazon,AMZN,2025-09,1482,782.4,169429,0,2
amazon,AMZN,2025-11,1657,839.2,159206,0,2
amazon,AMZN,2025-12,1725,849.6,156477,0,2
amd,AMD,2009-10,8,3.6,75964,0,2
amd,AMD,2009-11,11,5.8,91377,0,2
amd,AMD,2009-12,12,6.2,86029,0,2
amd,AMD,2010-01,4,2.0,80239,0,2
amd,AMD,2010-02,8,4.2,87437,0,2
amd,AMD,2010-03,19,9.0,78623,0,2
amd,AMD,2010-04,20,9.6,85282,0,2
amd,AMD,2010-05,28,12.8,77775,0,2
amd,AMD,2010-06,17,7.6,75222,0,2
amd,AMD,2010-07,25,11.0,80417,0,2
amd,AMD,2010-08,17,9.6,79940,0,2
amd,AMD,2010-09,15,7.2,84691,0,2
amd,AMD,2010-10,10,5.0,85987,0,2
amd,AMD,2010-11,12,5.8,83096,0,2
amd,AMD,2010-12,12,5.6,85943,0,2
amd,AMD,2011-01,12,6.2,79568,0,2
amd,AMD,2011-02,9,3.6,79697,0,2
amd,AMD,2011-03,38,19.4,83359,0,2
amd,AMD,2011-04,28,14.2,88818,0,2
amd,AMD,2011-05,22,12.2,85031,0,2
amd,AMD,2011-06,19,10.4,93887,0,2
amd,AMD,2011-07,25,12.4,87558,0,2
amd,AMD,2011-08,11,5.8,85199,0,2
amd,AMD,2011-09,14,7.4,90244,0,2
amd,AMD,2011-10,26,13.8,87131,0,2
amd,AMD,2011-11,7,4.0,95375,0,2
amd,AMD,2011-12,4,2.0,79726,0,2
amd,AMD,2012-01,18,9.8,86981,0,2
amd,AMD,2012-02,17,9.4,111044,0,2
amd,AMD,2012-03,37,20.0,86848,0,2
amd,AMD,2012-04,30,15.6,93348,0,2
amd,AMD,2012-05,46,22.0,84281,0,2
amd,AMD,2012-06,24,14.2,92514,0,2
amd,AMD,2012-07,16,10.0,93531,0,2
amd,AMD,2012-08,16,9.0,105152,0,2
amd,AMD,2012-09,11,5.6,92108,0,2
amd,AMD,2012-10,12,6.4,89778,0,2
amd,AMD,2012-11,5,3.6,130225,0,2
amd,AMD,2012-12,7,3.0,101546,0,2
amd,AMD,2013-01,14,6.4,86715,0,2
amd,AMD,2013-02,80,39.0,84552,0,2
amd,AMD,2013-03,45,23.8,93587,0,2
amd,AMD,2013-04,27,15.2,92250,0,2
amd,AMD,2013-05,26,13.2,97949,0,2
amd,AMD,2013-06,20,10.4,91296,0,2
amd,AMD,2013-07,23,12.2,90390,0,2
amd,AMD,2013-08,12,6.4,99554,0,2
amd,AMD,2013-09,16,7.6,81703,0,2
amd,AMD,2013-10,7,4.0,90645,0,2
amd,AMD,2013-11,20,9.0,95833,0,2
amd,AMD,2013-12,9,4.6,95111,0,2
amd,AMD,2014-01,26,12.0,83942,0,2
amd,AMD,2014-02,23,10.4,89765,0,2
amd,AMD,2014-03,34,16.0,85441,0,2
amd,AMD,2014-04,44,23.2,95442,0,2
amd,AMD,2014-05,17,9.2,90939,0,2
amd,AMD,2014-06,13,6.6,95965,0,2
amd,AMD,2014-07,19,9.4,107553,0,2
amd,AMD,2014-08,6,2.8,92795,0,2
amd,AMD,2014-09,6,3.2,94591,0,2
amd,AMD,2014-10,4,1.8,0,0,2
amd,AMD,2014-11,5,2.6,0,0,2
amd,AMD,2014-12,10,6.2,0,0,2
amd,AMD,2015-01,6,3.6,0,0,2
amd,AMD,2015-02,16,8.8,0,0,2
amd,AMD,2015-03,33,17.0,0,0,2
amd,AMD,2015-04,42,23.8,0,0,2
amd,AMD,2015-05,10,5.8,0,0,2
amd,AMD,2015-06,22,11.8,0,0,2
amd,AMD,2015-07,17,9.4,0,0,2
amd,AMD,2015-08,12,6.6,0,0,2
amd,AMD,2015-09,8,5.8,0,0,2
amd,AMD,2015-10,6,3.4,95903,0,2
amd,AMD,2015-11,4,2.0,99048,0,2
amd,AMD,2015-12,5,2.8,103767,0,2
amd,AMD,2016-01,5,3.0,112209,0,2
amd,AMD,2016-02,19,10.4,99272,0,2
amd,AMD,2016-03,81,38.0,91380,0,2
amd,AMD,2016-04,12,6.6,107433,0,2
amd,AMD,2016-05,34,20.8,103129,0,2
amd,AMD,2016-06,10,5.4,114576,0,2
amd,AMD,2016-07,10,4.6,115215,0,2
amd,AMD,2016-08,21,10.4,106095,0,2
amd,AMD,2016-09,17,8.4,113582,0,2
amd,AMD,2016-10,10,5.8,104479,0,2
amd,AMD,2016-11,11,6.6,99884,0,2
amd,AMD,2016-12,17,9.2,113905,0,2
amd,AMD,2017-01,6,3.0,119839,0,2
amd,AMD,2017-02,22,10.0,105513,0,2
amd,AMD,2017-03,177,88.6,100281,0,2
amd,AMD,2017-04,17,8.6,117888,0,2
amd,AMD,2017-05,16,9.6,111166,0,2
amd,AMD,2017-06,13,7.4,101778,0,2
amd,AMD,2017-07,13,7.4,117334,0,2
amd,AMD,2017-08,6,3.6,105376,0,2
amd,AMD,2017-09,4,3.0,117099,0,2
amd,AMD,2017-10,21,14.2,119320,0,2
amd,AMD,2017-11,10,5.6,113669,0,2
amd,AMD,2017-12,7,3.8,125166,0,2
amd,AMD,2018-01,11,7.2,114621,0,2
amd,AMD,2018-02,30,17.4,113068,0,2
amd,AMD,2018-03,129,68.6,103439,0,2
amd,AMD,2018-04,18,12.2,114649,0,2
amd,AMD,2018-05,24,14.4,114338,0,2
amd,AMD,2018-06,22,13.6,110031,0,2
amd,AMD,2018-07,19,10.4,127295,0,2
amd,AMD,2018-08,16,7.4,126929,0,2
amd,AMD,2018-09,12,6.6,118006,0,2
amd,AMD,2018-10,17,9.4,121907,0,2
amd,AMD,2018-11,14,8.4,111735,0,2
amd,AMD,2018-12,9,6.6,117216,0,2
amd,AMD,2019-01,11,5.2,111920,0,2
amd,AMD,2019-02,121,57.0,102105,0,2
amd,AMD,2019-03,89,43.4,101524,0,2
amd,AMD,2019-04,51,24.6,122002,0,2
amd,AMD,2019-05,20,10.2,125331,0,2
amd,AMD,2019-06,17,9.6,125233,0,2
amd,AMD,2019-07,20,10.6,138690,0,2
amd,AMD,2019-08,14,6.2,133455,0,2
amd,AMD,2019-09,74,33.4,126657,0,2
amd,AMD,2019-10,33,16.0,138145,0,2
amd,AMD,2019-11,6,3.2,132666,0,2
amd,AMD,2019-12,21,11.6,135233,0,2
amd,AMD,2020-01,21,10.2,129689,0,2
amd,AMD,2020-02,219,107.6,117067,0,2
amd,AMD,2020-03,78,37.4,124268,0,2
amd,AMD,2020-04,52,25.4,135526,0,2
amd,AMD,2020-05,12,6.6,135767,0,2
amd,AMD,2020-06,32,14.8,141312,0,2
amd,AMD,2020-07,23,10.8,144895,0,2
amd,AMD,2020-08,19,9.4,133805,0,2
amd,AMD,2020-09,21,10.0,138057,0,2
amd,AMD,2020-10,75,33.0,138537,0,2
amd,AMD,2020-11,42,22.2,146227,0,2
amd,AMD,2020-12,96,45.0,156668,0,2
amd,AMD,2021-01,34,14.8,159432,0,2
amd,AMD,2021-02,134,68.8,135515,0,2
amd,AMD,2021-03,172,85.6,140604,0,2
amd,AMD,2021-04,85,40.8,123863,0,2
amd,AMD,2021-05,38,19.2,144888,0,2
amd,AMD,2021-06,51,26.2,150847,0,2
amd,AMD,2021-07,34,16.4,141362,0,2
amd,AMD,2021-08,48,23.8,132200,0,2
amd,AMD,2021-09,25,11.2,148353,0,2
amd,AMD,2021-10,42,20.2,146404,0,2
amd,AMD,2021-11,22,11.8,156628,0,2
amd,AMD,2021-12,66,32.4,147663,0,2
amd,AMD,2022-01,34,15.8,145827,0,2
amd,AMD,2022-02,55,28.4,130876,0,2
amd,AMD,2022-03,97,44.0,145462,0,2
amd,AMD,2022-04,64,31.6,137184,0,2
amd,AMD,2022-05,120,56.2,138483,0,2
amd,AMD,2022-06,45,21.4,151840,0,2
amd,AMD,2022-07,108,52.4,150750,0,2
amd,AMD,2022-08,51,27.4,160312,0,2
amd,AMD,2022-09,28,15.0,160026,0,2
amd,AMD,2022-10,48,23.6,150562,0,2
amd,AMD,2022-11,50,22.0,151300,0,2
amd,AMD,2022-12,52,23.2,145453,0,2
amd,AMD,2023-01,29,15.2,127684,0,2
amd,AMD,2023-02,33,16.4,132450,0,2
amd,AMD,2023-03,48,22.6,131413,0,2
amd,AMD,2023-04,68,33.8,133317,0,2
amd,AMD,2023-05,113,51.6,133209,0,2
amd,AMD,2023-06,45,21.2,154301,0,2
amd,AMD,2023-07,35,18.0,151264,0,2
amd,AMD,2023-08,73,36.4,145295,0,2
amd,AMD,2023-09,30,14.2,155790,0,2
amd,AMD,2023-10,35,16.4,164334,0,2
amd,AMD,2023-11,34,16.4,155521,0,2
amd,AMD,2023-12,26,13.2,154853,0,2
amd,AMD,2024-01,32,15.0,161560,0,2
amd,AMD,2024-02,51,23.6,158224,0,2
amd,AMD,2024-03,88,43.8,141672,0,2
amd,AMD,2024-04,135,64.4,141807,0,2
amd,AMD,2024-05,152,73.4,142524,0,2
amd,AMD,2024-06,57,28.0,175802,0,2
amd,AMD,2024-07,66,33.4,158733,0,2
amd,AMD,2024-08,53,25.8,156025,0,2
amd,AMD,2024-09,43,20.2,180415,0,2
amd,AMD,2024-10,59,26.6,172487,0,2
amd,AMD,2024-11,50,24.0,164765,0,2
amd,AMD,2024-12,44,21.4,147649,0,2
amd,AMD,2025-01,52,26.6,159607,0,2
amd,AMD,2025-02,70,34.2,153276,0,2
amd,AMD,2025-03,65,31.8,150468,0,2
amd,AMD,2025-04,120,59.0,146592,0,2
amd,AMD,2025-05,184,87.8,146546,0,2
amd,AMD,2025-06,77,36.2,158144,0,2
amd,AMD,2025-07,72,32.2,166533,0,2
amd,AMD,2025-08,29,13.8,169295,0,2
amd,AMD,2025-09,39,18.8,181622,0,2
amd,AMD,2025-11,62,29.6,158446,0,2
amd,AMD,2025-12,36,18.8,168542,0,2
apple,AAPL,2009-10,19,10.0,114533,0,2
apple,AAPL,2009-11,17,8.2,111775,0,2
apple,AAPL,2009-12,20,10.6,118746,0,2
apple,AAPL,2010-01,27,11.8,106888,0,2
apple,AAPL,2010-02,18,8.2,112536,0,2
apple,AAPL,2010-03,97,47.2,109187,0,2
apple,AAPL,2010-04,53,25.0,117160,0,2
apple,AAPL,2010-05,29,13.6,116253,0,2
apple,AAPL,2010-06,52,25.6,113200,0,2
apple,AAPL,2010-07,23,10.6,114963,0,2
apple,AAPL,2010-08,16,8.2,112687,0,2
apple,AAPL,2010-09,61,31.4,116531,0,2
apple,AAPL,2010-10,60,27.2,114629,0,2
apple,AAPL,2010-11,42,20.6,118333,0,2
apple,AAPL,2010-12,84,43.2,127337,0,2
apple,AAPL,2011-01,82,40.6,115760,0,2
apple,AAPL,2011-02,55,26.4,118806,0,2
apple,AAPL,2011-03,90,42.8,117003,0,2
apple,AAPL,2011-04,60,27.0,125933,0,2
apple,AAPL,2011-05,66,31.2,123475,0,2
apple,AAPL,2011-06,56,25.2,111364,0,2
apple,AAPL,2011-07,70,33.2,115772,0,2
apple,AAPL,2011-08,61,27.4,116009,0,2
apple,AAPL,2011-09,65,30.6,121590,0,2
apple,AAPL,2011-10,77,40.8,123985,0,2
apple,AAPL,2011-11,80,41.6,119089,0,2
apple,AAPL,2011-12,50,26.8,123953,0,2
apple,AAPL,2012-01,53,23.2,124932,0,2
apple,AAPL,2012-02,112,51.8,121776,0,2
apple,AAPL,2012-03,180,84.4,117012,0,2
apple,AAPL,2012-04,108,50.8,119772,0,2
apple,AAPL,2012-05,89,42.4,113074,0,2
apple,AAPL,2012-06,79,34.6,117380,0,2
apple,AAPL,2012-07,60,27.0,118822,0,2
apple,AAPL,2012-08,43,20.4,117928,0,2
apple,AAPL,2012-09,39,18.0,122658,0,2
apple,AAPL,2012-10,45,23.0,119502,0,2
apple,AAPL,2012-11,45,22.0,117990,0,2
apple,AAPL,2012-12,51,23.0,116907,0,2
apple,AAPL,2013-01,36,16.2,134216,0,2
apple,AAPL,2013-02,50,22.2,120326,0,2
apple,AAPL,2013-03,194,90.2,108353,0,2
apple,AAPL,2013-04,45,21.2,123399,0,2
apple,AAPL,2013-05,143,67.2,125619,0,2
apple,AAPL,2013-06,69,32.2,127680,0,2
apple,AAPL,2013-07,118,51.8,124097,0,2
apple,AAPL,2013-08,112,48.2,119685,0,2
apple,AAPL,2013-09,70,33.4,126596,0,2
apple,AAPL,2013-10,50,24.0,122622,0,2
apple,AAPL,2013-11,113,55.6,128041,0,2
apple,AAPL,2013-12,68,31.6,122118,0,2
apple,AAPL,2014-01,143,66.0,110765,0,2
apple,AAPL,2014-02,225,106.0,117296,0,2
apple,AAPL,2014-03,131,67.4,124793,0,2
apple,AAPL,2014-04,84,40.4,121931,0,2
apple,AAPL,2014-05,141,64.0,122092,0,2
apple,AAPL,2014-06,142,63.6,121169,0,2
apple,AAPL,2014-07,115,52.8,119859,0,2
apple,AAPL,2014-08,145,68.8,123744,0,2
apple,AAPL,2014-09,62,29.8,123095,0,2
apple,AAPL,2014-10,112,49.0,0,0,2
apple,AAPL,2014-11,72,33.8,0,0,2
apple,AAPL,2014-12,80,35.6,0,0,2
apple,AAPL,2015-01,74,36.0,0,0,2
apple,AAPL,2015-02,111,51.8,0,0,2
apple,AAPL,2015-03,178,79.2,0,0,2
apple,AAPL,2015-04,140,62.0,0,0,2
apple,AAPL,2015-05,190,86.2,0,0,2
apple,AAPL,2015-06,178,82.0,0,0,2
apple,AAPL,2015-07,98,45.0,0,0,2
apple,AAPL,2015-08,88,42.6,0,0,2
apple,AAPL,2015-09,135,62.2,0,0,2
apple,AAPL,2015-10,110,48.6,126628,0,2
apple,AAPL,2015-11,104,45.8,127232,0,2
apple,AAPL,2015-12,217,106.6,113118,0,2
apple,AAPL,2016-01,91,38.8,132034,0,2
apple,AAPL,2016-02,125,53.0,130023,0,2
apple,AAPL,2016-03,268,116.2,137467,0,2
apple,AAPL,2016-04,179,74.2,130525,0,2
apple,AAPL,2016-05,103,42.8,125650,0,2
apple,AAPL,2016-06,122,51.6,133850,0,2
apple,AAPL,2016-07,84,34.6,124422,0,2
apple,AAPL,2016-08,105,42.4,131158,0,2
apple,AAPL,2016-09,116,48.4,131603,0,2
apple,AAPL,2016-10,65,26.0,132200,0,2
apple,AAPL,2016-11,90,37.4,137641,0,2
apple,AAPL,2016-12,155,66.2,134358,0,2
apple,AAPL,2017-01,273,126.6,119655,0,2
apple,AAPL,2017-02,162,66.6,135649,0,2
apple,AAPL,2017-03,233,101.4,141762,0,2
apple,AAPL,2017-04,103,41.6,133752,0,2
apple,AAPL,2017-05,124,50.8,136940,0,2
apple,AAPL,2017-06,126,52.8,136806,0,2
apple,AAPL,2017-07,109,45.6,131105,0,2
apple,AAPL,2017-08,99,42.6,133566,0,2
apple,AAPL,2017-09,140,60.0,137079,0,2
apple,AAPL,2017-10,163,70.8,137731,0,2
apple,AAPL,2017-11,91,39.4,140309,0,2
apple,AAPL,2017-12,267,128.4,129901,0,2
apple,AAPL,2018-01,176,80.0,135251,0,2
apple,AAPL,2018-02,132,62.8,130894,0,2
apple,AAPL,2018-03,228,105.6,129432,0,2
apple,AAPL,2018-04,175,84.8,141577,0,2
apple,AAPL,2018-05,192,92.2,140479,0,2
apple,AAPL,2018-06,204,93.8,138780,0,2
apple,AAPL,2018-07,90,40.2,143978,0,2
apple,AAPL,2018-08,80,38.2,136586,0,2
apple,AAPL,2018-09,120,54.8,132645,0,2
apple,AAPL,2018-10,93,41.2,138851,0,2
apple,AAPL,2018-11,226,113.2,124490,0,2
apple,AAPL,2018-12,100,45.6,132143,0,2
apple,AAPL,2019-01,68,30.4,129634,0,2
apple,AAPL,2019-02,145,68.0,134169,0,2
apple,AAPL,2019-03,187,89.8,137102,0,2
apple,AAPL,2019-04,39,17.2,140809,0,2
apple,AAPL,2019-05,94,44.6,139865,0,2
apple,AAPL,2019-06,91,42.2,140817,0,2
apple,AAPL,2019-07,142,65.0,159472,0,2
apple,AAPL,2019-08,246,113.8,161766,0,2
apple,AAPL,2019-09,251,117.0,158039,0,2
apple,AAPL,2019-10,217,100.0,160787,0,2
apple,AAPL,2019-11,250,116.2,147526,0,2
apple,AAPL,2019-12,227,105.2,151066,0,2
apple,AAPL,2020-01,327,152.4,151477,0,2
apple,AAPL,2020-02,364,168.8,156474,0,2
apple,AAPL,2020-03,460,221.8,157499,0,2
apple,AAPL,2020-04,348,156.6,157543,0,2
apple,AAPL,2020-05,305,139.6,161215,0,2
apple,AAPL,2020-06,399,185.6,163809,0,2
apple,AAPL,2020-07,295,132.6,168108,0,2
apple,AAPL,2020-08,197,89.8,165665,0,2
apple,AAPL,2020-09,266,122.6,168349,0,2
apple,AAPL,2020-10,859,395.2,156091,0,2
apple,AAPL,2020-11,487,234.4,171218,0,2
apple,AAPL,2020-12,561,262.8,170101,0,2
apple,AAPL,2021-01,612,285.2,171776,0,2
apple,AAPL,2021-02,891,400.0,160269,0,2
apple,AAPL,2021-03,1139,528.4,161620,0,2
apple,AAPL,2021-04,593,278.0,159403,0,2
apple,AAPL,2021-05,340,151.6,163145,0,2
apple,AAPL,2021-06,318,152.2,171920,0,2
apple,AAPL,2021-07,345,160.2,170999,0,2
apple,AAPL,2021-08,323,151.2,170402,0,2
apple,AAPL,2021-09,300,140.6,168594,0,2
apple,AAPL,2021-10,576,256.2,165013,0,2
apple,AAPL,2021-11,467,216.2,170793,0,2
apple,AAPL,2021-12,301,146.2,173276,0,2
apple,AAPL,2022-01,339,158.4,166570,0,2
apple,AAPL,2022-02,339,162.4,177251,0,2
apple,AAPL,2022-03,449,217.8,177364,0,2
apple,AAPL,2022-04,571,268.4,169252,0,2
apple,AAPL,2022-05,440,203.0,176306,0,2
apple,AAPL,2022-06,408,194.4,176429,0,2
apple,AAPL,2022-07,489,226.2,176813,0,2
apple,AAPL,2022-08,310,146.4,184677,0,2
apple,AAPL,2022-09,310,144.8,179734,0,2
apple,AAPL,2022-10,860,389.2,176968,0,2
apple,AAPL,2022-11,851,377.2,183665,0,2
apple,AAPL,2022-12,833,388.4,190903,0,2
apple,AAPL,2023-01,302,140.0,179489,0,2
apple,AAPL,2023-02,239,110.6,185226,0,2
apple,AAPL,2023-03,459,209.2,177178,0,2
apple,AAPL,2023-04,378,174.6,158645,0,2
apple,AAPL,2023-05,255,121.8,163640,0,2
apple,AAPL,2023-06,269,128.2,161466,0,2
apple,AAPL,2023-07,295,137.4,161455,0,2
apple,AAPL,2023-08,296,136.4,165907,0,2
apple,AAPL,2023-09,311,143.6,170849,0,2
apple,AAPL,2023-10,167,85.8,172906,0,2
apple,AAPL,2023-11,399,187.2,178547,0,2
apple,AAPL,2023-12,171,85.6,173544,0,2
apple,AAPL,2024-01,428,202.0,163141,0,2
apple,AAPL,2024-02,209,94.4,168161,0,2
apple,AAPL,2024-03,212,100.8,170653,0,2
apple,AAPL,2024-04,406,181.8,166980,0,2
apple,AAPL,2024-05,294,136.6,164119,0,2
apple,AAPL,2024-06,243,110.6,169879,0,2
apple,AAPL,2024-07,336,152.4,173152,0,2
apple,AAPL,2024-08,470,216.4,170606,0,2
apple,AAPL,2024-09,465,208.0,174033,0,2
apple,AAPL,2024-10,564,255.6,178710,0,2
apple,AAPL,2024-11,301,132.4,181486,0,2
apple,AAPL,2024-12,647,280.0,173325,0,2
apple,AAPL,2025-01,387,168.6,170695,0,2
apple,AAPL,2025-02,637,282.4,174143,0,2
apple,AAPL,2025-03,1446,608.8,168338,0,2
apple,AAPL,2025-04,562,245.4,166219,0,2
apple,AAPL,2025-05,551,250.2,177129,0,2
apple,AAPL,2025-06,459,210.2,176232,0,2
apple,AAPL,2025-07,469,209.4,180334,0,2
apple,AAPL,2025-08,463,203.8,186407,0,2
apple,AAPL,2025-09,548,245.2,188203,0,2
apple,AAPL,2025-11,637,280.0,186022,0,2
apple,AAPL,2025-12,1000,433.0,174983,0,2
applied_materials,AMAT,2009-10,4,1.6,74783,0,2
applied_materials,AMAT,2009-11,4,2.0,69330,0,2
applied_materials,AMAT,2009-12,4,1.6,84931,0,2
applied_materials,AMAT,2010-01,1,0.4,67309,0,2
applied_materials,AMAT,2010-02,2,0.8,77209,0,2
applied_materials,AMAT,2010-03,28,13.2,88825,0,2
applied_materials,AMAT,2010-04,20,8.4,79669,0,2
applied_materials,AMAT,2010-05,9,4.4,79068,0,2
applied_materials,AMAT,2010-06,1,0.4,95000,0,2
applied_materials,AMAT,2010-07,6,3.4,90387,0,2
applied_materials,AMAT,2010-08,6,3.8,85103,0,2
applied_materials,AMAT,2010-09,13,5.6,99541,0,2
applied_materials,AMAT,2010-10,7,3.6,109794,0,2
applied_materials,AMAT,2010-11,6,2.4,74543,0,2
applied_materials,AMAT,2010-12,9,4.2,95119,0,2
applied_materials,AMAT,2011-01,13,7.0,98674,0,2
applied_materials,AMAT,2011-02,7,3.2,104367,0,2
applied_materials,AMAT,2011-03,19,9.6,94950,0,2
applied_materials,AMAT,2011-04,18,8.8,86234,0,2
applied_materials,AMAT,2011-05,7,3.0,79985,0,2
applied_materials,AMAT,2011-06,9,4.8,86595,0,2
applied_materials,AMAT,2011-07,14,6.8,86904,0,2
applied_materials,AMAT,2011-08,15,8.0,97695,0,2
applied_materials,AMAT,2011-09,11,5.2,84111,0,2
applied_materials,AMAT,2011-10,7,3.4,92255,0,2
applied_materials,AMAT,2011-11,9,5.0,97192,0,2
applied_materials,AMAT,2011-12,3,1.8,104534,0,2
applied_materials,AMAT,2012-01,1,0.8,113360,0,2
applied_materials,AMAT,2012-02,2,1.2,90127,0,2
applied_materials,AMAT,2012-03,20,8.8,80746,0,2
applied_materials,AMAT,2012-04,4,2.0,93742,0,2
applied_materials,AMAT,2012-05,6,3.8,95623,0,2
applied_materials,AMAT,2012-06,7,4.0,104977,0,2
applied_materials,AMAT,2012-07,1,0.4,79851,0,2
applied_materials,AMAT,2012-08,2,1.2,108961,0,2
applied_materials,AMAT,2012-09,4,2.4,97849,0,2
applied_materials,AMAT,2012-10,1,0.4,68003,0,2
applied_materials,AMAT,2012-11,3,1.4,91643,0,2
applied_materials,AMAT,2013-01,2,1.0,96501,0,2
applied_materials,AMAT,2013-02,15,6.2,85515,0,2
applied_materials,AMAT,2013-03,14,6.0,86157,0,2
applied_materials,AMAT,2013-04,10,5.2,86057,0,2
applied_materials,AMAT,2013-05,9,4.6,91804,0,2
applied_materials,AMAT,2013-06,7,3.2,78234,0,2
applied_materials,AMAT,2013-07,24,12.4,103695,0,2
applied_materials,AMAT,2013-08,12,7.2,102047,0,2
applied_materials,AMAT,2013-09,6,3.2,93271,0,2
applied_materials,AMAT,2013-10,1,0.8,85000,0,2
applied_materials,AMAT,2013-11,5,2.4,112912,0,2
applied_materials,AMAT,2013-12,14,5.6,96867,0,2
applied_materials,AMAT,2014-01,12,5.6,92335,0,2
applied_materials,AMAT,2014-02,32,14.6,85948,0,2
applied_materials,AMAT,2014-03,21,9.4,83387,0,2
applied_materials,AMAT,2014-04,8,4.0,96748,0,2
applied_materials,AMAT,2014-05,6,2.8,91109,0,2
applied_materials,AMAT,2014-06,5,2.6,121805,0,2
applied_materials,AMAT,2014-07,5,2.6,96913,0,2
applied_materials,AMAT,2014-08,3,2.0,135214,0,2
applied_materials,AMAT,2014-09,7,2.8,97974,0,2
applied_materials,AMAT,2014-10,3,1.6,0,0,2
applied_materials,AMAT,2014-11,4,2.0,0,0,2
applied_materials,AMAT,2014-12,6,2.8,0,0,2
applied_materials,AMAT,2015-01,3,1.6,0,0,2
applied_materials,AMAT,2015-02,34,14.4,0,0,2
applied_materials,AMAT,2015-03,49,21.0,0,0,2
applied_materials,AMAT,2015-04,5,2.0,0,0,2
applied_materials,AMAT,2015-05,15,6.6,0,0,2
applied_materials,AMAT,2015-06,11,4.8,0,0,2
applied_materials,AMAT,2015-07,3,1.2,0,0,2
applied_materials,AMAT,2015-08,10,4.8,0,0,2
applied_materials,AMAT,2015-09,5,2.0,0,0,2
applied_materials,AMAT,2015-10,3,1.2,103371,0,2
applied_materials,AMAT,2015-11,5,2.2,93804,0,2
applied_materials,AMAT,2015-12,5,2.8,139275,0,2
applied_materials,AMAT,2016-01,8,3.6,100208,0,2
applied_materials,AMAT,2016-02,7,2.8,94906,0,2
applied_materials,AMAT,2016-03,52,23.6,96311,0,2
applied_materials,AMAT,2016-04,11,4.6,96770,0,2
applied_materials,AMAT,2016-05,7,3.2,108823,0,2
applied_materials,AMAT,2016-06,8,4.0,115065,0,2
applied_materials,AMAT,2016-07,8,3.4,101390,0,2
applied_materials,AMAT,2016-08,12,5.6,115196,0,2
applied_materials,AMAT,2016-09,14,7.0,114507,0,2
applied_materials,AMAT,2016-10,16,7.6,122472,0,2
applied_materials,AMAT,2016-11,9,5.2,121701,0,2
applied_materials,AMAT,2016-12,10,4.4,118276,0,2
applied_materials,AMAT,2017-01,13,6.6,114768,0,2
applied_materials,AMAT,2017-02,23,10.2,107311,0,2
applied_materials,AMAT,2017-03,189,83.8,97311,0,2
applied_materials,AMAT,2017-04,9,3.8,114431,0,2
applied_materials,AMAT,2017-05,9,4.2,122756,0,2
applied_materials,AMAT,2017-06,17,7.6,114492,0,2
applied_materials,AMAT,2017-07,6,2.6,99961,0,2
applied_materials,AMAT,2017-08,8,4.0,116870,0,2
applied_materials,AMAT,2017-09,4,1.8,113890,0,2
applied_materials,AMAT,2017-10,8,4.0,114575,0,2
applied_materials,AMAT,2017-11,4,1.6,122017,0,2
applied_materials,AMAT,2017-12,12,6.0,129213,0,2
applied_materials,AMAT,2018-01,18,8.0,106616,0,2
applied_materials,AMAT,2018-02,79,34.0,100277,0,2
applied_materials,AMAT,2018-03,107,45.2,98293,0,2
applied_materials,AMAT,2018-04,20,9.2,107379,0,2
applied_materials,AMAT,2018-05,26,11.8,117372,0,2
applied_materials,AMAT,2018-06,19,9.4,122906,0,2
applied_materials,AMAT,2018-07,14,6.0,106556,0,2
applied_materials,AMAT,2018-08,7,3.0,123101,0,2
applied_materials,AMAT,2018-09,6,2.4,109980,0,2
applied_materials,AMAT,2018-10,19,10.0,120856,0,2
applied_materials,AMAT,2018-11,6,3.2,122322,0,2
applied_materials,AMAT,2018-12,5,2.0,108764,0,2
applied_materials,AMAT,2019-01,10,4.8,127481,0,2
applied_materials,AMAT,2019-02,33,14.8,110811,0,2
applied_materials,AMAT,2019-03,230,99.2,110121,0,2
applied_materials,AMAT,2019-04,23,9.6,121455,0,2
applied_materials,AMAT,2019-05,15,6.4,120527,0,2
applied_materials,AMAT,2019-06,6,2.6,128228,0,2
applied_materials,AMAT,2019-07,10,4.4,127251,0,2
applied_materials,AMAT,2019-08,14,6.4,132986,0,2
applied_materials,AMAT,2019-09,16,9.4,140372,0,2
applied_materials,AMAT,2019-10,16,7.6,129328,0,2
applied_materials,AMAT,2019-11,16,7.4,128667,0,2
applied_materials,AMAT,2019-12,23,9.2,121809,0,2
applied_materials,AMAT,2020-01,11,4.4,140245,0,2
applied_materials,AMAT,2020-02,10,4.4,119211,0,2
applied_materials,AMAT,2020-03,38,16.8,126564,0,2
applied_materials,AMAT,2020-04,92,40.6,115054,0,2
applied_materials,AMAT,2020-05,41,18.0,115263,0,2
applied_materials,AMAT,2020-06,32,15.8,137707,0,2
applied_materials,AMAT,2020-07,19,9.0,126238,0,2
applied_materials,AMAT,2020-08,24,11.2,142428,0,2
applied_materials,AMAT,2020-09,33,13.6,125114,0,2
applied_materials,AMAT,2020-10,123,51.6,114169,0,2
applied_materials,AMAT,2020-11,42,17.4,131047,0,2
applied_materials,AMAT,2020-12,69,30.0,138008,0,2
applied_materials,AMAT,2021-01,30,15.2,137853,0,2
applied_materials,AMAT,2021-02,32,14.4,126025,0,2
applied_materials,AMAT,2021-03,129,55.6,129238,0,2
applied_materials,AMAT,2021-04,86,37.0,127106,0,2
applied_materials,AMAT,2021-05,63,28.8,124588,0,2
applied_materials,AMAT,2021-06,38,17.2,132640,0,2
applied_materials,AMAT,2021-07,33,14.4,134860,0,2
applied_materials,AMAT,2021-08,28,12.6,128972,0,2
applied_materials,AMAT,2021-09,33,16.0,131677,0,2
applied_materials,AMAT,2021-10,33,15.6,139055,0,2
applied_materials,AMAT,2021-11,30,13.2,128622,0,2
applied_materials,AMAT,2021-12,37,15.6,132523,0,2
applied_materials,AMAT,2022-01,25,10.8,133723,0,2
applied_materials,AMAT,2022-02,34,15.6,141744,0,2
applied_materials,AMAT,2022-03,53,22.8,136190,0,2
applied_materials,AMAT,2022-04,54,26.0,136568,0,2
applied_materials,AMAT,2022-05,63,27.2,131805,0,2
applied_materials,AMAT,2022-06,41,16.4,131377,0,2
applied_materials,AMAT,2022-07,22,11.0,143166,0,2
applied_materials,AMAT,2022-08,23,10.4,143661,0,2
applied_materials,AMAT,2022-09,14,6.0,130974,0,2
applied_materials,AMAT,2022-10,46,20.8,139160,0,2
applied_materials,AMAT,2022-11,62,28.0,146790,0,2
applied_materials,AMAT,2022-12,32,14.4,163199,0,2
applied_materials,AMAT,2023-01,27,12.4,130727,0,2
applied_materials,AMAT,2023-02,12,5.6,150421,0,2
applied_materials,AMAT,2023-03,23,10.2,149205,0,2
applied_materials,AMAT,2023-04,49,20.6,132335,0,2
applied_materials,AMAT,2023-05,64,26.8,125824,0,2
applied_materials,AMAT,2023-06,25,13.2,157315,0,2
applied_materials,AMAT,2023-07,9,4.0,148817,0,2
applied_materials,AMAT,2023-08,30,13.2,139332,0,2
applied_materials,AMAT,2023-09,52,24.4,145717,0,2
applied_materials,AMAT,2023-10,8,3.6,143732,0,2
applied_materials,AMAT,2023-11,23,10.4,155055,0,2
applied_materials,AMAT,2023-12,22,10.8,164917,0,2
applied_materials,AMAT,2024-01,65,30.4,146112,0,2
applied_materials,AMAT,2024-02,23,10.0,146163,0,2
applied_materials,AMAT,2024-03,47,20.8,154254,0,2
applied_materials,AMAT,2024-04,88,36.0,133890,0,2
applied_materials,AMAT,2024-05,53,21.2,145363,0,2
applied_materials,AMAT,2024-06,35,15.6,151535,0,2
applied_materials,AMAT,2024-07,50,23.6,153965,0,2
applied_materials,AMAT,2024-08,34,16.0,138642,0,2
applied_materials,AMAT,2024-09,22,8.8,139814,0,2
applied_materials,AMAT,2024-10,17,7.2,144887,0,2
applied_materials,AMAT,2024-11,26,12.0,154826,0,2
applied_materials,AMAT,2024-12,61,25.6,145741,0,2
applied_materials,AMAT,2025-01,14,6.8,148288,0,2
applied_materials,AMAT,2025-02,25,11.6,168432,0,2
applied_materials,AMAT,2025-03,36,18.0,170838,0,2
applied_materials,AMAT,2025-04,118,51.6,140369,0,2
applied_materials,AMAT,2025-05,52,23.6,148253,0,2
applied_materials,AMAT,2025-06,29,15.2,166819,0,2
applied_materials,AMAT,2025-07,29,13.6,160706,0,2
applied_materials,AMAT,2025-08,11,5.2,175996,0,2
applied_materials,AMAT,2025-09,14,7.2,141413,0,2
applied_materials,AMAT,2025-11,22,9.2,160439,0,2
applied_materials,AMAT,2025-12,26,11.6,147634,0,2
atlassian,TEAM,2010-04,1,0.4,74900,0,2
atlassian,TEAM,2010-07,1,0.4,80205,0,2
atlassian,TEAM,2010-08,1,0.6,75000,0,2
atlassian,TEAM,2010-10,1,0.4,70000,0,2
atlassian,TEAM,2010-11,1,0.4,75000,0,2
atlassian,TEAM,2010-12,1,0.4,100000,0,2
atlassian,TEAM,2011-04,1,0.8,82500,0,2
atlassian,TEAM,2011-11,1,0.8,90000,0,2
atlassian,TEAM,2011-12,1,0.4,99653,0,2
atlassian,TEAM,2012-02,2,0.8,110102,0,2
atlassian,TEAM,2012-04,2,0.8,98854,0,2
atlassian,TEAM,2012-06,2,0.8,77509,0,2
atlassian,TEAM,2012-07,1,0.4,70000,0,2
atlassian,TEAM,2012-08,1,0.4,80000,0,2
atlassian,TEAM,2012-11,1,0.4,108888,0,2
atlassian,TEAM,2012-12,1,0.4,77106,0,2
atlassian,TEAM,2013-01,1,0.4,80000,0,2
atlassian,TEAM,2013-02,2,0.8,81500,0,2
atlassian,TEAM,2013-03,2,1.2,91394,0,2
atlassian,TEAM,2013-04,2,1.2,83894,0,2
atlassian,TEAM,2013-05,1,0.8,130000,0,2
atlassian,TEAM,2013-06,1,0.4,90000,0,2
atlassian,TEAM,2013-07,2,1.4,200000,0,2
atlassian,TEAM,2013-08,1,0.4,90000,0,2
atlassian,TEAM,2013-09,1,0.8,172000,0,2
atlassian,TEAM,2014-01,1,0.8,140000,0,2
atlassian,TEAM,2014-02,1,0.4,80000,0,2
atlassian,TEAM,2014-03,1,0.4,125000,0,2
atlassian,TEAM,2014-07,2,1.0,127000,0,2
atlassian,TEAM,2014-08,1,0.4,129000,0,2
atlassian,TEAM,2014-09,1,0.8,140000,0,2
atlassian,TEAM,2014-10,4,2.4,0,0,2
atlassian,TEAM,2014-11,2,1.6,0,0,2
atlassian,TEAM,2014-12,3,2.0,0,0,2
atlassian,TEAM,2015-01,1,0.6,0,0,2
atlassian,TEAM,2015-03,6,3.2,0,0,2
atlassian,TEAM,2015-04,8,5.6,0,0,2
atlassian,TEAM,2015-05,3,1.6,0,0,2
atlassian,TEAM,2015-08,1,0.4,0,0,2
atlassian,TEAM,2015-09,6,3.0,0,0,2
atlassian,TEAM,2015-11,1,0.8,97573,0,2
atlassian,TEAM,2015-12,3,2.2,116166,0,2
atlassian,TEAM,2016-02,2,1.0,97962,0,2
atlassian,TEAM,2016-03,1,0.4,96000,0,2
atlassian,TEAM,2016-04,2,1.0,125587,0,2
atlassian,TEAM,2016-05,3,1.4,99614,0,2
atlassian,TEAM,2016-06,6,3.6,123887,0,2
atlassian,TEAM,2016-07,5,3.6,118213,0,2
atlassian,TEAM,2016-08,1,0.6,127500,0,2
atlassian,TEAM,2016-09,3,2.2,121194,0,2
atlassian,TEAM,2016-10,6,2.8,114597,0,2
atlassian,TEAM,2016-11,4,2.0,107437,0,2
atlassian,TEAM,2016-12,4,2.4,121783,0,2
atlassian,TEAM,2017-01,2,1.2,113412,0,2
atlassian,TEAM,2017-02,2,0.8,117587,0,2
atlassian,TEAM,2017-03,7,5.2,127564,0,2
atlassian,TEAM,2017-04,4,2.0,134238,0,2
atlassian,TEAM,2017-05,5,2.6,135210,0,2
atlassian,TEAM,2017-06,7,4.0,119036,0,2
atlassian,TEAM,2017-07,8,3.8,120889,0,2
atlassian,TEAM,2017-08,8,4.6,116509,0,2
atlassian,TEAM,2017-09,4,1.8,129174,0,2
atlassian,TEAM,2017-10,10,7.0,128977,0,2
atlassian,TEAM,2017-11,12,8.2,141831,0,2
atlassian,TEAM,2017-12,9,6.0,133294,0,2
atlassian,TEAM,2018-01,5,2.6,133492,0,2
atlassian,TEAM,2018-02,8,4.6,121334,0,2
atlassian,TEAM,2018-03,23,11.6,126955,0,2
atlassian,TEAM,2018-04,6,3.0,109331,0,2
atlassian,TEAM,2018-05,5,3.2,122705,0,2
atlassian,TEAM,2018-06,11,5.8,136612,0,2
atlassian,TEAM,2018-07,8,5.8,139850,0,2
atlassian,TEAM,2018-08,8,5.8,152537,0,2
atlassian,TEAM,2018-09,4,3.0,136039,0,2
atlassian,TEAM,2018-10,8,4.2,130287,0,2
atlassian,TEAM,2018-11,7,4.6,125774,0,2
atlassian,TEAM,2018-12,6,4.6,149822,0,2
atlassian,TEAM,2019-01,6,4.4,130996,0,2
atlassian,TEAM,2019-02,10,6.2,145807,0,2
atlassian,TEAM,2019-03,40,25.4,132640,0,2
atlassian,TEAM,2019-04,15,9.0,137600,0,2
atlassian,TEAM,2019-05,11,6.0,136862,0,2
atlassian,TEAM,2019-06,13,7.0,130141,0,2
atlassian,TEAM,2019-07,9,5.2,139831,0,2
atlassian,TEAM,2019-08,12,6.8,151379,0,2
atlassian,TEAM,2019-09,11,7.8,156333,0,2
atlassian,TEAM,2019-10,10,5.8,144630,0,2
atlassian,TEAM,2019-11,8,3.6,145891,0,2
atlassian,TEAM,2019-12,11,6.0,144733,0,2
atlassian,TEAM,2020-01,10,6.0,141475,0,2
atlassian,TEAM,2020-02,12,7.8,144200,0,2
atlassian,TEAM,2020-03,30,18.0,145340,0,2
atlassian,TEAM,2020-04,21,12.0,132954,0,2
atlassian,TEAM,2020-05,22,12.6,148114,0,2
atlassian,TEAM,2020-06,12,7.4,154529,0,2
atlassian,TEAM,2020-07,23,15.4,151646,0,2
atlassian,TEAM,2020-08,17,10.8,141946,0,2
atlassian,TEAM,2020-09,5,2.8,127310,0,2
atlassian,TEAM,2020-10,15,10.8,165349,0,2
atlassian,TEAM,2020-11,21,12.0,142128,0,2
atlassian,TEAM,2020-12,36,22.2,153001,0,2
atlassian,TEAM,2021-01,24,13.6,142590,0,2
atlassian,TEAM,2021-02,28,16.4,135046,0,2
atlassian,TEAM,2021-03,53,32.4,139545,0,2
atlassian,TEAM,2021-04,26,15.6,141371,0,2
atlassian,TEAM,2021-05,28,17.8,144119,0,2
atlassian,TEAM,2021-06,12,8.0,136708,0,2
atlassian,TEAM,2021-07,8,5.2,147994,0,2
atlassian,TEAM,2021-08,12,7.6,145082,0,2
atlassian,TEAM,2021-09,9,5.8,150500,0,2
atlassian,TEAM,2021-10,15,8.4,143675,0,2
atlassian,TEAM,2021-11,24,14.0,147842,0,2
atlassian,TEAM,2021-12,16,9.8,156662,0,2
atlassian,TEAM,2022-01,18,10.4,151121,0,2
atlassian,TEAM,2022-02,17,10.8,159924,0,2
atlassian,TEAM,2022-03,44,28.4,152485,0,2
atlassian,TEAM,2022-04,29,17.0,149515,0,2
atlassian,TEAM,2022-05,18,10.6,162302,0,2
atlassian,TEAM,2022-06,23,14.4,164119,0,2
atlassian,TEAM,2022-07,28,18.2,160782,0,2
atlassian,TEAM,2022-08,20,11.6,161952,0,2
atlassian,TEAM,2022-09,19,11.0,163520,0,2
atlassian,TEAM,2022-10,46,27.6,162052,0,2
atlassian,TEAM,2022-11,72,41.2,164700,0,2
atlassian,TEAM,2022-12,36,22.4,165294,0,2
atlassian,TEAM,2023-01,13,9.6,180593,0,2
atlassian,TEAM,2023-02,16,11.2,169168,0,2
atlassian,TEAM,2023-03,37,23.0,164061,0,2
atlassian,TEAM,2023-04,7,4.2,151043,0,2
atlassian,TEAM,2023-05,9,7.4,187026,0,2
atlassian,TEAM,2023-06,11,7.0,182349,0,2
atlassian,TEAM,2023-07,21,13.6,174797,0,2
atlassian,TEAM,2023-08,4,2.6,194908,0,2
atlassian,TEAM,2023-09,9,5.6,188035,0,2
atlassian,TEAM,2023-10,11,7.0,187247,0,2
atlassian,TEAM,2023-11,20,14.2,195976,0,2
atlassian,TEAM,2023-12,4,2.6,184790,0,2
atlassian,TEAM,2024-01,16,8.6,170701,0,2
atlassian,TEAM,2024-02,15,9.6,184131,0,2
atlassian,TEAM,2024-03,24,14.8,178872,0,2
atlassian,TEAM,2024-04,14,8.4,189266,0,2
atlassian,TEAM,2024-05,21,13.0,172596,0,2
atlassian,TEAM,2024-06,9,6.4,182935,0,2
atlassian,TEAM,2024-07,26,17.8,179586,0,2
atlassian,TEAM,2024-08,19,12.8,183409,0,2
atlassian,TEAM,2024-09,12,8.4,179126,0,2
atlassian,TEAM,2024-10,20,13.2,178664,0,2
atlassian,TEAM,2024-11,19,13.6,185573,0,2
atlassian,TEAM,2024-12,20,14.4,191236,0,2
atlassian,TEAM,2025-01,23,14.2,168423,0,2
atlassian,TEAM,2025-02,23,13.6,190075,0,2
atlassian,TEAM,2025-03,27,17.8,189272,0,2
atlassian,TEAM,2025-04,68,47.4,181987,0,2
atlassian,TEAM,2025-05,35,21.6,186750,0,2
atlassian,TEAM,2025-06,36,23.4,183191,0,2
atlassian,TEAM,2025-07,29,20.0,189542,0,2
atlassian,TEAM,2025-08,35,24.4,207062,0,2
atlassian,TEAM,2025-09,28,19.4,200648,0,2
atlassian,TEAM,2025-11,40,26.4,201281,0,2
atlassian,TEAM,2025-12,24,16.6,205791,0,2
block,XYZ,2010-06,3,1.8,75000,0,2
block,XYZ,2010-07,1,0.4,61000,0,2
block,XYZ,2010-11,1,0.4,56326,0,2
block,XYZ,2010-12,1,0.4,0,0,2
block,XYZ,2011-11,1,0.4,0,0,2
block,XYZ,2011-12,1,0.4,0,0,2
block,XYZ,2012-05,1,0.4,86480,0,2
block,XYZ,2013-04,1,0.4,72000,0,2
block,XYZ,2013-07,1,0.4,90000,0,2
block,XYZ,2014-03,6,2.4,61750,0,2
block,XYZ,2014-12,1,0.4,0,0,2
block,XYZ,2015-03,13,5.2,0,0,2
block,XYZ,2015-04,2,0.8,0,0,2
block,XYZ,2015-06,1,0.4,0,0,2
block,XYZ,2016-03,42,16.8,66945,0,2
block,XYZ,2016-04,1,0.8,48526,0,2
block,XYZ,2016-09,1,0.4,70000,0,2
block,XYZ,2016-10,3,1.2,71931,0,2
block,XYZ,2016-11,1,0.4,75000,0,2
block,XYZ,2017-03,6,2.8,68370,0,2
block,XYZ,2018-01,1,0.4,93000,0,2
block,XYZ,2018-03,7,2.8,73584,0,2
block,XYZ,2019-01,1,0.4,100000,0,2
block,XYZ,2019-03,6,2.8,90543,0,2
block,XYZ,2019-08,1,0.8,100000,0,2
block,XYZ,2020-02,1,0.4,160000,0,2
block,XYZ,2020-03,6,3.6,120797,0,2
block,XYZ,2020-04,5,2.0,85492,0,2
block,XYZ,2020-09,2,1.4,109500,0,2
block,XYZ,2020-10,3,1.8,0,0,2
block,XYZ,2021-01,4,1.6,117500,0,2
block,XYZ,2021-02,4,2.0,94000,0,2
block,XYZ,2021-03,2,0.8,95000,0,2
block,XYZ,2021-04,2,0.8,101000,0,2
block,XYZ,2021-09,2,1.2,106000,0,2
block,XYZ,2021-10,1,0.6,103895,0,2
block,XYZ,2022-02,1,0.8,230000,0,2
block,XYZ,2022-04,2,0.8,79914,0,2
block,XYZ,2022-05,2,1.2,217500,0,2
block,XYZ,2022-06,2,1.2,217500,0,2
block,XYZ,2022-12,2,0.8,75000,0,2
block,XYZ,2023-03,2,1.2,140000,0,2
block,XYZ,2023-04,6,2.8,107000,0,2
block,XYZ,2023-05,2,1.2,180000,0,2
block,XYZ,2023-06,12,5.2,92254,0,2
block,XYZ,2023-08,2,1.0,210000,0,2
block,XYZ,2023-09,2,1.0,150000,0,2
block,XYZ,2023-10,1,0.6,210000,0,2
block,XYZ,2023-11,1,0.4,150000,0,2
block,XYZ,2023-12,2,1.6,275000,0,2
block,XYZ,2024-03,2,1.2,215000,0,2
block,XYZ,2024-04,1,0.6,120000,0,2
block,XYZ,2024-06,6,2.4,86655,0,2
block,XYZ,2024-07,3,1.4,200000,0,2
block,XYZ,2024-08,2,0.8,110000,0,2
block,XYZ,2024-10,4,1.6,104252,0,2
block,XYZ,2024-12,1,0.4,0,0,2
block,XYZ,2025-04,4,1.6,95246,0,2
block,XYZ,2025-05,5,2.8,135272,0,2
block,XYZ,2025-06,5,2.0,0,0,2
block,XYZ,2025-07,1,0.4,160000,0,2
block,XYZ,2025-08,1,0.4,0,0,2
block,XYZ,2025-09,2,1.0,200000,0,2
block,XYZ,2025-11,1,0.4,91000,0,2
block,XYZ,2025-12,5,3.2,199680,0,2
broadcom,AVGO,2009-10,26,20.8,102408,0,2
broadcom,AVGO,2009-11,12,8.6,100302,0,2
broadcom,AVGO,2009-12,54,41.6,108155,0,2
broadcom,AVGO,2010-01,8,6.2,109095,0,2
broadcom,AVGO,2010-02,28,21.6,107318,0,2
broadcom,AVGO,2010-03,86,59.2,94345,0,2
broadcom,AVGO,2010-04,37,30.2,100895,0,2
broadcom,AVGO,2010-05,56,45.2,99872,0,2
broadcom,AVGO,2010-06,39,31.6,103063,0,2
broadcom,AVGO,2010-07,26,19.4,102873,0,2
broadcom,AVGO,2010-08,43,35.0,106242,0,2
broadcom,AVGO,2010-09,32,25.8,106537,0,2
broadcom,AVGO,2010-10,32,26.4,99562,0,2
broadcom,AVGO,2010-11,26,22.2,115603,0,2
broadcom,AVGO,2010-12,29,24.0,109585,0,2
broadcom,AVGO,2011-01,20,16.4,107179,0,2
broadcom,AVGO,2011-02,19,15.0,105088,0,2
broadcom,AVGO,2011-03,80,65.2,97107,0,2
broadcom,AVGO,2011-04,30,24.6,105984,0,2
broadcom,AVGO,2011-05,36,30.4,108324,0,2
broadcom,AVGO,2011-06,47,38.6,104116,0,2
broadcom,AVGO,2011-07,34,27.6,105949,0,2
broadcom,AVGO,2011-08,35,28.8,103897,0,2
broadcom,AVGO,2011-09,33,27.6,105761,0,2
broadcom,AVGO,2011-10,14,11.6,109489,0,2
broadcom,AVGO,2011-11,22,18.2,124488,0,2
broadcom,AVGO,2011-12,18,15.0,109239,0,2
broadcom,AVGO,2012-01,20,16.6,114536,0,2
broadcom,AVGO,2012-02,20,16.8,111542,0,2
broadcom,AVGO,2012-03,111,92.8,110779,0,2
broadcom,AVGO,2012-04,46,39.2,113156,0,2
broadcom,AVGO,2012-05,41,33.8,108368,0,2
broadcom,AVGO,2012-06,52,42.4,108866,0,2
broadcom,AVGO,2012-07,33,26.4,117111,0,2
broadcom,AVGO,2012-08,28,24.2,116171,0,2
broadcom,AVGO,2012-09,21,18.4,109954,0,2
broadcom,AVGO,2012-10,20,17.2,115989,0,2
broadcom,AVGO,2012-11,18,15.8,125489,0,2
broadcom,AVGO,2012-12,24,20.0,119220,0,2
broadcom,AVGO,2013-01,24,20.2,115479,0,2
broadcom,AVGO,2013-02,32,27.0,112702,0,2
broadcom,AVGO,2013-03,97,78.8,99729,0,2
broadcom,AVGO,2013-04,62,50.6,101863,0,2
broadcom,AVGO,2013-05,39,32.2,105310,0,2
broadcom,AVGO,2013-06,31,26.2,119940,0,2
broadcom,AVGO,2013-07,30,25.8,123677,0,2
broadcom,AVGO,2013-08,15,13.4,126120,0,2
broadcom,AVGO,2013-09,18,14.6,112535,0,2
broadcom,AVGO,2013-10,12,10.2,120494,0,2
broadcom,AVGO,2013-11,94,81.4,118089,0,2
broadcom,AVGO,2013-12,55,46.6,106803,0,2
broadcom,AVGO,2014-01,41,35.6,116792,0,2
broadcom,AVGO,2014-02,64,53.2,104185,0,2
broadcom,AVGO,2014-03,42,34.6,105238,0,2
broadcom,AVGO,2014-04,19,15.2,105345,0,2
broadcom,AVGO,2014-05,7,5.6,114195,0,2
broadcom,AVGO,2014-06,28,23.8,115054,0,2
broadcom,AVGO,2014-07,29,24.2,114086,0,2
broadcom,AVGO,2014-08,38,31.2,112719,0,2
broadcom,AVGO,2014-09,31,24.8,111203,0,2
broadcom,AVGO,2014-10,32,27.4,0,0,2
broadcom,AVGO,2014-11,12,10.0,0,0,2
broadcom,AVGO,2014-12,17,13.8,0,0,2
broadcom,AVGO,2015-01,6,4.8,0,0,2
broadcom,AVGO,2015-02,33,28.6,0,0,2
broadcom,AVGO,2015-03,88,75.4,0,0,2
broadcom,AVGO,2015-04,29,24.8,0,0,2
broadcom,AVGO,2015-05,15,12.2,0,0,2
broadcom,AVGO,2015-06,32,26.6,0,0,2
broadcom,AVGO,2015-07,28,25.0,0,0,2
broadcom,AVGO,2015-08,27,22.2,0,0,2
broadcom,AVGO,2015-09,28,23.4,0,0,2
broadcom,AVGO,2015-10,22,18.6,108128,0,2
broadcom,AVGO,2015-11,20,17.0,113135,0,2
broadcom,AVGO,2015-12,150,126.6,109756,0,2
broadcom,AVGO,2016-01,14,12.2,124254,0,2
broadcom,AVGO,2016-02,6,5.6,131071,0,2
broadcom,AVGO,2016-03,122,61.8,118327,0,2
broadcom,AVGO,2016-04,62,27.6,120944,0,2
broadcom,AVGO,2016-05,27,13.0,119833,0,2
broadcom,AVGO,2016-06,12,5.2,132254,0,2
broadcom,AVGO,2016-07,7,3.2,132566,0,2
broadcom,AVGO,2016-08,8,4.2,129232,0,2
broadcom,AVGO,2016-09,9,4.0,114202,0,2
broadcom,AVGO,2016-10,13,5.2,130802,0,2
broadcom,AVGO,2016-11,7,2.8,123094,0,2
broadcom,AVGO,2016-12,12,5.2,128980,0,2
broadcom,AVGO,2017-01,3,1.2,128769,0,2
broadcom,AVGO,2017-02,20,8.0,114601,0,2
broadcom,AVGO,2017-03,24,9.6,115919,0,2
broadcom,AVGO,2017-04,7,2.8,110934,0,2
broadcom,AVGO,2017-05,7,2.8,122805,0,2
broadcom,AVGO,2017-06,5,2.0,141366,0,2
broadcom,AVGO,2017-07,4,1.6,101523,0,2
broadcom,AVGO,2017-08,8,3.2,115161,0,2
broadcom,AVGO,2017-09,5,2.0,121091,0,2
broadcom,AVGO,2017-10,11,4.4,132037,0,2
broadcom,AVGO,2017-11,6,2.4,121437,0,2
broadcom,AVGO,2017-12,6,3.0,119300,0,2
broadcom,AVGO,2018-01,23,9.2,125433,0,2
broadcom,AVGO,2018-02,23,9.2,129821,0,2
broadcom,AVGO,2018-03,42,17.2,119879,0,2
broadcom,AVGO,2018-04,17,7.2,126359,0,2
broadcom,AVGO,2018-05,15,6.0,119901,0,2
broadcom,AVGO,2018-06,6,2.8,154255,0,2
broadcom,AVGO,2018-07,6,2.4,135681,0,2
broadcom,AVGO,2018-08,7,3.8,141847,0,2
broadcom,AVGO,2018-09,8,3.2,120688,0,2
broadcom,AVGO,2018-10,3,1.2,147713,0,2
broadcom,AVGO,2018-11,1,0.4,152526,0,2
broadcom,AVGO,2019-02,21,8.8,125798,0,2
broadcom,AVGO,2019-03,23,9.2,128871,0,2
broadcom,AVGO,2019-04,13,5.8,122400,0,2
broadcom,AVGO,2019-05,5,2.0,137212,0,2
broadcom,AVGO,2019-06,7,2.8,127483,0,2
broadcom,AVGO,2019-07,7,3.2,143211,0,2
broadcom,AVGO,2019-08,6,2.4,143652,0,2
broadcom,AVGO,2019-09,15,6.0,124198,0,2
broadcom,AVGO,2019-10,18,7.2,144892,0,2
broadcom,AVGO,2019-11,7,2.8,144019,0,2
broadcom,AVGO,2020-01,5,2.0,139533,0,2
broadcom,AVGO,2020-02,17,6.8,139113,0,2
broadcom,AVGO,2020-03,14,6.0,143672,0,2
broadcom,AVGO,2020-04,8,3.2,143415,0,2
broadcom,AVGO,2020-05,5,2.0,125526,0,2
broadcom,AVGO,2020-06,3,1.2,147991,0,2
broadcom,AVGO,2020-07,3,1.2,146412,0,2
broadcom,AVGO,2020-08,7,2.8,158079,0,2
broadcom,AVGO,2020-09,4,1.6,162219,0,2
broadcom,AVGO,2020-10,3,2.4,135070,0,2
broadcom,AVGO,2020-11,18,7.2,141573,0,2
broadcom,AVGO,2020-12,21,9.6,155169,0,2
broadcom,AVGO,2021-01,30,12.0,159254,0,2
broadcom,AVGO,2021-02,32,13.6,152596,0,2
broadcom,AVGO,2021-03,24,9.6,142078,0,2
broadcom,AVGO,2021-04,19,7.6,148599,0,2
broadcom,AVGO,2021-05,13,5.2,150002,0,2
broadcom,AVGO,2021-06,11,4.4,131615,0,2
broadcom,AVGO,2021-07,4,1.6,119738,0,2
broadcom,AVGO,2021-08,3,1.6,163737,0,2
broadcom,AVGO,2021-09,3,1.6,145781,0,2
broadcom,AVGO,2021-10,7,2.8,167248,0,2
broadcom,AVGO,2021-11,3,1.2,170082,0,2
broadcom,AVGO,2021-12,5,2.0,162310,0,2
broadcom,AVGO,2022-01,4,1.6,158611,0,2
broadcom,AVGO,2022-02,15,6.0,155658,0,2
broadcom,AVGO,2022-03,20,8.8,152436,0,2
broadcom,AVGO,2022-04,16,6.8,142799,0,2
broadcom,AVGO,2022-05,11,4.4,163764,0,2
broadcom,AVGO,2022-06,8,3.2,165371,0,2
broadcom,AVGO,2022-07,6,2.4,155158,0,2
broadcom,AVGO,2022-08,8,3.6,176741,0,2
broadcom,AVGO,2022-09,9,3.6,154196,0,2
broadcom,AVGO,2022-10,14,5.6,143121,0,2
broadcom,AVGO,2022-11,8,3.2,151054,0,2
broadcom,AVGO,2022-12,8,3.2,162093,0,2
broadcom,AVGO,2023-01,8,3.2,156482,0,2
broadcom,AVGO,2023-02,14,6.0,169174,0,2
broadcom,AVGO,2023-03,7,2.8,153280,0,2
broadcom,AVGO,2023-04,4,1.6,144727,0,2
broadcom,AVGO,2023-05,7,2.8,182072,0,2
broadcom,AVGO,2023-06,5,2.4,181515,0,2
broadcom,AVGO,2023-07,12,5.2,173979,0,2
broadcom,AVGO,2023-08,4,1.6,135827,0,2
broadcom,AVGO,2023-09,4,1.6,160260,0,2
broadcom,AVGO,2023-10,6,2.4,171214,0,2
broadcom,AVGO,2023-11,15,6.0,163097,0,2
broadcom,AVGO,2023-12,8,3.6,171162,0,2
broadcom,AVGO,2024-01,8,3.2,172933,0,2
broadcom,AVGO,2024-02,4,1.6,168019,0,2
broadcom,AVGO,2024-03,12,4.8,166502,0,2
broadcom,AVGO,2024-04,4,1.6,159725,0,2
broadcom,AVGO,2024-05,6,2.4,157997,0,2
broadcom,AVGO,2024-06,4,1.6,173320,0,2
broadcom,AVGO,2024-07,2,0.8,178775,0,2
broadcom,AVGO,2024-08,3,1.2,176138,0,2
broadcom,AVGO,2024-09,5,2.0,170857,0,2
broadcom,AVGO,2024-10,3,1.2,160139,0,2
broadcom,AVGO,2024-11,8,3.2,178958,0,2
broadcom,AVGO,2024-12,2,0.8,190736,0,2
broadcom,AVGO,2025-01,9,3.6,189037,0,2
broadcom,AVGO,2025-02,6,2.4,178225,0,2
broadcom,AVGO,2025-03,11,4.4,189597,0,2
broadcom,AVGO,2025-04,15,6.0,174980,0,2
broadcom,AVGO,2025-05,10,4.0,150491,0,2
broadcom,AVGO,2025-06,7,2.8,182015,0,2
broadcom,AVGO,2025-07,10,4.0,174504,0,2
broadcom,AVGO,2025-08,9,4.0,174957,0,2
broadcom,AVGO,2025-09,3,1.2,160677,0,2
broadcom,AVGO,2025-11,4,1.6,164002,0,2
broadcom,AVGO,2025-12,8,3.6,165031,0,2
cisco,CSCO,2009-10,32,19.6,93969,0,2
cisco,CSCO,2009-11,26,12.6,98570,0,2
cisco,CSCO,2009-12,35,18.4,97168,0,2
cisco,CSCO,2010-01,21,12.6,104676,0,2
cisco,CSCO,2010-02,14,8.2,103546,0,2
cisco,CSCO,2010-03,72,36.4,96589,0,2
cisco,CSCO,2010-04,42,21.2,96552,0,2
cisco,CSCO,2010-05,31,15.6,96746,0,2
cisco,CSCO,2010-06,41,20.4,90722,0,2
cisco,CSCO,2010-07,30,15.6,97210,0,2
cisco,CSCO,2010-08,45,27.4,94000,0,2
cisco,CSCO,2010-09,36,20.0,95244,0,2
cisco,CSCO,2010-10,24,14.0,103650,0,2
cisco,CSCO,2010-11,54,25.8,98509,0,2
cisco,CSCO,2010-12,23,14.4,95431,0,2
cisco,CSCO,2011-01,30,14.6,99088,0,2
cisco,CSCO,2011-02,26,12.4,98252,0,2
cisco,CSCO,2011-03,72,34.8,98358,0,2
cisco,CSCO,2011-04,56,28.4,97545,0,2
cisco,CSCO,2011-05,28,15.6,93292,0,2
cisco,CSCO,2011-06,30,15.6,97714,0,2
cisco,CSCO,2011-07,26,12.8,93531,0,2
cisco,CSCO,2011-08,24,12.8,98089,0,2
cisco,CSCO,2011-09,24,10.0,92909,0,2
cisco,CSCO,2011-10,25,11.6,86911,0,2
cisco,CSCO,2011-11,24,11.2,92029,0,2
cisco,CSCO,2011-12,11,5.2,100606,0,2
cisco,CSCO,2012-01,30,16.8,99030,0,2
cisco,CSCO,2012-02,55,25.6,91827,0,2
cisco,CSCO,2012-03,58,26.4,86317,0,2
cisco,CSCO,2012-04,43,20.0,91124,0,2
cisco,CSCO,2012-05,58,30.8,92897,0,2
cisco,CSCO,2012-06,41,22.4,98910,0,2
cisco,CSCO,2012-07,39,21.0,99666,0,2
cisco,CSCO,2012-08,39,20.8,101436,0,2
cisco,CSCO,2012-09,15,8.0,104977,0,2
cisco,CSCO,2012-10,20,10.4,103477,0,2
cisco,CSCO,2012-11,22,11.2,110280,0,2
cisco,CSCO,2012-12,25,15.0,111236,0,2
cisco,CSCO,2013-01,27,15.6,100814,0,2
cisco,CSCO,2013-02,86,38.0,95194,0,2
cisco,CSCO,2013-03,89,41.6,94371,0,2
cisco,CSCO,2013-04,39,20.8,100887,0,2
cisco,CSCO,2013-05,29,15.6,101903,0,2
cisco,CSCO,2013-06,19,10.4,105945,0,2
cisco,CSCO,2013-07,51,27.6,99037,0,2
cisco,CSCO,2013-08,36,20.4,113867,0,2
cisco,CSCO,2013-09,29,15.2,103104,0,2
cisco,CSCO,2013-10,11,5.4,95769,0,2
cisco,CSCO,2013-11,70,39.0,102961,0,2
cisco,CSCO,2013-12,65,27.8,94470,0,2
cisco,CSCO,2014-01,45,22.0,96024,0,2
cisco,CSCO,2014-02,45,23.2,103193,0,2
cisco,CSCO,2014-03,86,44.2,100840,0,2
cisco,CSCO,2014-04,29,15.2,98364,0,2
cisco,CSCO,2014-05,24,14.8,103013,0,2
cisco,CSCO,2014-06,30,15.2,106133,0,2
cisco,CSCO,2014-07,49,22.4,98706,0,2
cisco,CSCO,2014-08,25,11.6,100014,0,2
cisco,CSCO,2014-09,8,4.0,101028,0,2
cisco,CSCO,2014-10,31,17.8,0,0,2
cisco,CSCO,2014-11,21,10.0,0,0,2
cisco,CSCO,2014-12,65,30.0,0,0,2
cisco,CSCO,2015-01,66,32.8,0,0,2
cisco,CSCO,2015-02,68,32.8,0,0,2
cisco,CSCO,2015-03,84,43.8,0,0,2
cisco,CSCO,2015-04,44,24.0,0,0,2
cisco,CSCO,2015-05,23,13.0,0,0,2
cisco,CSCO,2015-06,36,19.6,0,0,2
cisco,CSCO,2015-07,34,18.8,0,0,2
cisco,CSCO,2015-08,58,28.4,0,0,2
cisco,CSCO,2015-09,42,21.0,0,0,2
cisco,CSCO,2015-10,28,14.2,114353,0,2
cisco,CSCO,2015-11,33,17.2,116184,0,2
cisco,CSCO,2015-12,77,36.0,108456,0,2
cisco,CSCO,2016-01,83,38.8,98872,0,2
cisco,CSCO,2016-02,85,45.6,107392,0,2
cisco,CSCO,2016-03,95,50.0,107236,0,2
cisco,CSCO,2016-04,45,22.0,115702,0,2
cisco,CSCO,2016-05,28,16.6,109515,0,2
cisco,CSCO,2016-06,24,12.8,108533,0,2
cisco,CSCO,2016-07,50,27.4,116604,0,2
cisco,CSCO,2016-08,35,21.4,118209,0,2
cisco,CSCO,2016-09,37,20.4,116673,0,2
cisco,CSCO,2016-10,35,18.0,123987,0,2
cisco,CSCO,2016-11,47,24.8,115512,0,2
cisco,CSCO,2016-12,153,70.2,107348,0,2
cisco,CSCO,2017-01,50,24.4,106532,0,2
cisco,CSCO,2017-02,54,28.8,109590,0,2
cisco,CSCO,2017-03,116,61.2,106694,0,2
cisco,CSCO,2017-04,65,32.0,124209,0,2
cisco,CSCO,2017-05,30,15.0,111278,0,2
cisco,CSCO,2017-06,43,21.8,123982,0,2
cisco,CSCO,2017-07,41,19.6,109899,0,2
cisco,CSCO,2017-08,47,25.8,119577,0,2
cisco,CSCO,2017-09,40,20.0,113723,0,2
cisco,CSCO,2017-10,27,15.0,128797,0,2
cisco,CSCO,2017-11,26,14.4,121590,0,2
cisco,CSCO,2017-12,103,44.4,109095,0,2
cisco,CSCO,2018-01,65,32.4,110240,0,2
cisco,CSCO,2018-02,82,42.2,116517,0,2
cisco,CSCO,2018-03,179,97.6,113894,0,2
cisco,CSCO,2018-04,50,25.4,119144,0,2
cisco,CSCO,2018-05,50,26.4,123397,0,2
cisco,CSCO,2018-06,70,39.2,120615,0,2
cisco,CSCO,2018-07,47,26.0,127529,0,2
cisco,CSCO,2018-08,51,26.0,121952,0,2
cisco,CSCO,2018-09,40,21.4,129437,0,2
cisco,CSCO,2018-10,64,34.0,127767,0,2
cisco,CSCO,2018-11,44,23.6,127706,0,2
cisco,CSCO,2018-12,39,20.4,120956,0,2
cisco,CSCO,2019-01,31,16.8,125817,0,2
cisco,CSCO,2019-02,170,88.0,123740,0,2
cisco,CSCO,2019-03,169,89.8,118594,0,2
cisco,CSCO,2019-04,62,33.8,126240,0,2
cisco,CSCO,2019-05,52,32.0,139075,0,2
cisco,CSCO,2019-06,55,31.0,122936,0,2
cisco,CSCO,2019-07,43,21.8,124412,0,2
cisco,CSCO,2019-08,39,21.6,127254,0,2
cisco,CSCO,2019-09,70,40.2,130466,0,2
cisco,CSCO,2019-10,44,26.8,128692,0,2
cisco,CSCO,2019-11,51,29.2,128440,0,2
cisco,CSCO,2019-12,49,27.0,135152,0,2
cisco,CSCO,2020-01,51,26.8,132231,0,2
cisco,CSCO,2020-02,408,213.6,121961,0,2
cisco,CSCO,2020-03,87,45.4,125304,0,2
cisco,CSCO,2020-04,62,32.4,122711,0,2
cisco,CSCO,2020-05,127,68.2,117400,0,2
cisco,CSCO,2020-06,42,20.0,121676,0,2
cisco,CSCO,2020-07,144,67.4,130428,0,2
cisco,CSCO,2020-08,63,32.2,126969,0,2
cisco,CSCO,2020-09,54,27.8,120185,0,2
cisco,CSCO,2020-10,162,91.8,140404,0,2
cisco,CSCO,2020-11,120,64.8,147866,0,2
cisco,CSCO,2020-12,480,252.0,131533,0,2
cisco,CSCO,2021-01,214,112.4,127202,0,2
cisco,CSCO,2021-02,204,99.2,141132,0,2
cisco,CSCO,2021-03,324,156.0,142978,0,2
cisco,CSCO,2021-04,171,81.2,140845,0,2
cisco,CSCO,2021-05,400,181.8,139391,0,2
cisco,CSCO,2021-06,234,112.6,144042,0,2
cisco,CSCO,2021-07,160,76.8,146125,0,2
cisco,CSCO,2021-08,184,86.4,153877,0,2
cisco,CSCO,2021-09,231,110.4,145937,0,2
cisco,CSCO,2021-10,299,139.0,149938,0,2
cisco,CSCO,2021-11,202,99.8,134639,0,2
cisco,CSCO,2021-12,165,81.2,118517,0,2
cisco,CSCO,2022-01,155,75.2,120152,0,2
cisco,CSCO,2022-02,286,141.0,129417,0,2
cisco,CSCO,2022-03,237,124.2,124094,0,2
cisco,CSCO,2022-04,204,106.2,119782,0,2
cisco,CSCO,2022-05,124,62.2,122863,0,2
cisco,CSCO,2022-06,134,68.4,125002,0,2
cisco,CSCO,2022-07,127,68.6,127187,0,2
cisco,CSCO,2022-08,141,72.6,139479,0,2
cisco,CSCO,2022-09,65,33.4,136955,0,2
cisco,CSCO,2022-10,114,55.6,140850,0,2
cisco,CSCO,2022-11,236,112.4,137330,0,2
cisco,CSCO,2022-12,576,282.4,125849,0,2
cisco,CSCO,2023-01,96,48.6,143253,0,2
cisco,CSCO,2023-02,276,148.4,125505,0,2
cisco,CSCO,2023-03,124,60.8,128310,0,2
cisco,CSCO,2023-04,64,32.4,146130,0,2
cisco,CSCO,2023-05,47,26.8,137613,0,2
cisco,CSCO,2023-06,45,25.2,145372,0,2
cisco,CSCO,2023-07,59,30.0,145273,0,2
cisco,CSCO,2023-08,62,30.6,136196,0,2
cisco,CSCO,2023-09,48,24.8,145580,0,2
cisco,CSCO,2023-10,58,30.4,137126,0,2
cisco,CSCO,2023-11,64,34.4,142209,0,2
cisco,CSCO,2023-12,80,39.2,145915,0,2
cisco,CSCO,2024-01,192,97.8,130938,0,2
cisco,CSCO,2024-02,202,103.4,129755,0,2
cisco,CSCO,2024-03,103,55.6,141554,0,2
cisco,CSCO,2024-04,98,50.6,143382,0,2
cisco,CSCO,2024-05,70,36.8,136951,0,2
cisco,CSCO,2024-06,62,30.4,132199,0,2
cisco,CSCO,2024-07,112,59.4,135015,0,2
cisco,CSCO,2024-08,127,65.0,143699,0,2
cisco,CSCO,2024-09,75,38.2,145054,0,2
cisco,CSCO,2024-10,106,59.8,157627,0,2
cisco,CSCO,2024-11,70,35.4,149684,0,2
cisco,CSCO,2024-12,115,54.6,147063,0,2
cisco,CSCO,2025-01,223,109.2,137427,0,2
cisco,CSCO,2025-02,166,91.4,142107,0,2
cisco,CSCO,2025-03,144,73.8,145421,0,2
cisco,CSCO,2025-04,102,50.6,146270,0,2
cisco,CSCO,2025-05,60,31.4,149013,0,2
cisco,CSCO,2025-06,65,35.2,152124,0,2
cisco,CSCO,2025-07,64,31.6,158066,0,2
cisco,CSCO,2025-08,62,34.0,158824,0,2
cisco,CSCO,2025-09,70,37.2,159610,0,2
cisco,CSCO,2025-11,84,45.4,161649,0,2
cisco,CSCO,2025-12,71,35.6,153002,0,2
cloudflare,NET,2009-11,2,1.4,120000,0,2
cloudflare,NET,2010-03,1,1.0,150000,0,2
cloudflare,NET,2011-11,1,0.4,100000,0,2
cloudflare,NET,2011-12,1,0.4,107000,0,2
cloudflare,NET,2012-03,1,0.4,125000,0,2
cloudflare,NET,2012-05,2,0.8,115000,0,2
cloudflare,NET,2012-06,1,0.4,122000,0,2
cloudflare,NET,2013-03,1,0.4,95000,0,2
cloudflare,NET,2013-04,1,0.4,130000,0,2
cloudflare,NET,2013-06,1,0.4,100000,0,2
cloudflare,NET,2013-08,1,0.8,132000,0,2
cloudflare,NET,2013-12,1,0.4,139000,0,2
cloudflare,NET,2014-01,1,0.4,144000,0,2
cloudflare,NET,2014-02,1,0.4,135000,0,2
cloudflare,NET,2014-03,10,5.2,121600,0,2
cloudflare,NET,2014-04,1,0.4,160000,0,2
cloudflare,NET,2014-05,2,0.8,148000,0,2
cloudflare,NET,2014-08,1,0.4,145000,0,2
cloudflare,NET,2014-11,1,0.4,0,0,2
cloudflare,NET,2014-12,1,0.4,0,0,2
cloudflare,NET,2015-03,7,3.2,0,0,2
cloudflare,NET,2015-06,2,1.2,0,0,2
cloudflare,NET,2015-07,1,0.4,0,0,2
cloudflare,NET,2015-09,2,0.8,0,0,2
cloudflare,NET,2015-10,2,0.8,131000,0,2
cloudflare,NET,2015-11,1,0.4,125000,0,2
cloudflare,NET,2015-12,15,7.2,142466,0,2
cloudflare,NET,2016-01,1,0.4,140000,0,2
cloudflare,NET,2016-03,10,4.0,124600,0,2
cloudflare,NET,2016-06,4,2.0,142570,0,2
cloudflare,NET,2016-07,2,1.2,150500,0,2
cloudflare,NET,2016-08,1,0.8,180000,0,2
cloudflare,NET,2016-11,1,0.8,125000,0,2
cloudflare,NET,2017-01,3,1.2,104916,0,2
cloudflare,NET,2017-02,1,0.4,140000,0,2
cloudflare,NET,2017-03,19,8.0,134257,0,2
cloudflare,NET,2017-04,2,0.8,152500,0,2
cloudflare,NET,2017-05,1,0.4,137000,0,2
cloudflare,NET,2017-06,4,2.0,153750,0,2
cloudflare,NET,2017-07,1,0.4,185000,0,2
cloudflare,NET,2017-08,1,0.4,135000,0,2
cloudflare,NET,2017-09,2,1.2,91500,0,2
cloudflare,NET,2017-11,7,3.6,175000,0,2
cloudflare,NET,2017-12,2,1.6,193000,0,2
cloudflare,NET,2018-01,1,0.8,160000,0,2
cloudflare,NET,2018-02,1,0.4,94500,0,2
cloudflare,NET,2018-03,27,12.0,131092,0,2
cloudflare,NET,2018-04,4,1.6,141069,0,2
cloudflare,NET,2018-05,1,0.4,240000,0,2
cloudflare,NET,2018-07,1,0.4,145000,0,2
cloudflare,NET,2018-08,3,1.2,150000,0,2
cloudflare,NET,2018-09,1,0.4,110000,0,2
cloudflare,NET,2018-11,1,0.4,165000,0,2
cloudflare,NET,2018-12,3,1.8,151666,0,2
cloudflare,NET,2019-01,3,2.0,163333,0,2
cloudflare,NET,2019-02,1,0.8,185000,0,2
cloudflare,NET,2019-03,21,10.2,143028,0,2
cloudflare,NET,2019-04,6,3.4,167166,0,2
cloudflare,NET,2019-06,8,4.8,154125,0,2
cloudflare,NET,2019-07,4,2.8,146062,0,2
cloudflare,NET,2019-08,4,2.4,130000,0,2
cloudflare,NET,2019-09,4,1.6,125000,0,2
cloudflare,NET,2019-10,2,0.8,110000,0,2
cloudflare,NET,2019-11,1,0.4,140000,0,2
cloudflare,NET,2019-12,3,1.2,73534,0,2
cloudflare,NET,2020-01,2,0.8,145000,0,2
cloudflare,NET,2020-02,1,0.4,130000,0,2
cloudflare,NET,2020-03,3,1.2,108333,0,2
cloudflare,NET,2020-04,3,1.6,155000,0,2
cloudflare,NET,2020-05,13,6.0,120769,0,2
cloudflare,NET,2020-06,6,2.8,145833,0,2
cloudflare,NET,2020-07,3,1.2,137655,0,2
cloudflare,NET,2020-08,4,1.6,121491,0,2
cloudflare,NET,2020-09,1,0.8,202000,0,2
cloudflare,NET,2020-10,30,13.2,120549,0,2
cloudflare,NET,2020-11,6,2.4,111776,0,2
cloudflare,NET,2020-12,30,16.8,148357,0,2
cloudflare,NET,2021-01,10,4.8,145000,0,2
cloudflare,NET,2021-02,4,2.4,168500,0,2
cloudflare,NET,2021-03,14,5.6,144714,0,2
cloudflare,NET,2021-04,19,8.2,125289,0,2
cloudflare,NET,2021-05,10,4.2,143000,0,2
cloudflare,NET,2021-06,4,2.2,168750,0,2
cloudflare,NET,2021-07,5,2.8,179000,0,2
cloudflare,NET,2021-08,13,5.8,145775,0,2
cloudflare,NET,2021-09,7,3.4,163571,0,2
cloudflare,NET,2021-10,5,2.4,148000,0,2
cloudflare,NET,2021-11,10,5.2,174500,0,2
cloudflare,NET,2021-12,12,7.0,182666,0,2
cloudflare,NET,2022-01,5,3.0,153400,0,2
cloudflare,NET,2022-02,11,6.6,165000,0,2
cloudflare,NET,2022-03,22,14.2,194090,0,2
cloudflare,NET,2022-04,6,3.4,159583,0,2
cloudflare,NET,2022-05,21,10.6,128952,0,2
cloudflare,NET,2022-06,5,2.4,142400,0,2
cloudflare,NET,2022-07,4,1.6,155000,0,2
cloudflare,NET,2022-08,5,2.8,123000,0,2
cloudflare,NET,2022-09,3,1.6,131666,0,2
cloudflare,NET,2022-10,20,12.4,154700,0,2
cloudflare,NET,2022-11,4,1.2,200500,0,2
cloudflare,NET,2022-12,20,11.2,186600,0,2
cloudflare,NET,2023-01,12,6.2,155833,0,2
cloudflare,NET,2023-02,7,4.4,192142,0,2
cloudflare,NET,2023-03,6,3.4,152156,0,2
cloudflare,NET,2023-04,14,6.4,136750,0,2
cloudflare,NET,2023-05,4,2.4,193250,0,2
cloudflare,NET,2023-06,3,1.6,158666,0,2
cloudflare,NET,2023-07,4,2.4,191650,0,2
cloudflare,NET,2023-08,8,4.0,155937,0,2
cloudflare,NET,2023-09,2,0.8,169500,0,2
cloudflare,NET,2023-10,7,3.6,169571,0,2
cloudflare,NET,2023-11,14,8.4,150530,0,2
cloudflare,NET,2023-12,6,3.0,184645,0,2
cloudflare,NET,2024-01,13,7.0,172983,0,2
cloudflare,NET,2024-02,11,6.0,164960,0,2
cloudflare,NET,2024-03,7,3.2,154428,0,2
cloudflare,NET,2024-04,14,8.6,155785,0,2
cloudflare,NET,2024-05,14,6.8,168464,0,2
cloudflare,NET,2024-06,12,6.2,165194,0,2
cloudflare,NET,2024-07,6,3.0,167166,0,2
cloudflare,NET,2024-08,14,8.8,195142,0,2
cloudflare,NET,2024-09,10,5.4,166900,0,2
cloudflare,NET,2024-10,7,4.0,178428,0,2
cloudflare,NET,2024-11,9,5.6,167333,0,2
cloudflare,NET,2024-12,15,9.2,166808,0,2
cloudflare,NET,2025-01,11,6.0,159261,0,2
cloudflare,NET,2025-02,8,4.6,166375,0,2
cloudflare,NET,2025-03,5,2.6,149200,0,2
cloudflare,NET,2025-04,19,9.2,148026,0,2
cloudflare,NET,2025-05,14,6.8,146428,0,2
cloudflare,NET,2025-06,11,6.0,160090,0,2
cloudflare,NET,2025-07,8,4.4,169000,0,2
cloudflare,NET,2025-08,12,7.2,166796,0,2
cloudflare,NET,2025-09,7,3.4,166428,0,2
cloudflare,NET,2025-11,13,6.6,160165,0,2
cloudflare,NET,2025-12,6,4.0,220833,0,2
coinbase,COIN,2014-04,1,0.4,100000,0,2
coinbase,COIN,2014-07,2,0.8,69000,0,2
coinbase,COIN,2014-10,1,0.4,0,0,2
coinbase,COIN,2014-12,1,0.4,0,0,2
coinbase,COIN,2015-02,3,2.0,0,0,2
coinbase,COIN,2015-03,4,2.0,0,0,2
coinbase,COIN,2015-04,3,1.2,0,0,2
coinbase,COIN,2015-07,1,0.2,0,0,2
coinbase,COIN,2016-03,3,1.6,108988,0,2
coinbase,COIN,2016-08,2,1.2,131500,0,2
coinbase,COIN,2016-10,2,0.8,139350,0,2
coinbase,COIN,2016-11,2,0.8,112500,0,2
coinbase,COIN,2017-03,3,1.2,121000,0,2
coinbase,COIN,2017-05,1,0.4,145000,0,2
coinbase,COIN,2017-07,1,0.4,140000,0,2
coinbase,COIN,2017-09,1,0.4,125000,0,2
coinbase,COIN,2017-10,1,0.4,140000,0,2
coinbase,COIN,2017-11,10,5.6,134036,0,2
coinbase,COIN,2018-01,6,3.2,121524,0,2
coinbase,COIN,2018-02,5,2.8,136000,0,2
coinbase,COIN,2018-03,6,3.2,126833,0,2
coinbase,COIN,2018-04,4,2.2,129675,0,2
coinbase,COIN,2018-05,1,0.6,175000,0,2
coinbase,COIN,2018-07,6,2.4,150000,0,2
coinbase,COIN,2018-08,1,0.4,159500,0,2
coinbase,COIN,2018-10,6,3.8,189166,0,2
coinbase,COIN,2018-11,6,3.4,148132,0,2
coinbase,COIN,2018-12,8,4.4,161511,0,2
coinbase,COIN,2019-01,1,0.4,160000,0,2
coinbase,COIN,2019-02,5,2.4,158000,0,2
coinbase,COIN,2019-03,5,2.8,183200,0,2
coinbase,COIN,2019-04,2,1.2,201500,0,2
coinbase,COIN,2019-06,2,1.2,176000,0,2
coinbase,COIN,2019-07,2,1.2,225000,0,2
coinbase,COIN,2019-08,6,3.8,175000,0,2
coinbase,COIN,2019-09,3,2.0,181666,0,2
coinbase,COIN,2019-10,4,1.8,173750,0,2
coinbase,COIN,2019-11,5,2.2,155000,0,2
coinbase,COIN,2019-12,6,3.2,174994,0,2
coinbase,COIN,2020-01,3,1.6,143333,0,2
coinbase,COIN,2020-02,9,3.8,160000,0,2
coinbase,COIN,2020-03,7,3.4,165000,0,2
coinbase,COIN,2020-04,8,6.0,201868,0,2
coinbase,COIN,2020-05,7,5.4,195714,0,2
coinbase,COIN,2020-06,4,3.0,170250,0,2
coinbase,COIN,2020-07,7,3.8,176285,0,2
coinbase,COIN,2020-08,9,5.6,185666,0,2
coinbase,COIN,2020-09,8,5.6,212125,0,2
coinbase,COIN,2020-10,12,5.4,169890,0,2
coinbase,COIN,2020-11,18,12.0,201666,0,2
coinbase,COIN,2020-12,36,24.0,190416,0,2
coinbase,COIN,2021-01,22,14.4,185068,0,2
coinbase,COIN,2021-02,24,15.2,183450,0,2
coinbase,COIN,2021-03,96,48.8,158338,0,2
coinbase,COIN,2021-04,22,13.4,196704,0,2
coinbase,COIN,2021-05,12,7.4,180875,0,2
coinbase,COIN,2021-06,10,5.8,203800,0,2
coinbase,COIN,2021-07,20,13.8,205812,0,2
coinbase,COIN,2021-08,25,15.0,171711,0,2
coinbase,COIN,2021-09,12,8.2,179979,0,2
coinbase,COIN,2021-10,23,15.4,185086,0,2
coinbase,COIN,2021-11,25,16.2,188794,0,2
coinbase,COIN,2021-12,33,21.2,197146,0,2
coinbase,COIN,2022-01,16,8.8,182118,0,2
coinbase,COIN,2022-02,29,17.6,185835,0,2
coinbase,COIN,2022-03,34,21.0,201428,0,2
coinbase,COIN,2022-04,64,33.8,173153,0,2
coinbase,COIN,2022-05,48,31.6,207562,0,2
coinbase,COIN,2022-06,12,6.8,183318,0,2
coinbase,COIN,2022-07,7,4.4,203842,0,2
coinbase,COIN,2022-08,4,3.2,230125,0,2
coinbase,COIN,2022-09,8,5.4,209903,0,2
coinbase,COIN,2022-10,20,13.2,208140,0,2
coinbase,COIN,2022-11,16,8.4,179025,0,2
coinbase,COIN,2022-12,12,8.8,216841,0,2
coinbase,COIN,2023-01,6,3.4,205545,0,2
coinbase,COIN,2023-02,4,2.0,174025,0,2
coinbase,COIN,2023-03,13,9.0,226719,0,2
coinbase,COIN,2023-04,13,7.4,176573,0,2
coinbase,COIN,2023-05,6,3.2,177833,0,2
coinbase,COIN,2023-06,8,5.0,190415,0,2
coinbase,COIN,2023-07,8,4.8,196834,0,2
coinbase,COIN,2023-08,25,16.6,205555,0,2
coinbase,COIN,2023-09,3,2.2,193925,0,2
coinbase,COIN,2023-10,3,2.0,183866,0,2
coinbase,COIN,2023-11,7,4.2,203560,0,2
coinbase,COIN,2023-12,3,1.4,178666,0,2
coinbase,COIN,2024-01,3,1.8,200500,0,2
coinbase,COIN,2024-02,8,6.0,222206,0,2
coinbase,COIN,2024-03,5,2.2,165555,0,2
coinbase,COIN,2024-04,6,3.6,179512,0,2
coinbase,COIN,2024-05,14,7.0,171608,0,2
coinbase,COIN,2024-06,7,4.0,178921,0,2
coinbase,COIN,2024-07,7,3.8,181007,0,2
coinbase,COIN,2024-08,13,8.0,201411,0,2
coinbase,COIN,2024-09,18,11.0,203069,0,2
coinbase,COIN,2024-10,13,8.0,197892,0,2
coinbase,COIN,2024-11,11,6.2,190425,0,2
coinbase,COIN,2024-12,13,7.8,203800,0,2
coinbase,COIN,2025-01,8,5.6,211834,0,2
coinbase,COIN,2025-02,12,6.6,201694,0,2
coinbase,COIN,2025-03,9,6.2,208852,0,2
coinbase,COIN,2025-04,19,9.6,189554,0,2
coinbase,COIN,2025-05,50,26.2,173909,0,2
coinbase,COIN,2025-06,23,14.4,198590,0,2
coinbase,COIN,2025-07,12,7.0,200308,0,2
coinbase,COIN,2025-08,12,7.4,229531,0,2
coinbase,COIN,2025-09,5,2.8,210180,0,2
coinbase,COIN,2025-11,19,10.6,206102,0,2
coinbase,COIN,2025-12,12,7.2,204785,0,2
crowdstrike,CRWD,2013-03,1,0.6,113000,0,2
crowdstrike,CRWD,2015-09,1,0.8,0,0,2
crowdstrike,CRWD,2016-03,2,1.2,117500,0,2
crowdstrike,CRWD,2016-05,1,0.4,110000,0,2
crowdstrike,CRWD,2016-07,1,0.6,165000,0,2
crowdstrike,CRWD,2017-03,4,2.4,134750,0,2
crowdstrike,CRWD,2017-04,1,0.4,110000,0,2
crowdstrike,CRWD,2017-06,1,0.6,79976,0,2
crowdstrike,CRWD,2017-08,3,1.8,143600,0,2
crowdstrike,CRWD,2017-09,2,1.0,133005,0,2
crowdstrike,CRWD,2017-10,1,0.4,90200,0,2
crowdstrike,CRWD,2018-03,1,0.6,142626,0,2
crowdstrike,CRWD,2018-04,2,1.2,116199,0,2
crowdstrike,CRWD,2018-05,1,0.4,98384,0,2
crowdstrike,CRWD,2018-07,1,0.4,125653,0,2
crowdstrike,CRWD,2018-09,2,1.2,126911,0,2
crowdstrike,CRWD,2018-11,1,0.6,165000,0,2
crowdstrike,CRWD,2019-03,1,0.8,114756,0,2
crowdstrike,CRWD,2019-04,1,0.4,125653,0,2
crowdstrike,CRWD,2019-05,1,0.8,132000,0,2
crowdstrike,CRWD,2019-06,3,1.6,165035,0,2
crowdstrike,CRWD,2019-07,1,0.8,145200,0,2
crowdstrike,CRWD,2019-08,5,2.8,142676,0,2
crowdstrike,CRWD,2019-09,1,0.6,142500,0,2
crowdstrike,CRWD,2019-11,3,2.0,166785,0,2
crowdstrike,CRWD,2019-12,2,1.2,162500,0,2
crowdstrike,CRWD,2020-01,2,1.4,175000,0,2
crowdstrike,CRWD,2020-02,3,1.8,147200,0,2
crowdstrike,CRWD,2020-03,4,2.0,131744,0,2
crowdstrike,CRWD,2020-04,1,0.6,173400,0,2
crowdstrike,CRWD,2020-06,5,3.2,187663,0,2
crowdstrike,CRWD,2020-07,3,1.8,193000,0,2
crowdstrike,CRWD,2020-08,4,2.6,181194,0,2
crowdstrike,CRWD,2020-09,3,1.2,150666,0,2
crowdstrike,CRWD,2020-10,15,9.6,212800,0,2
crowdstrike,CRWD,2020-11,9,4.8,187621,0,2
crowdstrike,CRWD,2021-01,8,4.0,170000,0,2
crowdstrike,CRWD,2021-02,10,5.2,151437,0,2
crowdstrike,CRWD,2021-03,34,16.4,153560,0,2
crowdstrike,CRWD,2021-04,4,2.8,188797,0,2
crowdstrike,CRWD,2021-05,4,2.4,181883,0,2
crowdstrike,CRWD,2021-06,12,6.6,168796,0,2
crowdstrike,CRWD,2021-07,6,3.6,160145,0,2
crowdstrike,CRWD,2021-08,6,2.8,166008,0,2
crowdstrike,CRWD,2021-09,5,2.6,176873,0,2
crowdstrike,CRWD,2021-10,2,1.2,190000,0,2
crowdstrike,CRWD,2021-11,4,2.2,141250,0,2
crowdstrike,CRWD,2021-12,5,3.2,169187,0,2
crowdstrike,CRWD,2022-01,7,4.2,196792,0,2
crowdstrike,CRWD,2022-02,1,0.4,140000,0,2
crowdstrike,CRWD,2022-03,9,4.4,159553,0,2
crowdstrike,CRWD,2022-04,3,2.0,248333,0,2
crowdstrike,CRWD,2022-05,9,5.6,191055,0,2
crowdstrike,CRWD,2022-06,8,4.4,183277,0,2
crowdstrike,CRWD,2022-07,3,2.0,222212,0,2
crowdstrike,CRWD,2022-08,13,6.8,189176,0,2
crowdstrike,CRWD,2022-09,12,6.8,189400,0,2
crowdstrike,CRWD,2022-10,28,17.6,209298,0,2
crowdstrike,CRWD,2022-11,33,19.0,187293,0,2
crowdstrike,CRWD,2022-12,12,6.4,178886,0,2
crowdstrike,CRWD,2023-01,4,2.2,146250,0,2
crowdstrike,CRWD,2023-02,6,4.0,207166,0,2
crowdstrike,CRWD,2023-03,13,7.6,219387,0,2
crowdstrike,CRWD,2023-04,10,5.6,167508,0,2
crowdstrike,CRWD,2023-05,11,5.4,180554,0,2
crowdstrike,CRWD,2023-06,6,3.6,148333,0,2
crowdstrike,CRWD,2023-07,7,3.6,179641,0,2
crowdstrike,CRWD,2023-08,8,4.2,194431,0,2
crowdstrike,CRWD,2023-09,5,3.2,186924,0,2
crowdstrike,CRWD,2023-10,5,3.2,193734,0,2
crowdstrike,CRWD,2023-11,3,1.6,194908,0,2
crowdstrike,CRWD,2023-12,4,2.4,197043,0,2
crowdstrike,CRWD,2024-01,7,4.8,215316,0,2
crowdstrike,CRWD,2024-02,4,2.2,199663,0,2
crowdstrike,CRWD,2024-03,6,2.6,173952,0,2
crowdstrike,CRWD,2024-04,9,5.4,186889,0,2
crowdstrike,CRWD,2024-05,10,4.6,166097,0,2
crowdstrike,CRWD,2024-06,4,1.8,175000,0,2
crowdstrike,CRWD,2024-07,8,4.6,191049,0,2
crowdstrike,CRWD,2024-08,12,6.0,167970,0,2
crowdstrike,CRWD,2024-09,2,1.4,236575,0,2
crowdstrike,CRWD,2024-10,6,3.0,226979,0,2
crowdstrike,CRWD,2024-11,9,6.2,227083,0,2
crowdstrike,CRWD,2024-12,8,4.8,202341,0,2
crowdstrike,CRWD,2025-01,7,4.0,179978,0,2
crowdstrike,CRWD,2025-02,5,3.2,211959,0,2
crowdstrike,CRWD,2025-03,12,6.6,178219,0,2
crowdstrike,CRWD,2025-04,5,3.0,217138,0,2
crowdstrike,CRWD,2025-05,10,5.8,203682,0,2
crowdstrike,CRWD,2025-06,19,11.0,183842,0,2
crowdstrike,CRWD,2025-07,7,4.6,207406,0,2
crowdstrike,CRWD,2025-08,14,9.0,201620,0,2
crowdstrike,CRWD,2025-09,19,11.8,190365,0,2
crowdstrike,CRWD,2025-11,6,3.6,195911,0,2
crowdstrike,CRWD,2025-12,14,8.0,193984,0,2
datadog,DDOG,2011-07,1,0.4,0,0,2
datadog,DDOG,2013-03,1,0.4,75000,0,2
datadog,DDOG,2014-03,3,1.2,90000,0,2
datadog,DDOG,2014-06,1,0.4,80000,0,2
datadog,DDOG,2014-10,1,0.4,0,0,2
datadog,DDOG,2015-01,1,0.4,0,0,2
datadog,DDOG,2015-02,1,0.4,0,0,2
datadog,DDOG,2015-03,2,0.8,0,0,2
datadog,DDOG,2015-07,10,4.4,0,0,2
datadog,DDOG,2016-01,1,0.4,125000,0,2
datadog,DDOG,2016-02,2,0.8,102500,0,2
datadog,DDOG,2016-03,4,2.0,101250,0,2
datadog,DDOG,2016-04,1,0.4,120000,0,2
datadog,DDOG,2016-05,2,0.8,135000,0,2
datadog,DDOG,2016-07,9,3.6,88644,0,2
datadog,DDOG,2016-08,4,2.2,140125,0,2
datadog,DDOG,2016-09,2,0.8,117500,0,2
datadog,DDOG,2016-12,2,1.2,145000,0,2
datadog,DDOG,2017-02,1,0.4,85000,0,2
datadog,DDOG,2017-03,2,0.8,127500,0,2
datadog,DDOG,2017-04,1,0.4,155000,0,2
datadog,DDOG,2017-08,8,4.0,138750,0,2
datadog,DDOG,2017-09,3,1.2,96666,0,2
datadog,DDOG,2017-10,2,0.8,105500,0,2
datadog,DDOG,2017-11,1,0.8,120000,0,2
datadog,DDOG,2017-12,1,0.6,165000,0,2
datadog,DDOG,2018-01,2,1.2,142500,0,2
datadog,DDOG,2018-03,4,1.6,99750,0,2
datadog,DDOG,2018-04,3,2.4,133333,0,2
datadog,DDOG,2018-05,2,1.2,95000,0,2
datadog,DDOG,2018-06,5,2.6,111000,0,2
datadog,DDOG,2018-08,1,0.4,130000,0,2
datadog,DDOG,2018-09,1,0.8,170000,0,2
datadog,DDOG,2018-10,1,0.6,130000,0,2
datadog,DDOG,2018-12,1,0.4,100000,0,2
datadog,DDOG,2019-01,1,0.4,161000,0,2
datadog,DDOG,2019-03,9,4.8,110000,0,2
datadog,DDOG,2019-04,1,0.4,130000,0,2
datadog,DDOG,2019-05,1,0.8,140000,0,2
datadog,DDOG,2019-06,2,1.0,130000,0,2
datadog,DDOG,2019-08,5,2.4,123200,0,2
datadog,DDOG,2019-09,3,2.2,136666,0,2
datadog,DDOG,2019-10,1,0.4,160000,0,2
datadog,DDOG,2019-11,2,1.4,170000,0,2
datadog,DDOG,2020-01,1,0.8,151840,0,2
datadog,DDOG,2020-02,2,1.4,148713,0,2
datadog,DDOG,2020-03,5,3.0,156838,0,2
datadog,DDOG,2020-04,12,6.0,105192,0,2
datadog,DDOG,2020-05,3,1.6,126969,0,2
datadog,DDOG,2020-06,1,0.4,130000,0,2
datadog,DDOG,2020-07,2,1.6,155920,0,2
datadog,DDOG,2020-09,4,2.6,147500,0,2
datadog,DDOG,2020-10,6,3.6,155000,0,2
datadog,DDOG,2020-11,6,2.4,158918,0,2
datadog,DDOG,2020-12,6,2.4,178418,0,2
datadog,DDOG,2021-01,8,4.4,153810,0,2
datadog,DDOG,2021-02,4,1.6,130000,0,2
datadog,DDOG,2021-03,8,4.8,158750,0,2
datadog,DDOG,2021-04,7,4.2,126714,0,2
datadog,DDOG,2021-05,1,0.4,115000,0,2
datadog,DDOG,2021-06,3,2.0,130333,0,2
datadog,DDOG,2021-07,2,1.2,212500,0,2
datadog,DDOG,2021-08,1,0.8,272000,0,2
datadog,DDOG,2021-09,5,3.2,122000,0,2
datadog,DDOG,2021-10,4,2.8,173250,0,2
datadog,DDOG,2021-11,2,1.2,190000,0,2
datadog,DDOG,2021-12,1,0.4,190000,0,2
datadog,DDOG,2022-01,1,0.6,85000,0,2
datadog,DDOG,2022-02,3,2.0,176000,0,2
datadog,DDOG,2022-03,3,1.6,160000,0,2
datadog,DDOG,2022-04,7,3.6,191333,0,2
datadog,DDOG,2022-05,13,7.2,157923,0,2
datadog,DDOG,2022-06,11,6.2,196090,0,2
datadog,DDOG,2022-07,3,1.6,183333,0,2
datadog,DDOG,2022-08,5,3.0,215000,0,2
datadog,DDOG,2022-09,6,4.0,208500,0,2
datadog,DDOG,2022-10,12,6.0,185000,0,2
datadog,DDOG,2022-11,6,4.0,190666,0,2
datadog,DDOG,2022-12,16,11.2,217500,0,2
datadog,DDOG,2023-03,1,0.6,210000,0,2
datadog,DDOG,2023-05,4,2.4,219500,0,2
datadog,DDOG,2023-06,17,8.2,173000,0,2
datadog,DDOG,2023-07,2,1.2,200100,0,2
datadog,DDOG,2023-08,3,2.0,180000,0,2
datadog,DDOG,2023-09,3,1.8,218333,0,2
datadog,DDOG,2023-10,6,4.0,201433,0,2
datadog,DDOG,2023-12,5,2.6,179000,0,2
datadog,DDOG,2024-01,1,0.6,220000,0,2
datadog,DDOG,2024-02,4,2.2,210500,0,2
datadog,DDOG,2024-03,5,2.4,193000,0,2
datadog,DDOG,2024-04,3,1.2,180000,0,2
datadog,DDOG,2024-05,16,9.6,182993,0,2
datadog,DDOG,2024-06,5,3.0,186661,0,2
datadog,DDOG,2024-07,11,5.8,199500,0,2
datadog,DDOG,2024-08,6,3.8,221753,0,2
datadog,DDOG,2024-09,5,3.0,188400,0,2
datadog,DDOG,2024-10,8,5.0,193125,0,2
datadog,DDOG,2024-11,7,4.4,186285,0,2
datadog,DDOG,2024-12,3,1.6,197736,0,2
datadog,DDOG,2025-01,6,3.6,194333,0,2
datadog,DDOG,2025-02,6,3.6,215433,0,2
datadog,DDOG,2025-03,6,4.0,204100,0,2
datadog,DDOG,2025-04,11,7.0,241181,0,2
datadog,DDOG,2025-05,36,20.0,193025,0,2
datadog,DDOG,2025-06,22,14.2,205417,0,2
datadog,DDOG,2025-07,5,3.0,202924,0,2
datadog,DDOG,2025-08,11,6.4,217327,0,2
datadog,DDOG,2025-09,9,6.2,219466,0,2
datadog,DDOG,2025-11,6,3.8,240333,0,2
datadog,DDOG,2025-12,3,1.8,259333,0,2
dell,DELL,2009-10,10,4.2,90775,0,2
dell,DELL,2009-11,6,2.4,78417,0,2
dell,DELL,2009-12,2,1.2,88450,0,2
dell,DELL,2010-01,5,2.0,81239,0,2
dell,DELL,2010-02,7,3.4,90073,0,2
dell,DELL,2010-03,8,3.4,76650,0,2
dell,DELL,2010-04,6,2.4,77796,0,2
dell,DELL,2010-05,15,7.0,81973,0,2
dell,DELL,2010-06,11,5.0,88561,0,2
dell,DELL,2010-07,9,4.2,88996,0,2
dell,DELL,2010-08,8,3.6,91126,0,2
dell,DELL,2010-09,17,7.6,88256,0,2
dell,DELL,2010-10,10,4.4,86594,0,2
dell,DELL,2010-11,6,2.8,94820,0,2
dell,DELL,2010-12,6,2.8,92435,0,2
dell,DELL,2011-01,11,4.6,98456,0,2
dell,DELL,2011-02,10,4.4,92081,0,2
dell,DELL,2011-03,13,5.8,79240,0,2
dell,DELL,2011-04,17,7.8,96030,0,2
dell,DELL,2011-05,15,6.2,100272,0,2
dell,DELL,2011-06,17,7.2,95875,0,2
dell,DELL,2011-07,16,7.0,95901,0,2
dell,DELL,2011-08,16,7.8,95566,0,2
dell,DELL,2011-09,6,2.6,91354,0,2
dell,DELL,2011-10,6,3.0,122807,0,2
dell,DELL,2011-11,13,6.2,99272,0,2
dell,DELL,2011-12,8,3.4,113770,0,2
dell,DELL,2012-01,5,2.2,106577,0,2
dell,DELL,2012-02,7,2.8,98120,0,2
dell,DELL,2012-03,12,6.2,105796,0,2
dell,DELL,2012-04,20,9.2,95077,0,2
dell,DELL,2012-05,19,8.4,92381,0,2
dell,DELL,2012-06,17,9.0,126323,0,2
dell,DELL,2012-07,10,4.8,113592,0,2
dell,DELL,2012-08,9,3.6,110101,0,2
dell,DELL,2012-09,3,1.4,101204,0,2
dell,DELL,2012-10,11,5.2,107903,0,2
dell,DELL,2012-11,5,2.2,119197,0,2
dell,DELL,2012-12,8,3.4,105350,0,2
dell,DELL,2013-01,2,1.2,121207,0,2
dell,DELL,2013-02,16,8.0,115170,0,2
dell,DELL,2013-03,24,11.2,99136,0,2
dell,DELL,2013-04,20,9.6,103685,0,2
dell,DELL,2013-05,16,7.0,94294,0,2
dell,DELL,2013-06,14,9.2,93062,0,2
dell,DELL,2013-07,21,13.4,115922,0,2
dell,DELL,2013-08,8,4.6,111443,0,2
dell,DELL,2013-09,13,7.2,111730,0,2
dell,DELL,2013-10,2,0.8,97930,0,2
dell,DELL,2013-11,18,11.2,108550,0,2
dell,DELL,2013-12,12,8.2,113558,0,2
dell,DELL,2014-01,16,10.0,111233,0,2
dell,DELL,2014-02,29,16.6,100861,0,2
dell,DELL,2014-03,36,20.0,96619,0,2
dell,DELL,2014-04,26,17.4,110020,0,2
dell,DELL,2014-05,18,12.8,103346,0,2
dell,DELL,2014-06,34,19.0,93514,0,2
dell,DELL,2014-07,5,2.6,97228,0,2
dell,DELL,2014-08,10,6.4,118333,0,2
dell,DELL,2014-09,8,5.2,99462,0,2
dell,DELL,2014-10,4,2.6,0,0,2
dell,DELL,2014-11,11,7.0,0,0,2
dell,DELL,2014-12,4,2.8,0,0,2
dell,DELL,2015-01,5,4.0,0,0,2
dell,DELL,2015-02,22,14.0,0,0,2
dell,DELL,2015-03,47,28.6,0,0,2
dell,DELL,2015-04,16,9.6,0,0,2
dell,DELL,2015-05,13,8.6,0,0,2
dell,DELL,2015-06,16,10.4,0,0,2
dell,DELL,2015-07,30,21.2,0,0,2
dell,DELL,2015-08,16,10.8,0,0,2
dell,DELL,2015-09,5,3.8,0,0,2
dell,DELL,2015-10,7,4.6,109583,0,2
dell,DELL,2015-11,10,7.0,112771,0,2
dell,DELL,2015-12,7,4.4,102683,0,2
dell,DELL,2016-01,10,6.6,104135,0,2
dell,DELL,2016-02,28,18.2,100358,0,2
dell,DELL,2016-03,112,72.2,91886,0,2
dell,DELL,2016-04,7,4.4,97417,0,2
dell,DELL,2016-05,18,11.8,111544,0,2
dell,DELL,2016-06,20,12.6,102592,0,2
dell,DELL,2016-07,18,12.2,120366,0,2
dell,DELL,2016-08,7,5.6,113197,0,2
dell,DELL,2016-09,8,4.2,108762,0,2
dell,DELL,2016-10,7,4.6,122462,0,2
dell,DELL,2016-11,9,6.0,120066,0,2
dell,DELL,2016-12,11,7.6,115588,0,2
dell,DELL,2017-01,13,9.0,107781,0,2
dell,DELL,2017-02,70,45.2,97648,0,2
dell,DELL,2017-03,60,38.0,92824,0,2
dell,DELL,2017-04,26,19.4,112897,0,2
dell,DELL,2017-05,20,15.2,114188,0,2
dell,DELL,2017-06,9,8.2,111423,0,2
dell,DELL,2017-07,6,5.4,122564,0,2
dell,DELL,2017-08,5,4.0,130767,0,2
dell,DELL,2017-09,5,3.2,113477,0,2
dell,DELL,2017-10,10,8.2,108935,0,2
dell,DELL,2017-11,9,7.4,123543,0,2
dell,DELL,2017-12,15,10.4,113216,0,2
dell,DELL,2018-01,5,4.6,115246,0,2
dell,DELL,2018-02,46,30.4,101268,0,2
dell,DELL,2018-03,86,49.6,98222,0,2
dell,DELL,2018-04,18,12.8,110964,0,2
dell,DELL,2018-05,17,10.6,100039,0,2
dell,DELL,2018-06,26,19.6,118911,0,2
dell,DELL,2018-07,6,2.8,115410,0,2
dell,DELL,2018-08,21,17.6,126005,0,2
dell,DELL,2018-09,11,8.4,121380,0,2
dell,DELL,2018-10,12,8.6,124797,0,2
dell,DELL,2018-11,9,7.6,119991,0,2
dell,DELL,2018-12,18,10.6,100842,0,2
dell,DELL,2019-01,30,19.4,104756,0,2
dell,DELL,2019-02,32,19.6,102162,0,2
dell,DELL,2019-03,84,45.2,103219,0,2
dell,DELL,2019-04,10,6.8,118902,0,2
dell,DELL,2019-05,33,24.2,115148,0,2
dell,DELL,2019-06,22,16.4,115994,0,2
dell,DELL,2019-07,15,13.4,128459,0,2
dell,DELL,2019-08,6,5.4,129376,0,2
dell,DELL,2019-09,11,8.2,118093,0,2
dell,DELL,2019-10,8,7.0,140137,0,2
dell,DELL,2019-11,5,3.0,150087,0,2
dell,DELL,2019-12,11,7.8,134651,0,2
dell,DELL,2020-01,13,11.0,135455,0,2
dell,DELL,2020-02,59,35.4,107783,0,2
dell,DELL,2020-03,88,49.4,110303,0,2
dell,DELL,2020-04,20,16.8,116413,0,2
dell,DELL,2020-05,25,16.2,119357,0,2
dell,DELL,2020-06,14,9.2,121792,0,2
dell,DELL,2020-07,24,19.8,125538,0,2
dell,DELL,2020-08,10,7.6,125660,0,2
dell,DELL,2020-09,19,13.2,112237,0,2
dell,DELL,2020-10,18,15.0,135038,0,2
dell,DELL,2020-11,15,11.4,131156,0,2
dell,DELL,2020-12,42,39.0,138987,0,2
dell,DELL,2021-01,10,8.4,126867,0,2
dell,DELL,2021-02,32,21.6,122611,0,2
dell,DELL,2021-03,48,36.4,117402,0,2
dell,DELL,2021-04,24,13.6,121752,0,2
dell,DELL,2021-05,48,27.8,118792,0,2
dell,DELL,2021-06,19,12.6,132336,0,2
dell,DELL,2021-07,18,13.0,148213,0,2
dell,DELL,2021-08,7,5.8,146622,0,2
dell,DELL,2021-09,21,15.0,133267,0,2
dell,DELL,2021-10,9,6.6,138480,0,2
dell,DELL,2021-11,16,11.8,139464,0,2
dell,DELL,2021-12,13,8.8,140076,0,2
dell,DELL,2022-01,11,6.0,127194,0,2
dell,DELL,2022-02,18,11.0,142888,0,2
dell,DELL,2022-03,18,12.0,136831,0,2
dell,DELL,2022-04,59,38.0,136356,0,2
dell,DELL,2022-05,55,32.2,123675,0,2
dell,DELL,2022-06,14,12.2,172129,0,2
dell,DELL,2022-07,11,7.2,152384,0,2
dell,DELL,2022-08,6,5.4,190937,0,2
dell,DELL,2022-09,9,7.8,171023,0,2
dell,DELL,2022-10,10,5.6,165512,0,2
dell,DELL,2022-11,20,14.8,180620,0,2
dell,DELL,2022-12,24,18.4,169583,0,2
dell,DELL,2023-01,5,2.8,155570,0,2
dell,DELL,2023-02,9,7.6,173499,0,2
dell,DELL,2023-03,9,6.6,167230,0,2
dell,DELL,2023-04,5,4.6,174348,0,2
dell,DELL,2023-05,18,11.2,158406,0,2
dell,DELL,2023-06,38,24.6,137097,0,2
dell,DELL,2023-07,24,16.0,140217,0,2
dell,DELL,2023-08,24,16.4,152581,0,2
dell,DELL,2023-09,26,14.0,137060,0,2
dell,DELL,2023-10,5,3.4,146389,0,2
dell,DELL,2023-11,5,4.4,154685,0,2
dell,DELL,2023-12,8,6.8,184480,0,2
dell,DELL,2024-01,12,9.4,165547,0,2
dell,DELL,2024-02,16,13.4,174636,0,2
dell,DELL,2024-03,12,9.2,172529,0,2
dell,DELL,2024-04,11,7.4,152874,0,2
dell,DELL,2024-05,18,9.8,135073,0,2
dell,DELL,2024-06,54,31.2,144277,0,2
dell,DELL,2024-07,14,10.6,169218,0,2
dell,DELL,2024-08,7,6.2,195054,0,2
dell,DELL,2024-09,17,10.8,149751,0,2
dell,DELL,2024-10,13,9.2,148404,0,2
dell,DELL,2024-11,18,14.0,167559,0,2
dell,DELL,2024-12,5,3.6,176579,0,2
dell,DELL,2025-01,6,4.0,158212,0,2
dell,DELL,2025-02,1,1.0,180000,0,2
dell,DELL,2025-03,16,12.4,179148,0,2
dell,DELL,2025-04,14,11.0,181366,0,2
dell,DELL,2025-05,12,8.4,181214,0,2
dell,DELL,2025-06,50,29.6,151544,0,2
dell,DELL,2025-07,39,27.2,175089,0,2
dell,DELL,2025-08,12,8.8,161514,0,2
dell,DELL,2025-09,7,5.2,168071,0,2
dell,DELL,2025-11,15,12.0,200139,0,2
dell,DELL,2025-12,10,6.8,207244,0,2
doordash,DASH,2014-07,1,0.4,45000,0,2
doordash,DASH,2015-08,2,0.8,0,0,2
doordash,DASH,2015-10,2,0.8,132500,0,2
doordash,DASH,2015-11,1,0.4,135000,0,2
doordash,DASH,2015-12,1,0.4,130000,0,2
doordash,DASH,2016-01,1,0.4,140000,0,2
doordash,DASH,2016-03,2,1.2,140000,0,2
doordash,DASH,2016-04,3,1.2,116666,0,2
doordash,DASH,2016-05,2,0.8,140000,0,2
doordash,DASH,2016-06,1,0.4,135000,0,2
doordash,DASH,2016-07,1,0.4,170000,0,2
doordash,DASH,2016-08,1,0.4,160000,0,2
doordash,DASH,2016-09,2,1.2,124201,0,2
doordash,DASH,2016-10,3,1.6,110000,0,2
doordash,DASH,2016-12,2,0.8,120000,0,2
doordash,DASH,2017-01,1,0.4,185000,0,2
doordash,DASH,2017-02,7,2.8,120000,0,2
doordash,DASH,2017-03,8,3.6,135158,0,2
doordash,DASH,2017-04,1,0.4,115000,0,2
doordash,DASH,2017-09,2,0.8,108500,0,2
doordash,DASH,2017-10,3,1.2,171000,0,2
doordash,DASH,2017-11,4,2.0,156250,0,2
doordash,DASH,2017-12,1,0.4,175000,0,2
doordash,DASH,2018-01,1,0.4,240000,0,2
doordash,DASH,2018-02,9,4.0,121666,0,2
doordash,DASH,2018-03,5,2.8,137000,0,2
doordash,DASH,2018-04,2,0.8,150000,0,2
doordash,DASH,2018-05,3,1.2,157666,0,2
doordash,DASH,2018-06,2,0.8,167500,0,2
doordash,DASH,2018-07,5,2.0,154000,0,2
doordash,DASH,2018-08,5,2.4,195000,0,2
doordash,DASH,2018-09,6,2.4,183467,0,2
doordash,DASH,2018-10,3,1.4,148333,0,2
doordash,DASH,2018-12,8,3.6,159061,0,2
doordash,DASH,2019-01,12,6.4,160250,0,2
doordash,DASH,2019-02,9,4.0,163076,0,2
doordash,DASH,2019-03,11,5.6,160436,0,2
doordash,DASH,2019-04,5,2.4,185000,0,2
doordash,DASH,2019-05,4,2.0,163750,0,2
doordash,DASH,2019-06,8,4.4,184625,0,2
doordash,DASH,2019-07,4,1.8,192250,0,2
doordash,DASH,2019-08,12,6.2,182500,0,2
doordash,DASH,2019-09,23,11.4,157222,0,2
doordash,DASH,2019-10,11,4.8,157929,0,2
doordash,DASH,2019-11,8,4.2,174750,0,2
doordash,DASH,2019-12,9,4.4,200666,0,2
doordash,DASH,2020-01,3,2.0,169013,0,2
doordash,DASH,2020-02,4,2.0,194640,0,2
doordash,DASH,2020-03,4,2.4,172583,0,2
doordash,DASH,2020-04,15,7.6,150221,0,2
doordash,DASH,2020-05,13,6.2,151997,0,2
doordash,DASH,2020-06,19,9.4,175874,0,2
doordash,DASH,2020-07,19,10.2,186394,0,2
doordash,DASH,2020-08,16,8.0,185046,0,2
doordash,DASH,2020-09,15,8.4,177000,0,2
doordash,DASH,2020-10,41,21.2,189418,0,2
doordash,DASH,2020-11,59,26.6,191016,0,2
doordash,DASH,2020-12,82,43.8,190816,0,2
doordash,DASH,2021-01,55,28.8,173718,0,2
doordash,DASH,2021-02,42,18.0,178523,0,2
doordash,DASH,2021-03,90,47.4,175236,0,2
doordash,DASH,2021-04,70,31.8,173257,0,2
doordash,DASH,2021-05,51,25.6,186759,0,2
doordash,DASH,2021-06,53,28.6,200256,0,2
doordash,DASH,2021-07,72,38.2,187230,0,2
doordash,DASH,2021-08,48,25.2,194211,0,2
doordash,DASH,2021-09,53,27.8,188275,0,2
doordash,DASH,2021-10,75,40.6,197088,0,2
doordash,DASH,2021-11,68,34.6,183205,0,2
doordash,DASH,2021-12,44,22.2,187250,0,2
doordash,DASH,2022-01,36,20.4,195644,0,2
doordash,DASH,2022-02,23,11.4,206162,0,2
doordash,DASH,2022-03,39,19.0,184467,0,2
doordash,DASH,2022-04,61,31.8,186484,0,2
doordash,DASH,2022-05,81,42.6,187293,0,2
doordash,DASH,2022-06,80,39.8,192839,0,2
doordash,DASH,2022-07,55,28.8,200198,0,2
doordash,DASH,2022-08,71,35.0,201990,0,2
doordash,DASH,2022-09,46,22.0,198695,0,2
doordash,DASH,2022-10,83,44.0,195943,0,2
doordash,DASH,2022-11,81,43.6,212205,0,2
doordash,DASH,2022-12,28,17.6,213850,0,2
doordash,DASH,2023-01,19,11.8,212731,0,2
doordash,DASH,2023-02,21,12.2,212404,0,2
doordash,DASH,2023-03,34,18.6,188986,0,2
doordash,DASH,2023-04,19,10.2,208749,0,2
doordash,DASH,2023-05,43,21.4,151005,0,2
doordash,DASH,2023-06,120,64.0,172110,0,2
doordash,DASH,2023-07,24,12.2,185294,0,2
doordash,DASH,2023-08,21,9.6,166691,0,2
doordash,DASH,2023-09,39,19.4,143971,0,2
doordash,DASH,2023-10,26,13.2,171266,0,2
doordash,DASH,2023-11,32,17.6,175054,0,2
doordash,DASH,2023-12,39,19.2,174812,0,2
doordash,DASH,2024-01,45,23.2,180733,0,2
doordash,DASH,2024-02,38,21.8,175365,0,2
doordash,DASH,2024-03,36,17.6,172253,0,2
doordash,DASH,2024-04,44,21.4,165357,0,2
doordash,DASH,2024-05,87,43.8,157198,0,2
doordash,DASH,2024-06,40,22.0,166707,0,2
doordash,DASH,2024-07,56,32.4,183373,0,2
doordash,DASH,2024-08,48,26.0,173884,0,2
doordash,DASH,2024-09,45,23.8,171581,0,2
doordash,DASH,2024-10,28,15.0,176209,0,2
doordash,DASH,2024-11,37,19.6,171308,0,2
doordash,DASH,2024-12,44,21.4,175483,0,2
doordash,DASH,2025-01,37,18.4,164889,0,2
doordash,DASH,2025-02,44,22.2,183423,0,2
doordash,DASH,2025-03,39,20.0,179704,0,2
doordash,DASH,2025-04,57,28.2,173551,0,2
doordash,DASH,2025-05,109,53.8,156171,0,2
doordash,DASH,2025-06,41,21.6,175275,0,2
doordash,DASH,2025-07,49,26.6,185928,0,2
doordash,DASH,2025-08,39,18.4,185235,0,2
doordash,DASH,2025-09,20,10.8,181921,0,2
doordash,DASH,2025-11,52,24.6,179161,0,2
doordash,DASH,2025-12,27,14.6,179269,0,2
ebay,EBAY,2009-10,20,13.4,110609,0,2
ebay,EBAY,2009-11,13,8.2,106653,0,2
ebay,EBAY,2009-12,20,11.0,102025,0,2
ebay,EBAY,2010-01,8,5.6,107323,0,2
ebay,EBAY,2010-02,10,5.8,99252,0,2
ebay,EBAY,2010-03,25,15.0,111084,0,2
ebay,EBAY,2010-04,16,10.2,113473,0,2
ebay,EBAY,2010-05,14,8.8,108673,0,2
ebay,EBAY,2010-06,22,13.4,110530,0,2
ebay,EBAY,2010-07,16,9.0,105709,0,2
ebay,EBAY,2010-08,29,18.4,110676,0,2
ebay,EBAY,2010-09,21,12.4,103602,0,2
ebay,EBAY,2010-10,19,12.8,106741,0,2
ebay,EBAY,2010-11,37,22.6,108995,0,2
ebay,EBAY,2010-12,36,23.4,110642,0,2
ebay,EBAY,2011-01,24,14.4,112271,0,2
ebay,EBAY,2011-02,30,18.0,113019,0,2
ebay,EBAY,2011-03,54,27.0,104503,0,2
ebay,EBAY,2011-04,41,20.0,109818,0,2
ebay,EBAY,2011-05,48,23.6,117698,0,2
ebay,EBAY,2011-06,41,20.2,116473,0,2
ebay,EBAY,2011-07,37,18.8,112100,0,2
ebay,EBAY,2011-08,31,14.4,116003,0,2
ebay,EBAY,2011-09,45,20.4,107535,0,2
ebay,EBAY,2011-10,39,17.8,104587,0,2
ebay,EBAY,2011-11,69,34.8,109314,0,2
ebay,EBAY,2011-12,30,14.4,113724,0,2
ebay,EBAY,2012-01,27,13.2,109516,0,2
ebay,EBAY,2012-02,19,9.4,112367,0,2
ebay,EBAY,2012-03,60,28.4,103449,0,2
ebay,EBAY,2012-04,30,15.4,120270,0,2
ebay,EBAY,2012-05,28,15.0,114026,0,2
ebay,EBAY,2012-06,31,13.4,124916,0,2
ebay,EBAY,2012-07,19,8.4,119435,0,2
ebay,EBAY,2012-08,35,16.8,118819,0,2
ebay,EBAY,2012-09,26,12.0,117967,0,2
ebay,EBAY,2012-10,31,17.4,118964,0,2
ebay,EBAY,2012-11,36,16.8,117397,0,2
ebay,EBAY,2012-12,50,23.2,119350,0,2
ebay,EBAY,2013-01,28,13.6,128243,0,2
ebay,EBAY,2013-02,32,16.2,116878,0,2
ebay,EBAY,2013-03,161,76.0,108894,0,2
ebay,EBAY,2013-04,25,11.8,115496,0,2
ebay,EBAY,2013-05,36,17.8,117958,0,2
ebay,EBAY,2013-06,49,22.0,124740,0,2
ebay,EBAY,2013-07,80,40.2,127473,0,2
ebay,EBAY,2013-08,40,19.6,130013,0,2
ebay,EBAY,2013-09,29,14.0,127271,0,2
ebay,EBAY,2013-10,17,8.4,117091,0,2
ebay,EBAY,2013-11,67,34.2,122179,0,2
ebay,EBAY,2013-12,28,13.2,119456,0,2
ebay,EBAY,2014-01,54,26.4,116457,0,2
ebay,EBAY,2014-02,147,65.0,110927,0,2
ebay,EBAY,2014-03,61,28.4,118961,0,2
ebay,EBAY,2014-04,52,24.2,127592,0,2
ebay,EBAY,2014-05,59,26.8,127578,0,2
ebay,EBAY,2014-06,51,27.2,127177,0,2
ebay,EBAY,2014-07,48,24.0,123454,0,2
ebay,EBAY,2014-08,39,18.6,128481,0,2
ebay,EBAY,2014-09,41,21.2,134571,0,2
ebay,EBAY,2014-10,31,15.8,0,0,2
ebay,EBAY,2014-11,25,13.2,0,0,2
ebay,EBAY,2014-12,145,64.4,0,0,2
ebay,EBAY,2015-01,82,37.6,0,0,2
ebay,EBAY,2015-02,56,24.8,0,0,2
ebay,EBAY,2015-03,81,36.8,0,0,2
ebay,EBAY,2015-04,49,21.2,0,0,2
ebay,EBAY,2015-05,150,67.0,0,0,2
ebay,EBAY,2015-06,49,22.6,0,0,2
ebay,EBAY,2015-07,28,14.0,0,0,2
ebay,EBAY,2015-08,41,20.6,0,0,2
ebay,EBAY,2015-09,31,14.2,0,0,2
ebay,EBAY,2015-10,44,20.6,141443,0,2
ebay,EBAY,2015-11,22,9.8,141679,0,2
ebay,EBAY,2015-12,149,66.6,128234,0,2
ebay,EBAY,2016-01,93,42.4,129086,0,2
ebay,EBAY,2016-02,92,39.6,129175,0,2
ebay,EBAY,2016-03,127,56.6,135307,0,2
ebay,EBAY,2016-04,101,45.6,128533,0,2
ebay,EBAY,2016-05,51,25.2,140906,0,2
ebay,EBAY,2016-06,41,18.4,149382,0,2
ebay,EBAY,2016-07,32,15.2,153308,0,2
ebay,EBAY,2016-08,32,14.6,144141,0,2
ebay,EBAY,2016-09,37,17.6,150722,0,2
ebay,EBAY,2016-10,20,8.4,141337,0,2
ebay,EBAY,2016-11,48,20.8,134082,0,2
ebay,EBAY,2016-12,114,52.8,130760,0,2
ebay,EBAY,2017-01,46,21.4,145663,0,2
ebay,EBAY,2017-02,79,34.6,135140,0,2
ebay,EBAY,2017-03,158,71.2,139247,0,2
ebay,EBAY,2017-04,71,33.0,143699,0,2
ebay,EBAY,2017-05,52,23.8,143231,0,2
ebay,EBAY,2017-06,50,25.6,156033,0,2
ebay,EBAY,2017-07,38,18.0,154042,0,2
ebay,EBAY,2017-08,31,14.6,153916,0,2
ebay,EBAY,2017-09,29,12.8,150258,0,2
ebay,EBAY,2017-10,36,18.2,160121,0,2
ebay,EBAY,2017-11,34,17.4,156578,0,2
ebay,EBAY,2017-12,106,45.8,137555,0,2
ebay,EBAY,2018-01,192,84.4,137672,0,2
ebay,EBAY,2018-02,102,45.6,142046,0,2
ebay,EBAY,2018-03,188,89.8,141914,0,2
ebay,EBAY,2018-04,80,39.8,155785,0,2
ebay,EBAY,2018-05,41,19.8,157903,0,2
ebay,EBAY,2018-06,33,16.0,159931,0,2
ebay,EBAY,2018-07,56,29.2,158461,0,2
ebay,EBAY,2018-08,41,20.0,164664,0,2
ebay,EBAY,2018-09,34,17.2,161169,0,2
ebay,EBAY,2018-10,48,23.0,158607,0,2
ebay,EBAY,2018-11,25,12.6,157731,0,2
ebay,EBAY,2018-12,96,42.4,144971,0,2
ebay,EBAY,2019-01,113,51.6,144839,0,2
ebay,EBAY,2019-02,71,33.8,149965,0,2
ebay,EBAY,2019-03,85,39.2,140012,0,2
ebay,EBAY,2019-04,62,30.8,149618,0,2
ebay,EBAY,2019-05,41,22.6,159575,0,2
ebay,EBAY,2019-06,42,20.2,159590,0,2
ebay,EBAY,2019-07,62,28.6,155282,0,2
ebay,EBAY,2019-08,41,21.0,161284,0,2
ebay,EBAY,2019-09,43,22.8,160692,0,2
ebay,EBAY,2019-10,43,21.4,160891,0,2
ebay,EBAY,2019-11,71,35.8,159703,0,2
ebay,EBAY,2019-12,33,16.2,160414,0,2
ebay,EBAY,2020-01,71,36.0,160277,0,2
ebay,EBAY,2020-02,90,41.6,147710,0,2
ebay,EBAY,2020-03,177,82.4,154726,0,2
ebay,EBAY,2020-04,97,49.8,149071,0,2
ebay,EBAY,2020-05,71,33.4,153760,0,2
ebay,EBAY,2020-06,73,36.0,153582,0,2
ebay,EBAY,2020-07,70,33.0,163060,0,2
ebay,EBAY,2020-08,50,22.4,155453,0,2
ebay,EBAY,2020-09,58,29.4,166260,0,2
ebay,EBAY,2020-10,203,96.2,153063,0,2
ebay,EBAY,2020-11,228,114.0,163163,0,2
ebay,EBAY,2020-12,189,89.4,174638,0,2
ebay,EBAY,2021-01,120,54.4,162117,0,2
ebay,EBAY,2021-02,136,64.8,159335,0,2
ebay,EBAY,2021-03,152,74.4,166655,0,2
ebay,EBAY,2021-04,78,38.0,156130,0,2
ebay,EBAY,2021-05,129,59.6,144270,0,2
ebay,EBAY,2021-06,50,23.6,168010,0,2
ebay,EBAY,2021-07,52,24.8,161485,0,2
ebay,EBAY,2021-08,77,38.4,155760,0,2
ebay,EBAY,2021-09,45,23.2,175962,0,2
ebay,EBAY,2021-10,43,22.8,176068,0,2
ebay,EBAY,2021-11,44,22.8,175520,0,2
ebay,EBAY,2021-12,49,23.8,164860,0,2
ebay,EBAY,2022-01,69,36.4,169302,0,2
ebay,EBAY,2022-02,55,28.2,177195,0,2
ebay,EBAY,2022-03,66,31.2,169762,0,2
ebay,EBAY,2022-04,84,42.6,164523,0,2
ebay,EBAY,2022-05,107,47.8,148040,0,2
ebay,EBAY,2022-06,61,31.0,159184,0,2
ebay,EBAY,2022-07,47,23.0,167770,0,2
ebay,EBAY,2022-08,66,32.2,168592,0,2
ebay,EBAY,2022-09,63,30.8,174198,0,2
ebay,EBAY,2022-10,111,53.2,174924,0,2
ebay,EBAY,2022-11,185,84.8,168433,0,2
ebay,EBAY,2022-12,98,50.4,179769,0,2
ebay,EBAY,2023-01,73,35.8,173482,0,2
ebay,EBAY,2023-02,78,37.6,185019,0,2
ebay,EBAY,2023-03,83,41.0,186494,0,2
ebay,EBAY,2023-04,93,41.6,161863,0,2
ebay,EBAY,2023-05,53,25.6,181870,0,2
ebay,EBAY,2023-06,41,21.8,185248,0,2
ebay,EBAY,2023-07,44,21.8,186092,0,2
ebay,EBAY,2023-08,83,40.2,173961,0,2
ebay,EBAY,2023-09,77,38.8,192848,0,2
ebay,EBAY,2023-10,88,45.6,168461,0,2
ebay,EBAY,2023-11,203,96.8,158400,0,2
ebay,EBAY,2023-12,63,31.6,171206,0,2
ebay,EBAY,2024-01,36,18.0,182782,0,2
ebay,EBAY,2024-02,47,21.0,183405,0,2
ebay,EBAY,2024-03,108,52.2,176267,0,2
ebay,EBAY,2024-04,100,50.4,171920,0,2
ebay,EBAY,2024-05,85,41.6,167700,0,2
ebay,EBAY,2024-06,49,26.4,180928,0,2
ebay,EBAY,2024-07,48,25.0,191587,0,2
ebay,EBAY,2024-08,38,21.8,198163,0,2
ebay,EBAY,2024-09,23,10.2,185269,0,2
ebay,EBAY,2024-10,38,18.8,185946,0,2
ebay,EBAY,2024-11,27,13.6,188558,0,2
ebay,EBAY,2024-12,23,12.0,185613,0,2
ebay,EBAY,2025-01,47,22.8,197562,0,2
ebay,EBAY,2025-02,38,18.2,185221,0,2
ebay,EBAY,2025-03,72,35.6,186726,0,2
ebay,EBAY,2025-04,40,20.8,186049,0,2
ebay,EBAY,2025-05,115,57.0,181971,0,2
ebay,EBAY,2025-06,59,30.4,187530,0,2
ebay,EBAY,2025-07,45,27.6,200461,0,2
ebay,EBAY,2025-08,40,22.2,203494,0,2
ebay,EBAY,2025-09,34,19.2,207345,0,2
ebay,EBAY,2025-11,76,39.8,203657,0,2
ebay,EBAY,2025-12,47,23.0,203098,0,2
hp,HPQ,2009-10,41,22.8,89526,0,2
hp,HPQ,2009-11,40,20.0,82088,0,2
hp,HPQ,2009-12,79,40.4,89419,0,2
hp,HPQ,2010-01,31,14.2,88061,0,2
hp,HPQ,2010-02,64,30.4,80888,0,2
hp,HPQ,2010-03,114,52.0,84323,0,2
hp,HPQ,2010-04,66,30.4,85787,0,2
hp,HPQ,2010-05,51,21.6,84742,0,2
hp,HPQ,2010-06,62,28.4,88100,0,2
hp,HPQ,2010-07,51,21.6,84531,0,2
hp,HPQ,2010-08,49,21.6,87233,0,2
hp,HPQ,2010-09,59,27.4,92374,0,2
hp,HPQ,2010-10,50,22.0,88262,0,2
hp,HPQ,2010-11,91,41.4,94857,0,2
hp,HPQ,2010-12,48,24.4,88953,0,2
hp,HPQ,2011-01,49,22.0,83738,0,2
hp,HPQ,2011-02,55,25.0,86027,0,2
hp,HPQ,2011-03,137,62.0,89718,0,2
hp,HPQ,2011-04,98,44.6,85598,0,2
hp,HPQ,2011-05,72,29.8,83962,0,2
hp,HPQ,2011-06,90,41.0,86233,0,2
hp,HPQ,2011-07,74,36.4,90162,0,2
hp,HPQ,2011-08,69,32.4,88632,0,2
hp,HPQ,2011-09,39,19.2,95840,0,2
hp,HPQ,2011-10,57,25.2,85840,0,2
hp,HPQ,2011-11,64,28.0,83875,0,2
hp,HPQ,2011-12,58,26.6,90308,0,2
hp,HPQ,2012-01,27,12.0,87918,0,2
hp,HPQ,2012-02,42,20.4,92775,0,2
hp,HPQ,2012-03,111,48.2,89758,0,2
hp,HPQ,2012-04,81,37.0,89765,0,2
hp,HPQ,2012-05,94,42.0,90657,0,2
hp,HPQ,2012-06,62,27.6,85180,0,2
hp,HPQ,2012-07,41,19.6,90021,0,2
hp,HPQ,2012-08,56,28.2,97788,0,2
hp,HPQ,2012-09,46,22.4,99654,0,2
hp,HPQ,2012-10,91,41.0,95582,0,2
hp,HPQ,2012-11,53,23.0,85883,0,2
hp,HPQ,2012-12,81,38.8,83741,0,2
hp,HPQ,2013-01,29,14.8,95635,0,2
hp,HPQ,2013-02,46,20.8,92928,0,2
hp,HPQ,2013-03,172,75.4,85499,0,2
hp,HPQ,2013-04,79,35.2,89138,0,2
hp,HPQ,2013-05,85,38.0,90017,0,2
hp,HPQ,2013-06,64,29.6,96688,0,2
hp,HPQ,2013-07,35,15.0,91136,0,2
hp,HPQ,2013-08,49,22.0,85514,0,2
hp,HPQ,2013-09,23,10.8,93401,0,2
hp,HPQ,2013-10,3,2.0,104721,0,2
hp,HPQ,2013-11,48,21.6,96219,0,2
hp,HPQ,2013-12,39,19.8,99139,0,2
hp,HPQ,2014-01,58,25.6,95663,0,2
hp,HPQ,2014-02,68,30.8,91212,0,2
hp,HPQ,2014-03,66,31.8,100358,0,2
hp,HPQ,2014-04,55,25.6,88814,0,2
hp,HPQ,2014-05,28,12.4,99269,0,2
hp,HPQ,2014-06,39,19.2,107208,0,2
hp,HPQ,2014-07,29,13.2,104356,0,2
hp,HPQ,2014-08,25,12.4,101458,0,2
hp,HPQ,2014-09,27,12.0,103891,0,2
hp,HPQ,2014-10,33,17.0,0,0,2
hp,HPQ,2014-11,15,7.4,0,0,2
hp,HPQ,2014-12,41,20.8,0,0,2
hp,HPQ,2015-01,31,14.4,0,0,2
hp,HPQ,2015-02,81,39.6,0,0,2
hp,HPQ,2015-03,87,41.8,0,0,2
hp,HPQ,2015-04,48,21.6,0,0,2
hp,HPQ,2015-05,34,16.0,0,0,2
hp,HPQ,2015-06,22,12.0,0,0,2
hp,HPQ,2015-07,39,19.8,0,0,2
hp,HPQ,2015-08,28,14.4,0,0,2
hp,HPQ,2015-09,32,13.6,0,0,2
hp,HPQ,2015-10,30,14.0,100509,0,2
hp,HPQ,2015-11,36,15.6,98430,0,2
hp,HPQ,2015-12,89,45.4,115585,0,2
hp,HPQ,2016-01,36,16.6,93767,0,2
hp,HPQ,2016-02,81,35.8,100274,0,2
hp,HPQ,2016-03,173,81.0,99376,0,2
hp,HPQ,2016-04,41,19.2,95075,0,2
hp,HPQ,2016-05,41,20.6,102105,0,2
hp,HPQ,2016-06,18,11.0,108101,0,2
hp,HPQ,2016-07,28,12.4,100595,0,2
hp,HPQ,2016-08,29,14.0,120386,0,2
hp,HPQ,2016-09,22,11.2,114807,0,2
hp,HPQ,2016-10,22,9.2,129692,0,2
hp,HPQ,2016-11,30,15.0,113842,0,2
hp,HPQ,2016-12,23,12.0,117847,0,2
hp,HPQ,2017-01,34,14.6,106713,0,2
hp,HPQ,2017-02,69,31.8,106553,0,2
hp,HPQ,2017-03,108,54.2,108114,0,2
hp,HPQ,2017-04,15,7.4,100382,0,2
hp,HPQ,2017-05,9,4.0,104965,0,2
hp,HPQ,2017-06,13,7.4,123671,0,2
hp,HPQ,2017-07,5,2.8,124756,0,2
hp,HPQ,2017-08,14,7.2,126902,0,2
hp,HPQ,2017-09,6,2.8,108655,0,2
hp,HPQ,2017-10,15,7.4,133052,0,2
hp,HPQ,2017-11,12,7.0,123788,0,2
hp,HPQ,2017-12,18,7.6,107791,0,2
hp,HPQ,2018-01,30,16.8,126242,0,2
hp,HPQ,2018-02,40,22.0,111452,0,2
hp,HPQ,2018-03,92,44.0,103620,0,2
hp,HPQ,2018-04,34,15.8,114932,0,2
hp,HPQ,2018-05,20,8.8,127714,0,2
hp,HPQ,2018-06,15,7.6,135130,0,2
hp,HPQ,2018-07,31,15.8,138150,0,2
hp,HPQ,2018-08,15,7.6,127036,0,2
hp,HPQ,2018-09,17,8.4,131383,0,2
hp,HPQ,2018-10,20,9.2,125691,0,2
hp,HPQ,2018-11,10,4.6,120565,0,2
hp,HPQ,2018-12,20,11.2,125414,0,2
hp,HPQ,2019-01,12,6.4,135374,0,2
hp,HPQ,2019-02,26,12.6,113892,0,2
hp,HPQ,2019-03,145,77.6,105574,0,2
hp,HPQ,2019-04,34,17.2,121376,0,2
hp,HPQ,2019-05,32,16.0,126902,0,2
hp,HPQ,2019-06,36,17.6,131628,0,2
hp,HPQ,2019-07,25,12.8,137860,0,2
hp,HPQ,2019-08,25,11.8,127057,0,2
hp,HPQ,2019-09,20,9.6,145821,0,2
hp,HPQ,2019-10,28,13.2,129224,0,2
hp,HPQ,2019-11,19,9.6,127695,0,2
hp,HPQ,2019-12,20,10.0,123954,0,2
hp,HPQ,2020-01,33,15.8,137150,0,2
hp,HPQ,2020-02,85,39.0,114517,0,2
hp,HPQ,2020-03,163,82.6,122037,0,2
hp,HPQ,2020-04,54,25.2,136418,0,2
hp,HPQ,2020-05,49,25.6,144282,0,2
hp,HPQ,2020-06,27,13.8,142406,0,2
hp,HPQ,2020-07,29,14.0,144402,0,2
hp,HPQ,2020-08,31,14.4,147016,0,2
hp,HPQ,2020-09,43,20.6,149716,0,2
hp,HPQ,2020-10,57,28.8,139772,0,2
hp,HPQ,2020-11,84,37.2,154004,0,2
hp,HPQ,2020-12,90,39.6,147741,0,2
hp,HPQ,2021-01,42,20.8,160352,0,2
hp,HPQ,2021-02,110,50.0,142943,0,2
hp,HPQ,2021-03,326,164.0,140522,0,2
hp,HPQ,2021-04,149,71.8,134089,0,2
hp,HPQ,2021-05,74,36.2,142332,0,2
hp,HPQ,2021-06,95,44.4,140534,0,2
hp,HPQ,2021-07,33,14.0,149286,0,2
hp,HPQ,2021-08,39,18.6,138214,0,2
hp,HPQ,2021-09,24,11.6,144949,0,2
hp,HPQ,2021-10,22,10.4,138159,0,2
hp,HPQ,2021-11,26,13.4,148227,0,2
hp,HPQ,2021-12,55,26.6,154940,0,2
hp,HPQ,2022-01,38,16.6,145591,0,2
hp,HPQ,2022-02,109,49.8,134829,0,2
hp,HPQ,2022-03,179,85.8,126726,0,2
hp,HPQ,2022-04,72,36.2,130033,0,2
hp,HPQ,2022-05,40,20.8,158268,0,2
hp,HPQ,2022-06,69,31.8,145558,0,2
hp,HPQ,2022-07,55,25.4,146142,0,2
hp,HPQ,2022-08,22,11.6,150844,0,2
hp,HPQ,2022-09,38,18.4,155238,0,2
hp,HPQ,2022-10,34,16.8,149471,0,2
hp,HPQ,2022-11,44,22.8,172644,0,2
hp,HPQ,2022-12,52,26.0,148164,0,2
hp,HPQ,2023-01,69,31.6,143879,0,2
hp,HPQ,2023-02,147,73.8,146397,0,2
hp,HPQ,2023-03,252,122.4,138025,0,2
hp,HPQ,2023-04,62,30.8,148985,0,2
hp,HPQ,2023-05,57,28.0,145479,0,2
hp,HPQ,2023-06,27,13.8,162208,0,2
hp,HPQ,2023-07,27,13.4,146729,0,2
hp,HPQ,2023-08,51,26.8,151074,0,2
hp,HPQ,2023-09,32,16.0,153542,0,2
hp,HPQ,2023-10,29,15.4,168942,0,2
hp,HPQ,2023-11,23,10.6,159046,0,2
hp,HPQ,2023-12,24,12.2,157557,0,2
hp,HPQ,2024-01,59,30.2,160095,0,2
hp,HPQ,2024-02,145,69.2,150327,0,2
hp,HPQ,2024-03,237,114.4,140725,0,2
hp,HPQ,2024-04,70,32.8,120019,0,2
hp,HPQ,2024-05,29,17.0,149150,0,2
hp,HPQ,2024-06,43,24.2,137221,0,2
hp,HPQ,2024-07,35,21.8,158034,0,2
hp,HPQ,2024-08,45,26.4,148234,0,2
hp,HPQ,2024-09,42,24.0,152680,0,2
hp,HPQ,2024-10,31,17.8,148359,0,2
hp,HPQ,2024-11,31,18.8,142992,0,2
hp,HPQ,2024-12,25,14.4,153824,0,2
hp,HPQ,2025-01,59,33.0,133024,0,2
hp,HPQ,2025-02,156,86.4,126461,0,2
hp,HPQ,2025-03,151,79.8,125237,0,2
hp,HPQ,2025-04,48,25.0,137101,0,2
hp,HPQ,2025-05,74,40.6,136516,0,2
hp,HPQ,2025-06,44,25.2,142923,0,2
hp,HPQ,2025-07,30,18.0,157557,0,2
hp,HPQ,2025-08,29,16.6,155488,0,2
hp,HPQ,2025-09,51,28.8,158541,0,2
hp,HPQ,2025-11,25,14.2,154740,0,2
hp,HPQ,2025-12,20,11.6,159759,0,2
ibm,IBM,2013-11,4,1.6,71681,0,2
ibm,IBM,2018-08,5,3.2,125480,0,2
ibm,IBM,2018-11,1,0.4,100000,0,2
ibm,IBM,2018-12,2,1.2,149650,0,2
ibm,IBM,2019-01,2,0.8,87558,0,2
ibm,IBM,2019-10,160,83.6,107447,0,2
ibm,IBM,2019-11,297,147.8,106243,0,2
ibm,IBM,2019-12,254,127.4,103882,0,2
ibm,IBM,2020-01,1059,523.0,86772,0,2
ibm,IBM,2020-02,522,267.2,89005,0,2
ibm,IBM,2020-03,234,117.4,97509,0,2
ibm,IBM,2020-04,151,77.4,102135,0,2
ibm,IBM,2020-05,123,64.6,109559,0,2
ibm,IBM,2020-06,138,72.6,106677,0,2
ibm,IBM,2020-07,88,48.2,106921,0,2
ibm,IBM,2020-08,112,66.8,105252,0,2
ibm,IBM,2020-09,134,76.4,105173,0,2
ibm,IBM,2020-10,138,86.4,109923,0,2
ibm,IBM,2020-11,231,123.6,142715,0,2
ibm,IBM,2020-12,496,275.4,116113,0,2
ibm,IBM,2021-01,270,145.2,107115,0,2
ibm,IBM,2021-02,274,148.0,105630,0,2
ibm,IBM,2021-03,407,214.0,104575,0,2
ibm,IBM,2021-04,194,106.8,109891,0,2
ibm,IBM,2021-05,208,109.2,104711,0,2
ibm,IBM,2021-06,320,173.4,106337,0,2
ibm,IBM,2021-07,132,68.8,108523,0,2
ibm,IBM,2021-08,216,115.2,105302,0,2
ibm,IBM,2021-09,164,91.4,101732,0,2
ibm,IBM,2021-10,182,100.2,104927,0,2
ibm,IBM,2021-11,219,118.2,105761,0,2
ibm,IBM,2021-12,212,112.6,98490,0,2
ibm,IBM,2022-01,95,54.0,102933,0,2
ibm,IBM,2022-02,135,77.8,106205,0,2
ibm,IBM,2022-03,183,99.4,107054,0,2
ibm,IBM,2022-04,174,97.8,107453,0,2
ibm,IBM,2022-05,122,72.6,103207,0,2
ibm,IBM,2022-06,109,59.6,104796,0,2
ibm,IBM,2022-07,90,49.4,111357,0,2
ibm,IBM,2022-08,134,73.4,111819,0,2
ibm,IBM,2022-09,99,55.0,113374,0,2
ibm,IBM,2022-10,202,110.0,110875,0,2
ibm,IBM,2022-11,198,104.4,104338,0,2
ibm,IBM,2022-12,213,114.6,111000,0,2
ibm,IBM,2023-01,95,51.2,109906,0,2
ibm,IBM,2023-02,58,29.6,104831,0,2
ibm,IBM,2023-03,44,22.6,111215,0,2
ibm,IBM,2023-04,46,24.8,93075,0,2
ibm,IBM,2023-05,12,7.4,106780,0,2
ibm,IBM,2023-06,10,5.2,90306,0,2
ibm,IBM,2023-07,18,9.2,98572,0,2
ibm,IBM,2023-08,31,15.6,112371,0,2
ibm,IBM,2023-09,13,7.2,112218,0,2
ibm,IBM,2023-10,17,9.2,110179,0,2
ibm,IBM,2023-11,6,3.2,101517,0,2
ibm,IBM,2023-12,3,1.2,87907,0,2
ibm,IBM,2024-01,4,1.6,90261,0,2
ibm,IBM,2024-02,12,6.4,99283,0,2
ibm,IBM,2024-03,5,2.4,98192,0,2
ibm,IBM,2024-04,4,2.0,91721,0,2
ibm,IBM,2024-05,18,9.6,105199,0,2
ibm,IBM,2024-06,14,7.4,103830,0,2
ibm,IBM,2024-07,11,7.0,105484,0,2
ibm,IBM,2024-08,12,6.8,93434,0,2
ibm,IBM,2024-09,7,4.0,95804,0,2
ibm,IBM,2024-10,8,5.2,99184,0,2
ibm,IBM,2024-11,10,6.0,108983,0,2
ibm,IBM,2024-12,3,1.2,110808,0,2
ibm,IBM,2025-01,1,0.2,158800,0,2
ibm,IBM,2025-02,4,2.2,119270,0,2
ibm,IBM,2025-03,2,0.8,139214,0,2
ibm,IBM,2025-05,3,1.4,116956,0,2
ibm,IBM,2025-06,1,0.8,192941,0,2
ibm,IBM,2025-07,2,0.8,131424,0,2
intel,INTC,2009-10,47,19.2,92197,0,2
intel,INTC,2009-11,35,15.2,98743,0,2
intel,INTC,2009-12,52,21.4,94707,0,2
intel,INTC,2010-01,26,10.4,88594,0,2
intel,INTC,2010-02,48,19.6,79606,0,2
intel,INTC,2010-03,219,88.0,78702,0,2
intel,INTC,2010-04,103,41.2,78776,0,2
intel,INTC,2010-05,152,61.2,77110,0,2
intel,INTC,2010-06,167,67.6,77950,0,2
intel,INTC,2010-07,89,36.8,80353,0,2
intel,INTC,2010-08,97,40.2,80484,0,2
intel,INTC,2010-09,109,43.6,79220,0,2
intel,INTC,2010-10,62,24.8,80277,0,2
intel,INTC,2010-11,114,46.0,80581,0,2
intel,INTC,2010-12,109,45.8,83259,0,2
intel,INTC,2011-01,80,32.4,80686,0,2
intel,INTC,2011-02,93,37.6,78920,0,2
intel,INTC,2011-03,316,126.8,81273,0,2
intel,INTC,2011-04,174,70.8,83864,0,2
intel,INTC,2011-05,157,63.4,85946,0,2
intel,INTC,2011-06,253,101.6,82352,0,2
intel,INTC,2011-07,170,68.6,83956,0,2
intel,INTC,2011-08,217,88.6,84580,0,2
intel,INTC,2011-09,153,61.6,82908,0,2
intel,INTC,2011-10,135,54.8,85556,0,2
intel,INTC,2011-11,99,40.4,86991,0,2
intel,INTC,2011-12,43,17.6,86647,0,2
intel,INTC,2012-01,150,60.2,84247,0,2
intel,INTC,2012-02,157,63.2,85983,0,2
intel,INTC,2012-03,355,142.4,84484,0,2
intel,INTC,2012-04,174,70.4,86194,0,2
intel,INTC,2012-05,151,60.8,85520,0,2
intel,INTC,2012-06,115,46.8,88570,0,2
intel,INTC,2012-07,61,25.6,89577,0,2
intel,INTC,2012-08,53,21.2,89827,0,2
intel,INTC,2012-09,34,13.6,90052,0,2
intel,INTC,2012-10,49,20.2,96799,0,2
intel,INTC,2012-11,50,20.4,94984,0,2
intel,INTC,2012-12,54,22.0,87332,0,2
intel,INTC,2013-01,89,35.6,87496,0,2
intel,INTC,2013-02,399,160.4,85673,0,2
intel,INTC,2013-03,342,137.6,85987,0,2
intel,INTC,2013-04,166,67.4,90581,0,2
intel,INTC,2013-05,180,72.0,86364,0,2
intel,INTC,2013-06,189,76.0,88199,0,2
intel,INTC,2013-07,145,58.4,89311,0,2
intel,INTC,2013-08,119,48.4,92027,0,2
intel,INTC,2013-09,60,24.6,92317,0,2
intel,INTC,2013-10,21,8.8,98104,0,2
intel,INTC,2013-11,127,52.0,93539,0,2
intel,INTC,2013-12,30,12.0,91841,0,2
intel,INTC,2014-01,168,67.2,88374,0,2
intel,INTC,2014-02,393,157.6,87218,0,2
intel,INTC,2014-03,544,222.6,90928,0,2
intel,INTC,2014-04,154,61.8,86870,0,2
intel,INTC,2014-05,295,118.0,88919,0,2
intel,INTC,2014-06,115,46.0,92871,0,2
intel,INTC,2014-07,151,60.4,86455,0,2
intel,INTC,2014-08,134,54.4,89631,0,2
intel,INTC,2014-09,84,33.6,91824,0,2
intel,INTC,2014-10,51,20.8,0,0,2
intel,INTC,2014-11,58,23.2,0,0,2
intel,INTC,2014-12,127,51.6,0,0,2
intel,INTC,2015-01,147,59.6,0,0,2
intel,INTC,2015-02,219,88.0,0,0,2
intel,INTC,2015-03,376,153.2,0,0,2
intel,INTC,2015-04,169,68.0,0,0,2
intel,INTC,2015-05,87,35.6,0,0,2
intel,INTC,2015-06,48,20.0,0,0,2
intel,INTC,2015-07,68,27.4,0,0,2
intel,INTC,2015-08,76,32.4,0,0,2
intel,INTC,2015-09,61,25.0,0,0,2
intel,INTC,2015-10,135,55.0,92426,0,2
intel,INTC,2015-11,137,55.6,92519,0,2
intel,INTC,2015-12,85,35.0,93890,0,2
intel,INTC,2016-01,164,66.4,93849,0,2
intel,INTC,2016-02,275,112.0,94538,0,2
intel,INTC,2016-03,344,142.0,92365,0,2
intel,INTC,2016-04,122,49.6,94215,0,2
intel,INTC,2016-05,72,30.0,97805,0,2
intel,INTC,2016-06,69,28.0,94943,0,2
intel,INTC,2016-07,66,27.6,99264,0,2
intel,INTC,2016-08,66,26.4,96174,0,2
intel,INTC,2016-09,61,25.4,100647,0,2
intel,INTC,2016-10,183,76.2,98536,0,2
intel,INTC,2016-11,82,33.6,100289,0,2
intel,INTC,2016-12,90,37.0,100572,0,2
intel,INTC,2017-01,93,38.0,98916,0,2
intel,INTC,2017-02,249,101.2,97180,0,2
intel,INTC,2017-03,312,129.2,96961,0,2
intel,INTC,2017-04,72,29.6,99255,0,2
intel,INTC,2017-05,110,46.0,100060,0,2
intel,INTC,2017-06,88,38.8,105628,0,2
intel,INTC,2017-07,64,26.0,100633,0,2
intel,INTC,2017-08,51,21.2,103265,0,2
intel,INTC,2017-09,140,56.8,94929,0,2
intel,INTC,2017-10,92,37.2,97978,0,2
intel,INTC,2017-11,65,28.0,102687,0,2
intel,INTC,2017-12,56,23.6,103285,0,2
intel,INTC,2018-01,86,35.6,95348,0,2
intel,INTC,2018-02,193,79.6,104804,0,2
intel,INTC,2018-03,225,93.0,101087,0,2
intel,INTC,2018-04,73,32.0,103541,0,2
intel,INTC,2018-05,91,39.6,102953,0,2
intel,INTC,2018-06,47,20.0,106255,0,2
intel,INTC,2018-07,78,32.8,106053,0,2
intel,INTC,2018-08,49,20.0,103246,0,2
intel,INTC,2018-09,69,29.2,108024,0,2
intel,INTC,2018-10,110,46.4,102537,0,2
intel,INTC,2018-11,170,69.2,96037,0,2
intel,INTC,2018-12,89,36.4,102722,0,2
intel,INTC,2019-01,97,40.8,99958,0,2
intel,INTC,2019-02,169,70.0,100343,0,2
intel,INTC,2019-03,335,140.2,107403,0,2
intel,INTC,2019-04,65,27.2,104426,0,2
intel,INTC,2019-05,153,64.0,105779,0,2
intel,INTC,2019-06,101,43.6,104179,0,2
intel,INTC,2019-07,94,40.4,108802,0,2
intel,INTC,2019-08,88,38.0,112232,0,2
intel,INTC,2019-09,185,77.2,101027,0,2
intel,INTC,2019-10,91,38.8,106326,0,2
intel,INTC,2019-11,64,27.6,106652,0,2
intel,INTC,2019-12,44,19.2,100379,0,2
intel,INTC,2020-01,164,77.6,112928,0,2
intel,INTC,2020-02,121,58.4,111451,0,2
intel,INTC,2020-03,165,78.6,112409,0,2
intel,INTC,2020-04,70,31.2,113453,0,2
intel,INTC,2020-05,69,30.4,106135,0,2
intel,INTC,2020-06,79,34.0,110413,0,2
intel,INTC,2020-07,127,54.8,109782,0,2
intel,INTC,2020-08,50,22.0,116060,0,2
intel,INTC,2020-09,132,56.0,102410,0,2
intel,INTC,2020-10,177,82.8,109719,0,2
intel,INTC,2020-11,222,92.4,115294,0,2
intel,INTC,2020-12,852,350.4,111449,0,2
intel,INTC,2021-01,512,212.8,106346,0,2
intel,INTC,2021-02,998,409.6,104761,0,2
intel,INTC,2021-03,1602,659.6,103065,0,2
intel,INTC,2021-04,317,131.2,110431,0,2
intel,INTC,2021-05,222,92.8,113308,0,2
intel,INTC,2021-06,169,72.0,112795,0,2
intel,INTC,2021-07,132,55.6,115271,0,2
intel,INTC,2021-08,276,115.6,113230,0,2
intel,INTC,2021-09,275,114.8,112307,0,2
intel,INTC,2021-10,232,94.8,112128,0,2
intel,INTC,2021-11,289,122.0,117073,0,2
intel,INTC,2021-12,398,170.0,114051,0,2
intel,INTC,2022-01,471,197.2,111618,0,2
intel,INTC,2022-02,591,246.8,111190,0,2
intel,INTC,2022-03,1062,436.8,108333,0,2
intel,INTC,2022-04,530,222.4,113047,0,2
intel,INTC,2022-05,301,131.4,116705,0,2
intel,INTC,2022-06,271,119.6,116740,0,2
intel,INTC,2022-07,221,100.0,128659,0,2
intel,INTC,2022-08,218,96.6,122036,0,2
intel,INTC,2022-09,237,101.6,118920,0,2
intel,INTC,2022-10,462,193.6,116380,0,2
intel,INTC,2022-11,504,206.4,119882,0,2
intel,INTC,2022-12,846,343.2,111827,0,2
intel,INTC,2023-01,524,218.4,112234,0,2
intel,INTC,2023-02,537,225.4,111356,0,2
intel,INTC,2023-03,714,297.4,111615,0,2
intel,INTC,2023-04,202,87.8,121173,0,2
intel,INTC,2023-05,158,66.8,124312,0,2
intel,INTC,2023-06,163,68.8,120128,0,2
intel,INTC,2023-07,119,50.8,121938,0,2
intel,INTC,2023-08,66,30.0,128564,0,2
intel,INTC,2023-09,196,80.4,120341,0,2
intel,INTC,2023-10,183,79.2,126446,0,2
intel,INTC,2023-11,133,56.0,126961,0,2
intel,INTC,2023-12,281,124.8,125248,0,2
intel,INTC,2024-01,382,161.2,117693,0,2
intel,INTC,2024-02,478,200.0,112917,0,2
intel,INTC,2024-03,736,320.4,121085,0,2
intel,INTC,2024-04,517,220.6,126098,0,2
intel,INTC,2024-05,299,126.4,131154,0,2
intel,INTC,2024-06,232,99.2,136235,0,2
intel,INTC,2024-07,143,59.2,140315,0,2
intel,INTC,2024-08,190,81.6,137103,0,2
intel,INTC,2024-09,151,66.4,137951,0,2
intel,INTC,2024-10,148,62.8,138336,0,2
intel,INTC,2024-11,151,65.2,139128,0,2
intel,INTC,2024-12,115,53.6,136032,0,2
intel,INTC,2025-01,165,66.8,122498,0,2
intel,INTC,2025-02,807,331.6,122781,0,2
intel,INTC,2025-03,653,274.4,124991,0,2
intel,INTC,2025-04,251,106.4,130190,0,2
intel,INTC,2025-05,153,67.4,149212,0,2
intel,INTC,2025-06,74,32.6,150433,0,2
intel,INTC,2025-07,65,27.2,150781,0,2
intel,INTC,2025-08,98,40.0,144970,0,2
intel,INTC,2025-09,119,49.2,140311,0,2
intel,INTC,2025-11,132,55.2,146105,0,2
intel,INTC,2025-12,107,43.6,140569,0,2
intuit,INTU,2009-10,11,5.8,102932,0,2
intuit,INTU,2009-11,13,8.0,108938,0,2
intuit,INTU,2009-12,7,4.0,115728,0,2
intuit,INTU,2010-01,7,4.2,102957,0,2
intuit,INTU,2010-02,7,4.6,121542,0,2
intuit,INTU,2010-03,10,5.4,106890,0,2
intuit,INTU,2010-04,10,6.2,109679,0,2
intuit,INTU,2010-05,7,4.4,105428,0,2
intuit,INTU,2010-06,9,5.2,99244,0,2
intuit,INTU,2010-07,5,2.8,100600,0,2
intuit,INTU,2010-08,10,5.6,104230,0,2
intuit,INTU,2010-09,14,8.8,110878,0,2
intuit,INTU,2010-10,7,4.2,101542,0,2
intuit,INTU,2010-11,11,6.0,108545,0,2
intuit,INTU,2010-12,9,4.0,91674,0,2
intuit,INTU,2011-01,8,4.4,101533,0,2
intuit,INTU,2011-02,10,5.6,112620,0,2
intuit,INTU,2011-03,13,7.6,122042,0,2
intuit,INTU,2011-04,7,4.0,103585,0,2
intuit,INTU,2011-05,12,5.6,97502,0,2
intuit,INTU,2011-06,5,3.0,119600,0,2
intuit,INTU,2011-07,8,5.2,128600,0,2
intuit,INTU,2011-08,9,4.6,98685,0,2
intuit,INTU,2011-09,15,9.4,113840,0,2
intuit,INTU,2011-10,17,9.6,107439,0,2
intuit,INTU,2011-11,10,6.0,105866,0,2
intuit,INTU,2011-12,11,6.0,109869,0,2
intuit,INTU,2012-01,9,5.2,119832,0,2
intuit,INTU,2012-02,7,4.2,117142,0,2
intuit,INTU,2012-03,22,10.8,96632,0,2
intuit,INTU,2012-04,12,7.4,109066,0,2
intuit,INTU,2012-05,12,6.2,101787,0,2
intuit,INTU,2012-06,14,7.0,102386,0,2
intuit,INTU,2012-07,3,1.8,114213,0,2
intuit,INTU,2012-08,13,8.6,122424,0,2
intuit,INTU,2012-09,6,4.2,119198,0,2
intuit,INTU,2012-10,17,10.8,125254,0,2
intuit,INTU,2012-11,15,9.8,124274,0,2
intuit,INTU,2012-12,9,6.0,124034,0,2
intuit,INTU,2013-01,14,8.4,114472,0,2
intuit,INTU,2013-02,21,8.8,92407,0,2
intuit,INTU,2013-03,58,29.8,102896,0,2
intuit,INTU,2013-04,13,8.0,116467,0,2
intuit,INTU,2013-05,23,13.2,116571,0,2
intuit,INTU,2013-06,8,5.0,125147,0,2
intuit,INTU,2013-07,16,8.4,109133,0,2
intuit,INTU,2013-08,19,11.6,117706,0,2
intuit,INTU,2013-09,9,5.0,120616,0,2
intuit,INTU,2013-10,6,4.2,136767,0,2
intuit,INTU,2013-11,30,16.4,110728,0,2
intuit,INTU,2013-12,18,10.8,126279,0,2
intuit,INTU,2014-01,5,2.8,121395,0,2
intuit,INTU,2014-02,34,18.2,102545,0,2
intuit,INTU,2014-03,49,28.0,112130,0,2
intuit,INTU,2014-04,20,12.8,128205,0,2
intuit,INTU,2014-05,10,5.4,121380,0,2
intuit,INTU,2014-06,17,10.2,117104,0,2
intuit,INTU,2014-07,8,5.0,115346,0,2
intuit,INTU,2014-08,9,4.8,119140,0,2
intuit,INTU,2014-09,10,5.4,128750,0,2
intuit,INTU,2014-10,19,12.2,0,0,2
intuit,INTU,2014-11,7,4.8,0,0,2
intuit,INTU,2014-12,2,1.4,0,0,2
intuit,INTU,2015-01,5,3.4,0,0,2
intuit,INTU,2015-02,30,16.6,0,0,2
intuit,INTU,2015-03,101,57.2,0,0,2
intuit,INTU,2015-04,42,26.8,0,0,2
intuit,INTU,2015-05,11,6.4,0,0,2
intuit,INTU,2015-06,17,10.2,0,0,2
intuit,INTU,2015-07,9,5.8,0,0,2
intuit,INTU,2015-08,8,5.0,0,0,2
intuit,INTU,2015-09,12,7.6,0,0,2
intuit,INTU,2015-10,16,9.2,107378,0,2
intuit,INTU,2015-11,26,15.4,112124,0,2
intuit,INTU,2015-12,21,12.6,118667,0,2
intuit,INTU,2016-01,16,8.2,104404,0,2
intuit,INTU,2016-02,61,34.8,107392,0,2
intuit,INTU,2016-03,74,43.6,112419,0,2
intuit,INTU,2016-04,24,15.4,120364,0,2
intuit,INTU,2016-05,25,16.6,124001,0,2
intuit,INTU,2016-06,29,17.4,120203,0,2
intuit,INTU,2016-07,18,10.2,111348,0,2
intuit,INTU,2016-08,21,12.6,119360,0,2
intuit,INTU,2016-09,21,11.8,124973,0,2
intuit,INTU,2016-10,20,11.6,113986,0,2
intuit,INTU,2016-11,27,15.8,120727,0,2
intuit,INTU,2016-12,18,10.6,118437,0,2
intuit,INTU,2017-01,31,18.8,125239,0,2
intuit,INTU,2017-02,45,26.4,113166,0,2
intuit,INTU,2017-03,129,79.6,121522,0,2
intuit,INTU,2017-04,10,6.8,125414,0,2
intuit,INTU,2017-05,29,18.4,127139,0,2
intuit,INTU,2017-06,14,8.4,125132,0,2
intuit,INTU,2017-07,17,9.6,112760,0,2
intuit,INTU,2017-08,15,8.2,122207,0,2
intuit,INTU,2017-09,20,13.8,131562,0,2
intuit,INTU,2017-10,21,14.4,129319,0,2
intuit,INTU,2017-11,15,10.2,146388,0,2
intuit,INTU,2017-12,29,16.4,117228,0,2
intuit,INTU,2018-01,45,31.0,134451,0,2
intuit,INTU,2018-02,49,29.2,123207,0,2
intuit,INTU,2018-03,116,68.6,120309,0,2
intuit,INTU,2018-04,30,19.8,133192,0,2
intuit,INTU,2018-05,22,15.0,129476,0,2
intuit,INTU,2018-06,27,17.4,128394,0,2
intuit,INTU,2018-07,13,8.2,126676,0,2
intuit,INTU,2018-08,20,12.8,128964,0,2
intuit,INTU,2018-09,15,10.4,134814,0,2
intuit,INTU,2018-10,32,22.8,141787,0,2
intuit,INTU,2018-11,21,13.4,132570,0,2
intuit,INTU,2018-12,41,24.8,130617,0,2
intuit,INTU,2019-01,30,19.2,131045,0,2
intuit,INTU,2019-02,69,41.0,124595,0,2
intuit,INTU,2019-03,84,52.6,129487,0,2
intuit,INTU,2019-04,64,41.4,136567,0,2
intuit,INTU,2019-05,50,34.2,138251,0,2
intuit,INTU,2019-06,33,20.4,133260,0,2
intuit,INTU,2019-07,47,31.0,132618,0,2
intuit,INTU,2019-08,38,23.4,130822,0,2
intuit,INTU,2019-09,27,18.0,131448,0,2
intuit,INTU,2019-10,41,28.8,140713,0,2
intuit,INTU,2019-11,43,28.0,137016,0,2
intuit,INTU,2019-12,42,25.4,137818,0,2
intuit,INTU,2020-01,32,20.2,137806,0,2
intuit,INTU,2020-02,90,58.0,137153,0,2
intuit,INTU,2020-03,66,40.6,124996,0,2
intuit,INTU,2020-04,26,16.8,139484,0,2
intuit,INTU,2020-05,60,38.8,138386,0,2
intuit,INTU,2020-06,47,31.0,138271,0,2
intuit,INTU,2020-07,34,22.2,136294,0,2
intuit,INTU,2020-08,20,14.2,151612,0,2
intuit,INTU,2020-09,43,27.6,143610,0,2
intuit,INTU,2020-10,117,80.4,147399,0,2
intuit,INTU,2020-11,163,108.8,144020,0,2
intuit,INTU,2020-12,208,134.8,141628,0,2
intuit,INTU,2021-01,112,67.2,138442,0,2
intuit,INTU,2021-02,169,98.6,129121,0,2
intuit,INTU,2021-03,272,168.8,135989,0,2
intuit,INTU,2021-04,99,60.2,139483,0,2
intuit,INTU,2021-05,59,32.2,130121,0,2
intuit,INTU,2021-06,55,36.8,143682,0,2
intuit,INTU,2021-07,37,24.0,141961,0,2
intuit,INTU,2021-08,33,21.0,142327,0,2
intuit,INTU,2021-09,55,34.8,145535,0,2
intuit,INTU,2021-10,35,21.0,145758,0,2
intuit,INTU,2021-11,70,44.6,150106,0,2
intuit,INTU,2021-12,88,56.6,150427,0,2
intuit,INTU,2022-01,76,46.4,145868,0,2
intuit,INTU,2022-02,80,50.4,147797,0,2
intuit,INTU,2022-03,106,64.2,146287,0,2
intuit,INTU,2022-04,107,65.8,144656,0,2
intuit,INTU,2022-05,78,50.2,151311,0,2
intuit,INTU,2022-06,78,49.8,148589,0,2
intuit,INTU,2022-07,54,35.2,149734,0,2
intuit,INTU,2022-08,38,24.0,151791,0,2
intuit,INTU,2022-09,27,17.8,162736,0,2
intuit,INTU,2022-10,74,50.4,160306,0,2
intuit,INTU,2022-11,110,69.6,163477,0,2
intuit,INTU,2022-12,102,64.0,152993,0,2
intuit,INTU,2023-01,79,50.6,157436,0,2
intuit,INTU,2023-02,49,34.4,159504,0,2
intuit,INTU,2023-03,119,73.4,150861,0,2
intuit,INTU,2023-04,34,22.2,153290,0,2
intuit,INTU,2023-05,17,11.2,154730,0,2
intuit,INTU,2023-06,27,18.0,155044,0,2
intuit,INTU,2023-07,36,24.0,158164,0,2
intuit,INTU,2023-08,26,18.6,166459,0,2
intuit,INTU,2023-09,53,37.8,162966,0,2
intuit,INTU,2023-10,18,13.0,177891,0,2
intuit,INTU,2023-11,19,14.6,176172,0,2
intuit,INTU,2023-12,39,23.0,148314,0,2
intuit,INTU,2024-01,38,25.6,162798,0,2
intuit,INTU,2024-02,70,45.8,159462,0,2
intuit,INTU,2024-03,59,41.0,172948,0,2
intuit,INTU,2024-04,48,31.6,161153,0,2
intuit,INTU,2024-05,62,37.6,151274,0,2
intuit,INTU,2024-06,45,32.8,160784,0,2
intuit,INTU,2024-07,52,36.8,178855,0,2
intuit,INTU,2024-08,47,33.8,176549,0,2
intuit,INTU,2024-09,49,34.2,168678,0,2
intuit,INTU,2024-10,38,26.6,173193,0,2
intuit,INTU,2024-11,56,39.0,175324,0,2
intuit,INTU,2024-12,70,47.4,172966,0,2
intuit,INTU,2025-01,61,43.2,174566,0,2
intuit,INTU,2025-02,76,54.6,174137,0,2
intuit,INTU,2025-03,126,87.2,179774,0,2
intuit,INTU,2025-04,53,37.0,177815,0,2
intuit,INTU,2025-05,46,33.2,182560,0,2
intuit,INTU,2025-06,45,31.8,184408,0,2
intuit,INTU,2025-07,45,33.2,190765,0,2
intuit,INTU,2025-08,36,26.4,189335,0,2
intuit,INTU,2025-09,38,25.8,179399,0,2
intuit,INTU,2025-11,67,49.0,195147,0,2
intuit,INTU,2025-12,58,40.8,183808,0,2
lyft,LYFT,2013-06,1,0.4,75000,0,2
lyft,LYFT,2013-09,2,1.2,135000,0,2
lyft,LYFT,2013-11,1,0.4,115000,0,2
lyft,LYFT,2013-12,2,1.0,135000,0,2
lyft,LYFT,2014-01,1,0.4,110000,0,2
lyft,LYFT,2014-02,3,1.2,123333,0,2
lyft,LYFT,2014-03,1,0.4,100000,0,2
lyft,LYFT,2014-04,3,1.6,120000,0,2
lyft,LYFT,2014-07,1,0.8,120000,0,2
lyft,LYFT,2014-09,4,1.8,102500,0,2
lyft,LYFT,2014-10,2,1.2,0,0,2
lyft,LYFT,2014-11,1,0.4,0,0,2
lyft,LYFT,2014-12,4,2.6,0,0,2
lyft,LYFT,2015-01,2,0.8,0,0,2
lyft,LYFT,2015-02,4,1.8,0,0,2
lyft,LYFT,2015-03,8,3.6,0,0,2
lyft,LYFT,2015-04,14,7.2,0,0,2
lyft,LYFT,2015-05,4,1.6,0,0,2
lyft,LYFT,2015-06,4,2.0,0,0,2
lyft,LYFT,2015-07,3,1.4,0,0,2
lyft,LYFT,2015-08,1,0.4,0,0,2
lyft,LYFT,2015-10,2,1.2,135000,0,2
lyft,LYFT,2015-11,6,3.0,155000,0,2
lyft,LYFT,2015-12,1,0.4,110000,0,2
lyft,LYFT,2016-01,3,1.6,143333,0,2
lyft,LYFT,2016-02,26,11.4,132500,0,2
lyft,LYFT,2016-03,14,5.6,133714,0,2
lyft,LYFT,2016-04,6,2.8,151666,0,2
lyft,LYFT,2016-05,2,0.8,165500,0,2
lyft,LYFT,2016-06,8,3.6,156500,0,2
lyft,LYFT,2016-07,2,1.2,140000,0,2
lyft,LYFT,2016-09,2,1.2,145000,0,2
lyft,LYFT,2016-10,5,2.4,173000,0,2
lyft,LYFT,2016-11,3,1.2,157282,0,2
lyft,LYFT,2016-12,8,3.6,164451,0,2
lyft,LYFT,2017-01,4,2.2,163750,0,2
lyft,LYFT,2017-02,43,18.8,134344,0,2
lyft,LYFT,2017-03,8,3.2,141250,0,2
lyft,LYFT,2017-04,4,2.0,188750,0,2
lyft,LYFT,2017-05,10,5.4,178191,0,2
lyft,LYFT,2017-06,8,4.4,193125,0,2
lyft,LYFT,2017-07,4,1.4,157750,0,2
lyft,LYFT,2017-08,8,3.6,165375,0,2
lyft,LYFT,2017-09,14,7.2,164428,0,2
lyft,LYFT,2017-10,16,7.8,179562,0,2
lyft,LYFT,2017-11,19,9.0,164152,0,2
lyft,LYFT,2017-12,10,5.0,162360,0,2
lyft,LYFT,2018-01,14,7.2,186642,0,2
lyft,LYFT,2018-02,90,39.2,153933,0,2
lyft,LYFT,2018-03,56,25.4,161732,0,2
lyft,LYFT,2018-04,24,11.0,178454,0,2
lyft,LYFT,2018-05,14,6.8,184500,0,2
lyft,LYFT,2018-06,19,8.4,200249,0,2
lyft,LYFT,2018-07,13,5.8,178615,0,2
lyft,LYFT,2018-08,18,8.2,162944,0,2
lyft,LYFT,2018-09,12,5.6,192375,0,2
lyft,LYFT,2018-10,13,6.8,193331,0,2
lyft,LYFT,2018-11,11,5.2,183727,0,2
lyft,LYFT,2018-12,8,4.0,176950,0,2
lyft,LYFT,2019-01,21,10.8,188048,0,2
lyft,LYFT,2019-02,102,45.6,164684,0,2
lyft,LYFT,2019-03,72,34.0,167659,0,2
lyft,LYFT,2019-04,25,10.6,176933,0,2
lyft,LYFT,2019-05,24,12.6,171719,0,2
lyft,LYFT,2019-06,19,9.4,169817,0,2
lyft,LYFT,2019-07,29,13.8,177862,0,2
lyft,LYFT,2019-08,33,15.8,182127,0,2
lyft,LYFT,2019-09,21,9.2,173666,0,2
lyft,LYFT,2019-10,31,14.8,176449,0,2
lyft,LYFT,2019-11,23,12.4,180527,0,2
lyft,LYFT,2019-12,29,13.6,179859,0,2
lyft,LYFT,2020-01,21,10.8,188806,0,2
lyft,LYFT,2020-02,26,13.2,192923,0,2
lyft,LYFT,2020-03,13,6.0,185919,0,2
lyft,LYFT,2020-04,54,26.0,155933,0,2
lyft,LYFT,2020-05,20,9.2,185744,0,2
lyft,LYFT,2020-06,17,8.8,174419,0,2
lyft,LYFT,2020-07,20,10.4,193285,0,2
lyft,LYFT,2020-08,19,9.6,194846,0,2
lyft,LYFT,2020-09,12,6.2,205732,0,2
lyft,LYFT,2020-10,90,40.8,189637,0,2
lyft,LYFT,2020-11,75,33.6,172369,0,2
lyft,LYFT,2020-12,39,16.8,184879,0,2
lyft,LYFT,2021-01,60,24.0,184771,0,2
lyft,LYFT,2021-02,44,20.8,175276,0,2
lyft,LYFT,2021-03,46,19.2,184818,0,2
lyft,LYFT,2021-04,44,21.6,167624,0,2
lyft,LYFT,2021-05,13,7.2,163105,0,2
lyft,LYFT,2021-06,14,6.0,167220,0,2
lyft,LYFT,2021-07,15,6.8,180523,0,2
lyft,LYFT,2021-08,27,13.2,176888,0,2
lyft,LYFT,2021-09,15,6.8,183924,0,2
lyft,LYFT,2021-10,21,9.6,195748,0,2
lyft,LYFT,2021-11,20,9.6,177492,0,2
lyft,LYFT,2021-12,23,12.8,183244,0,2
lyft,LYFT,2022-01,18,9.6,198897,0,2
lyft,LYFT,2022-02,29,14.2,193638,0,2
lyft,LYFT,2022-03,19,8.4,178460,0,2
lyft,LYFT,2022-04,59,30.0,177062,0,2
lyft,LYFT,2022-05,24,12.0,169185,0,2
lyft,LYFT,2022-06,31,16.8,181904,0,2
lyft,LYFT,2022-07,21,10.0,192219,0,2
lyft,LYFT,2022-08,18,8.8,187929,0,2
lyft,LYFT,2022-09,11,5.6,195572,0,2
lyft,LYFT,2022-10,26,12.0,194471,0,2
lyft,LYFT,2022-11,54,23.2,180583,0,2
lyft,LYFT,2022-12,50,24.0,199324,0,2
lyft,LYFT,2023-01,3,1.6,166600,0,2
lyft,LYFT,2023-02,6,3.2,173986,0,2
lyft,LYFT,2023-03,7,3.6,138466,0,2
lyft,LYFT,2023-04,19,8.8,146221,0,2
lyft,LYFT,2023-05,6,3.6,146597,0,2
lyft,LYFT,2023-06,5,3.2,162157,0,2
lyft,LYFT,2023-07,10,4.6,133543,0,2
lyft,LYFT,2023-08,10,4.4,151200,0,2
lyft,LYFT,2023-09,4,2.0,166301,0,2
lyft,LYFT,2023-11,6,2.4,148917,0,2
lyft,LYFT,2023-12,3,1.2,151389,0,2
lyft,LYFT,2024-01,4,2.4,163500,0,2
lyft,LYFT,2024-02,5,2.4,144850,0,2
lyft,LYFT,2024-03,4,1.6,149695,0,2
lyft,LYFT,2024-04,27,14.2,150553,0,2
lyft,LYFT,2024-05,12,6.0,156065,0,2
lyft,LYFT,2024-06,9,4.4,135356,0,2
lyft,LYFT,2024-07,13,6.2,136592,0,2
lyft,LYFT,2024-08,10,4.8,149896,0,2
lyft,LYFT,2024-09,7,3.2,140258,0,2
lyft,LYFT,2024-10,8,3.6,147514,0,2
lyft,LYFT,2024-11,9,4.8,143472,0,2
lyft,LYFT,2024-12,11,6.2,147571,0,2
lyft,LYFT,2025-01,5,3.2,177186,0,2
lyft,LYFT,2025-02,4,2.0,161895,0,2
lyft,LYFT,2025-03,19,9.2,154224,0,2
lyft,LYFT,2025-04,19,8.4,140703,0,2
lyft,LYFT,2025-05,23,11.2,138695,0,2
lyft,LYFT,2025-06,16,8.8,158403,0,2
lyft,LYFT,2025-07,15,7.0,155520,0,2
lyft,LYFT,2025-08,5,2.4,159600,0,2
lyft,LYFT,2025-09,6,3.2,157166,0,2
lyft,LYFT,2025-11,10,5.0,134100,0,2
lyft,LYFT,2025-12,3,1.4,144666,0,2
meta,META,2009-10,4,1.6,110250,0,2
meta,META,2009-11,7,3.6,115428,0,2
meta,META,2009-12,9,3.8,110156,0,2
meta,META,2010-01,2,1.2,111875,0,2
meta,META,2010-02,7,3.2,127628,0,2
meta,META,2010-03,15,6.0,100158,0,2
meta,META,2010-04,14,6.0,111637,0,2
meta,META,2010-05,2,0.8,110000,0,2
meta,META,2010-06,12,4.8,110416,0,2
meta,META,2010-07,5,2.0,113400,0,2
meta,META,2010-08,16,6.4,109531,0,2
meta,META,2010-09,17,7.6,114792,0,2
meta,META,2010-10,9,3.8,114233,0,2
meta,META,2010-11,13,5.6,114825,0,2
meta,META,2010-12,15,6.0,111333,0,2
meta,META,2011-01,14,5.8,127500,0,2
meta,META,2011-02,10,5.0,112245,0,2
meta,META,2011-03,34,14.0,109941,0,2
meta,META,2011-04,19,7.6,112297,0,2
meta,META,2011-05,22,8.8,113325,0,2
meta,META,2011-06,16,6.8,117695,0,2
meta,META,2011-07,21,8.8,112224,0,2
meta,META,2011-08,8,3.6,122625,0,2
meta,META,2011-09,31,13.2,117866,0,2
meta,META,2011-10,20,8.4,117016,0,2
meta,META,2011-11,44,19.6,114148,0,2
meta,META,2011-12,9,3.8,127469,0,2
meta,META,2012-01,9,4.0,124307,0,2
meta,META,2012-02,8,4.0,137187,0,2
meta,META,2012-03,94,39.8,113920,0,2
meta,META,2012-04,56,23.6,115433,0,2
meta,META,2012-05,65,27.8,119124,0,2
meta,META,2012-06,34,13.8,124574,0,2
meta,META,2012-07,16,6.2,122941,0,2
meta,META,2012-08,28,13.6,130456,0,2
meta,META,2012-09,27,11.8,126591,0,2
meta,META,2012-10,16,6.4,123331,0,2
meta,META,2012-11,22,9.4,132287,0,2
meta,META,2012-12,9,4.4,137361,0,2
meta,META,2013-01,26,10.4,117619,0,2
meta,META,2013-02,139,56.8,113732,0,2
meta,META,2013-03,194,82.4,120627,0,2
meta,META,2013-04,31,14.4,130389,0,2
meta,META,2013-05,24,10.8,130222,0,2
meta,META,2013-06,28,13.2,134561,0,2
meta,META,2013-07,41,19.8,135531,0,2
meta,META,2013-08,37,17.6,143681,0,2
meta,META,2013-09,25,11.6,128691,0,2
meta,META,2013-10,5,2.0,129200,0,2
meta,META,2013-11,40,19.8,135923,0,2
meta,META,2013-12,21,8.8,128717,0,2
meta,META,2014-01,54,23.6,123659,0,2
meta,META,2014-02,90,39.6,123735,0,2
meta,META,2014-03,166,74.2,125959,0,2
meta,META,2014-04,65,28.4,143489,0,2
meta,META,2014-05,62,26.4,149754,0,2
meta,META,2014-06,66,30.0,137306,0,2
meta,META,2014-07,55,24.8,141046,0,2
meta,META,2014-08,43,20.6,143749,0,2
meta,META,2014-09,65,27.6,140106,0,2
meta,META,2014-10,60,25.6,0,0,2
meta,META,2014-11,47,20.4,0,0,2
meta,META,2014-12,48,21.2,0,0,2
meta,META,2015-01,59,26.0,0,0,2
meta,META,2015-02,122,52.6,0,0,2
meta,META,2015-03,160,82.0,0,0,2
meta,META,2015-04,113,50.8,0,0,2
meta,META,2015-05,97,43.0,0,0,2
meta,META,2015-06,109,49.2,0,0,2
meta,META,2015-07,88,40.0,0,0,2
meta,META,2015-08,61,29.8,0,0,2
meta,META,2015-09,53,25.6,0,0,2
meta,META,2015-10,50,21.6,147191,0,2
meta,META,2015-11,41,18.6,147541,0,2
meta,META,2015-12,106,45.2,132899,0,2
meta,META,2016-01,110,57.6,137450,0,2
meta,META,2016-02,111,55.2,140438,0,2
meta,META,2016-03,160,75.8,140270,0,2
meta,META,2016-04,115,55.2,156621,0,2
meta,META,2016-05,112,49.2,150031,0,2
meta,META,2016-06,93,40.2,149733,0,2
meta,META,2016-07,78,33.6,147495,0,2
meta,META,2016-08,106,46.6,152478,0,2
meta,META,2016-09,90,40.4,144692,0,2
meta,META,2016-10,65,31.2,154124,0,2
meta,META,2016-11,109,49.2,145893,0,2
meta,META,2016-12,126,56.4,145877,0,2
meta,META,2017-01,107,48.4,142887,0,2
meta,META,2017-02,197,90.6,142305,0,2
meta,META,2017-03,409,187.2,154971,0,2
meta,META,2017-04,128,60.0,155929,0,2
meta,META,2017-05,140,62.2,155394,0,2
meta,META,2017-06,129,58.2,153997,0,2
meta,META,2017-07,113,53.2,155917,0,2
meta,META,2017-08,149,69.2,151028,0,2
meta,META,2017-09,114,52.0,159531,0,2
meta,META,2017-10,141,64.6,158423,0,2
meta,META,2017-11,130,59.2,155962,0,2
meta,META,2017-12,179,80.0,149924,0,2
meta,META,2018-01,182,86.4,159313,0,2
meta,META,2018-02,469,223.4,145265,0,2
meta,META,2018-03,340,159.0,152945,0,2
meta,META,2018-04,255,123.2,165107,0,2
meta,META,2018-05,244,114.8,159054,0,2
meta,META,2018-06,197,92.8,161423,0,2
meta,META,2018-07,221,107.0,164392,0,2
meta,META,2018-08,248,118.2,162543,0,2
meta,META,2018-09,163,78.8,165560,0,2
meta,META,2018-10,208,100.2,165659,0,2
meta,META,2018-11,212,95.6,148469,0,2
meta,META,2018-12,255,115.0,166471,0,2
meta,META,2019-01,252,119.6,162055,0,2
meta,META,2019-02,419,206.0,149227,0,2
meta,META,2019-03,445,231.0,163116,0,2
meta,META,2019-04,314,150.0,174418,0,2
meta,META,2019-05,221,108.2,172984,0,2
meta,META,2019-06,220,107.0,172709,0,2
meta,META,2019-07,264,124.8,173727,0,2
meta,META,2019-08,185,93.0,177347,0,2
meta,META,2019-09,202,95.8,172191,0,2
meta,META,2019-10,343,163.8,171015,0,2
meta,META,2019-11,272,137.8,178046,0,2
meta,META,2019-12,442,204.4,165321,0,2
meta,META,2020-01,361,174.2,168027,0,2
meta,META,2020-02,604,293.6,162212,0,2
meta,META,2020-03,376,183.2,171157,0,2
meta,META,2020-04,396,189.8,175242,0,2
meta,META,2020-05,401,189.6,174013,0,2
meta,META,2020-06,366,172.8,175675,0,2
meta,META,2020-07,349,168.8,182140,0,2
meta,META,2020-08,420,205.2,177994,0,2
meta,META,2020-09,578,268.0,166885,0,2
meta,META,2020-10,704,345.4,182265,0,2
meta,META,2020-11,763,370.0,179097,0,2
meta,META,2020-12,1185,558.2,167673,0,2
meta,META,2021-01,1157,523.6,170112,0,2
meta,META,2021-02,1764,826.8,164663,0,2
meta,META,2021-03,1541,702.0,175245,0,2
meta,META,2021-04,544,272.6,184882,0,2
meta,META,2021-05,470,235.2,183056,0,2
meta,META,2021-06,439,212.4,181475,0,2
meta,META,2021-07,434,211.6,180588,0,2
meta,META,2021-08,537,253.2,173061,0,2
meta,META,2021-09,534,253.4,178014,0,2
meta,META,2021-10,500,246.2,182952,0,2
meta,META,2021-11,596,281.6,178760,0,2
meta,META,2021-12,628,281.8,177264,0,2
meta,META,2022-01,465,221.8,178324,0,2
meta,META,2022-02,578,275.0,182214,0,2
meta,META,2022-03,661,320.0,185217,0,2
meta,META,2022-04,838,405.2,181415,0,2
meta,META,2022-05,798,374.6,180027,0,2
meta,META,2022-06,527,266.2,195110,0,2
meta,META,2022-07,230,122.6,197996,0,2
meta,META,2022-08,340,177.8,196276,0,2
meta,META,2022-09,238,122.2,201912,0,2
meta,META,2022-10,519,266.8,195354,0,2
meta,META,2022-11,779,348.8,191613,0,2
meta,META,2022-12,853,384.0,195150,0,2
meta,META,2023-01,259,122.6,195156,0,2
meta,META,2023-02,219,108.8,193878,0,2
meta,META,2023-03,311,147.0,201711,0,2
meta,META,2023-04,443,206.2,198110,0,2
meta,META,2023-05,512,241.0,190471,0,2
meta,META,2023-06,193,95.2,214135,0,2
meta,META,2023-07,158,74.4,208615,0,2
meta,META,2023-08,487,224.4,190112,0,2
meta,META,2023-09,428,195.2,199501,0,2
meta,META,2023-10,239,109.6,203903,0,2
meta,META,2023-11,349,158.2,198260,0,2
meta,META,2023-12,448,196.4,205233,0,2
meta,META,2024-01,442,196.4,205950,0,2
meta,META,2024-02,440,194.0,201409,0,2
meta,META,2024-03,441,198.2,207068,0,2
meta,META,2024-04,777,348.4,197116,0,2
meta,META,2024-05,910,403.0,194304,0,2
meta,META,2024-06,505,221.4,196654,0,2
meta,META,2024-07,407,193.0,213853,0,2
meta,META,2024-08,553,255.2,213209,0,2
meta,META,2024-09,598,276.8,211458,0,2
meta,META,2024-10,548,258.6,213445,0,2
meta,META,2024-11,530,237.0,212635,0,2
meta,META,2024-12,589,265.8,210486,0,2
meta,META,2025-01,459,211.2,210390,0,2
meta,META,2025-02,342,160.2,208170,0,2
meta,META,2025-03,1012,445.0,200695,0,2
meta,META,2025-04,676,300.6,197213,0,2
meta,META,2025-05,1284,562.6,192294,0,2
meta,META,2025-06,286,133.2,210043,0,2
meta,META,2025-07,332,158.6,218731,0,2
meta,META,2025-08,258,129.0,223705,0,2
meta,META,2025-09,320,164.4,212946,0,2
meta,META,2025-11,489,225.0,229771,0,2
meta,META,2025-12,371,171.4,216085,0,2
micron,MU,2009-10,19,7.8,79588,0,2
micron,MU,2009-11,8,4.2,89912,0,2
micron,MU,2009-12,10,4.8,86455,0,2
micron,MU,2010-01,4,2.0,107625,0,2
micron,MU,2010-02,9,3.8,88750,0,2
micron,MU,2010-03,26,11.4,80041,0,2
micron,MU,2010-04,39,16.2,80440,0,2
micron,MU,2010-05,14,6.0,79711,0,2
micron,MU,2010-06,15,6.0,76919,0,2
micron,MU,2010-07,19,8.4,79453,0,2
micron,MU,2010-08,19,9.0,84743,0,2
micron,MU,2010-09,28,12.0,88306,0,2
micron,MU,2010-10,24,10.4,81392,0,2
micron,MU,2010-11,25,10.2,82381,0,2
micron,MU,2010-12,20,9.2,84759,0,2
micron,MU,2011-01,24,10.0,87240,0,2
micron,MU,2011-02,10,4.8,92262,0,2
micron,MU,2011-03,64,27.0,78746,0,2
micron,MU,2011-04,38,16.2,83682,0,2
micron,MU,2011-05,18,7.2,83327,0,2
micron,MU,2011-06,33,15.0,90241,0,2
micron,MU,2011-07,39,18.2,89207,0,2
micron,MU,2011-08,46,20.4,86980,0,2
micron,MU,2011-09,34,14.8,84488,0,2
micron,MU,2011-10,37,16.2,90769,0,2
micron,MU,2011-11,52,25.4,90525,0,2
micron,MU,2011-12,22,9.4,87026,0,2
micron,MU,2012-01,33,14.6,92287,0,2
micron,MU,2012-02,41,17.6,84540,0,2
micron,MU,2012-03,51,21.8,83092,0,2
micron,MU,2012-04,50,22.8,89526,0,2
micron,MU,2012-05,28,13.0,115430,0,2
micron,MU,2012-06,35,15.4,87361,0,2
micron,MU,2012-07,26,11.4,86284,0,2
micron,MU,2012-08,6,2.4,76600,0,2
micron,MU,2012-09,7,4.2,99537,0,2
micron,MU,2012-10,13,6.2,93957,0,2
micron,MU,2012-11,10,4.8,89243,0,2
micron,MU,2012-12,4,2.0,84275,0,2
micron,MU,2013-01,5,2.0,81524,0,2
micron,MU,2013-02,35,15.0,85472,0,2
micron,MU,2013-03,39,16.4,77640,0,2
micron,MU,2013-04,28,12.2,94049,0,2
micron,MU,2013-05,18,8.6,92071,0,2
micron,MU,2013-06,28,12.6,87211,0,2
micron,MU,2013-07,24,11.6,86880,0,2
micron,MU,2013-08,20,9.0,92348,0,2
micron,MU,2013-09,5,2.0,88994,0,2
micron,MU,2013-11,10,4.6,87909,0,2
micron,MU,2013-12,4,1.8,92000,0,2
micron,MU,2014-01,5,2.4,83218,0,2
micron,MU,2014-02,10,4.0,82503,0,2
micron,MU,2014-03,64,29.2,87654,0,2
micron,MU,2014-04,26,11.6,89170,0,2
micron,MU,2014-05,31,15.8,113482,0,2
micron,MU,2014-06,23,11.4,102914,0,2
micron,MU,2014-07,21,9.8,108002,0,2
micron,MU,2014-08,21,10.0,92463,0,2
micron,MU,2014-09,16,6.6,95707,0,2
micron,MU,2014-10,15,7.6,0,0,2
micron,MU,2014-11,10,4.4,0,0,2
micron,MU,2014-12,6,2.8,0,0,2
micron,MU,2015-01,6,2.8,0,0,2
micron,MU,2015-02,46,23.2,0,0,2
micron,MU,2015-03,64,28.0,0,0,2
micron,MU,2015-04,25,12.0,0,0,2
micron,MU,2015-05,16,6.6,0,0,2
micron,MU,2015-06,18,9.0,0,0,2
micron,MU,2015-07,43,20.0,0,0,2
micron,MU,2015-08,27,12.0,0,0,2
micron,MU,2015-09,7,4.0,0,0,2
micron,MU,2015-10,22,11.2,100517,0,2
micron,MU,2015-11,11,4.8,99681,0,2
micron,MU,2015-12,12,6.8,109425,0,2
micron,MU,2016-01,5,3.0,116165,0,2
micron,MU,2016-02,88,36.4,87639,0,2
micron,MU,2016-03,171,81.8,97306,0,2
micron,MU,2016-04,14,6.6,99241,0,2
micron,MU,2016-05,15,7.6,109544,0,2
micron,MU,2016-06,13,5.6,105936,0,2
micron,MU,2016-07,10,5.4,107482,0,2
micron,MU,2016-08,9,4.6,96854,0,2
micron,MU,2016-09,8,4.0,114350,0,2
micron,MU,2016-10,7,3.4,107184,0,2
micron,MU,2016-11,16,8.0,113395,0,2
micron,MU,2016-12,14,7.6,108628,0,2
micron,MU,2017-01,7,3.8,114682,0,2
micron,MU,2017-02,105,56.6,104392,0,2
micron,MU,2017-03,130,60.2,96299,0,2
micron,MU,2017-04,16,7.2,97219,0,2
micron,MU,2017-05,18,8.8,109706,0,2
micron,MU,2017-06,18,8.8,113977,0,2
micron,MU,2017-07,9,4.4,96073,0,2
micron,MU,2017-08,20,11.0,106366,0,2
micron,MU,2017-09,11,5.0,96552,0,2
micron,MU,2017-10,6,3.2,114210,0,2
micron,MU,2017-11,16,8.6,116506,0,2
micron,MU,2017-12,8,5.0,119191,0,2
micron,MU,2018-01,4,1.8,98867,0,2
micron,MU,2018-02,48,21.0,97698,0,2
micron,MU,2018-03,209,104.2,105118,0,2
micron,MU,2018-04,14,7.6,113316,0,2
micron,MU,2018-05,19,9.2,119444,0,2
micron,MU,2018-06,24,10.6,111846,0,2
micron,MU,2018-07,21,12.0,120701,0,2
micron,MU,2018-08,16,8.6,129420,0,2
micron,MU,2018-09,20,10.0,123848,0,2
micron,MU,2018-10,19,10.0,122813,0,2
micron,MU,2018-11,17,8.4,110318,0,2
micron,MU,2018-12,13,7.8,126601,0,2
micron,MU,2019-01,18,8.6,112121,0,2
micron,MU,2019-02,172,82.8,106036,0,2
micron,MU,2019-03,165,77.6,106311,0,2
micron,MU,2019-04,18,10.4,124783,0,2
micron,MU,2019-05,32,16.4,120746,0,2
micron,MU,2019-06,18,9.6,115539,0,2
micron,MU,2019-07,11,5.6,135865,0,2
micron,MU,2019-08,24,13.6,123121,0,2
micron,MU,2019-09,15,8.8,156318,0,2
micron,MU,2019-10,14,8.8,126842,0,2
micron,MU,2019-11,18,10.2,127555,0,2
micron,MU,2019-12,14,8.6,128395,0,2
micron,MU,2020-01,29,16.6,119626,0,2
micron,MU,2020-02,138,66.8,108840,0,2
micron,MU,2020-03,208,99.2,102018,0,2
micron,MU,2020-04,58,31.6,107949,0,2
micron,MU,2020-05,25,14.6,121201,0,2
micron,MU,2020-06,31,18.2,127546,0,2
micron,MU,2020-07,19,10.0,126917,0,2
micron,MU,2020-08,12,6.8,123230,0,2
micron,MU,2020-09,26,15.6,119690,0,2
micron,MU,2020-10,48,28.2,132706,0,2
micron,MU,2020-11,45,27.6,130966,0,2
micron,MU,2020-12,72,45.0,132747,0,2
micron,MU,2021-01,50,33.6,138760,0,2
micron,MU,2021-02,178,91.2,107764,0,2
micron,MU,2021-03,474,222.4,102077,0,2
micron,MU,2021-04,65,34.8,117468,0,2
micron,MU,2021-05,35,17.4,116109,0,2
micron,MU,2021-06,45,26.4,125737,0,2
micron,MU,2021-07,20,12.2,138071,0,2
micron,MU,2021-08,22,12.6,133409,0,2
micron,MU,2021-09,20,12.8,126050,0,2
micron,MU,2021-10,23,15.4,142426,0,2
micron,MU,2021-11,20,11.4,122238,0,2
micron,MU,2021-12,16,9.6,131384,0,2
micron,MU,2022-01,12,6.0,134744,0,2
micron,MU,2022-02,31,13.8,111068,0,2
micron,MU,2022-03,189,98.4,121361,0,2
micron,MU,2022-04,172,85.2,112005,0,2
micron,MU,2022-05,69,37.6,123383,0,2
micron,MU,2022-06,48,28.6,131327,0,2
micron,MU,2022-07,39,24.0,140130,0,2
micron,MU,2022-08,24,12.6,125244,0,2
micron,MU,2022-09,23,12.4,120521,0,2
micron,MU,2022-10,36,22.8,146785,0,2
micron,MU,2022-11,18,9.6,140805,0,2
micron,MU,2022-12,12,7.6,165673,0,2
micron,MU,2023-01,5,3.0,137620,0,2
micron,MU,2023-02,34,18.4,115427,0,2
micron,MU,2023-03,35,19.6,113928,0,2
micron,MU,2023-04,53,28.0,113845,0,2
micron,MU,2023-05,56,25.8,117369,0,2
micron,MU,2023-06,20,12.4,125000,0,2
micron,MU,2023-07,13,7.8,140158,0,2
micron,MU,2023-08,20,11.4,140884,0,2
micron,MU,2023-09,48,23.4,111534,0,2
micron,MU,2023-10,8,5.0,133572,0,2
micron,MU,2023-11,26,16.8,149523,0,2
micron,MU,2023-12,10,5.4,149460,0,2
micron,MU,2024-01,14,8.0,141005,0,2
micron,MU,2024-02,20,14.8,149006,0,2
micron,MU,2024-03,70,39.6,127763,0,2
micron,MU,2024-04,56,31.4,119967,0,2
micron,MU,2024-05,110,58.2,123519,0,2
micron,MU,2024-06,65,35.6,125967,0,2
micron,MU,2024-07,29,17.6,134616,0,2
micron,MU,2024-08,25,16.4,164636,0,2
micron,MU,2024-09,34,21.0,139489,0,2
micron,MU,2024-10,33,19.0,138798,0,2
micron,MU,2024-11,27,15.6,150992,0,2
micron,MU,2024-12,37,22.8,147567,0,2
micron,MU,2025-01,37,22.2,157611,0,2
micron,MU,2025-02,51,28.6,130917,0,2
micron,MU,2025-03,41,23.8,146087,0,2
micron,MU,2025-04,49,27.0,132727,0,2
micron,MU,2025-05,172,81.0,121566,0,2
micron,MU,2025-06,107,56.4,121138,0,2
micron,MU,2025-07,40,23.2,140951,0,2
micron,MU,2025-08,21,14.8,173929,0,2
micron,MU,2025-09,32,18.6,147256,0,2
micron,MU,2025-11,17,11.4,143977,0,2
micron,MU,2025-12,19,13.0,153422,0,2
microsoft,MSFT,2009-10,192,104.6,97790,0,2
microsoft,MSFT,2009-11,1376,700.4,96639,0,2
microsoft,MSFT,2009-12,238,121.0,93288,0,2
microsoft,MSFT,2010-01,153,78.0,97054,0,2
microsoft,MSFT,2010-02,170,92.6,99705,0,2
microsoft,MSFT,2010-03,616,313.2,96810,0,2
microsoft,MSFT,2010-04,380,185.2,92162,0,2
microsoft,MSFT,2010-05,309,161.2,96417,0,2
microsoft,MSFT,2010-06,337,171.0,97640,0,2
microsoft,MSFT,2010-07,276,141.4,97287,0,2
microsoft,MSFT,2010-08,174,88.2,100138,0,2
microsoft,MSFT,2010-09,213,109.2,98879,0,2
microsoft,MSFT,2010-10,195,95.6,97640,0,2
microsoft,MSFT,2010-11,295,146.6,95189,0,2
microsoft,MSFT,2010-12,302,150.2,95400,0,2
microsoft,MSFT,2011-01,439,224.8,96353,0,2
microsoft,MSFT,2011-02,216,111.0,95996,0,2
microsoft,MSFT,2011-03,440,222.8,94381,0,2
microsoft,MSFT,2011-04,392,189.0,92703,0,2
microsoft,MSFT,2011-05,380,187.8,95530,0,2
microsoft,MSFT,2011-06,581,285.6,96295,0,2
microsoft,MSFT,2011-07,300,148.2,98025,0,2
microsoft,MSFT,2011-08,297,145.8,103354,0,2
microsoft,MSFT,2011-09,265,138.2,109760,0,2
microsoft,MSFT,2011-10,321,162.4,110496,0,2
microsoft,MSFT,2011-11,451,223.2,108684,0,2
microsoft,MSFT,2011-12,189,102.4,113538,0,2
microsoft,MSFT,2012-01,321,165.4,104998,0,2
microsoft,MSFT,2012-02,298,141.8,104066,0,2
microsoft,MSFT,2012-03,624,301.0,106019,0,2
microsoft,MSFT,2012-04,536,268.2,111360,0,2
microsoft,MSFT,2012-05,338,176.8,111904,0,2
microsoft,MSFT,2012-06,307,162.8,111296,0,2
microsoft,MSFT,2012-07,197,105.0,113980,0,2
microsoft,MSFT,2012-08,218,111.2,109895,0,2
microsoft,MSFT,2012-09,208,103.6,112646,0,2
microsoft,MSFT,2012-10,326,173.0,111422,0,2
microsoft,MSFT,2012-11,306,159.2,116014,0,2
microsoft,MSFT,2012-12,174,88.0,115902,0,2
microsoft,MSFT,2013-01,322,161.8,113122,0,2
microsoft,MSFT,2013-02,415,217.6,112508,0,2
microsoft,MSFT,2013-03,479,238.8,113632,0,2
microsoft,MSFT,2013-04,441,217.2,110677,0,2
microsoft,MSFT,2013-05,312,154.6,111906,0,2
microsoft,MSFT,2013-06,270,131.6,112310,0,2
microsoft,MSFT,2013-07,323,157.4,113156,0,2
microsoft,MSFT,2013-08,224,104.8,113117,0,2
microsoft,MSFT,2013-09,223,111.8,117009,0,2
microsoft,MSFT,2013-10,56,29.4,122589,0,2
microsoft,MSFT,2013-11,284,142.0,115496,0,2
microsoft,MSFT,2013-12,253,123.8,120121,0,2
microsoft,MSFT,2014-01,362,191.0,116716,0,2
microsoft,MSFT,2014-02,478,244.0,112656,0,2
microsoft,MSFT,2014-03,430,218.8,117509,0,2
microsoft,MSFT,2014-04,420,201.2,111005,0,2
microsoft,MSFT,2014-05,343,170.0,117289,0,2
microsoft,MSFT,2014-06,269,133.6,117086,0,2
microsoft,MSFT,2014-07,164,82.2,120501,0,2
microsoft,MSFT,2014-08,255,129.8,119058,0,2
microsoft,MSFT,2014-09,360,186.0,118598,0,2
microsoft,MSFT,2014-10,323,163.6,0,0,2
microsoft,MSFT,2014-11,317,171.4,0,0,2
microsoft,MSFT,2014-12,528,265.8,0,0,2
microsoft,MSFT,2015-01,429,218.8,0,0,2
microsoft,MSFT,2015-02,557,283.4,0,0,2
microsoft,MSFT,2015-03,753,388.2,0,0,2
microsoft,MSFT,2015-04,489,243.0,0,0,2
microsoft,MSFT,2015-05,256,131.6,0,0,2
microsoft,MSFT,2015-06,184,96.6,0,0,2
microsoft,MSFT,2015-07,232,113.6,0,0,2
microsoft,MSFT,2015-08,220,112.0,0,0,2
microsoft,MSFT,2015-09,228,118.4,0,0,2
microsoft,MSFT,2015-10,561,289.0,131504,0,2
microsoft,MSFT,2015-11,353,191.0,127527,0,2
microsoft,MSFT,2015-12,405,203.2,123699,0,2
microsoft,MSFT,2016-01,660,343.0,125730,0,2
microsoft,MSFT,2016-02,495,263.8,129349,0,2
microsoft,MSFT,2016-03,527,284.0,129268,0,2
microsoft,MSFT,2016-04,530,261.6,129418,0,2
microsoft,MSFT,2016-05,262,135.2,133364,0,2
microsoft,MSFT,2016-06,310,160.2,128194,0,2
microsoft,MSFT,2016-07,218,112.2,130327,0,2
microsoft,MSFT,2016-08,302,147.2,120281,0,2
microsoft,MSFT,2016-09,374,205.0,136563,0,2
microsoft,MSFT,2016-10,558,308.0,133703,0,2
microsoft,MSFT,2016-11,446,236.8,129433,0,2
microsoft,MSFT,2016-12,534,283.0,135108,0,2
microsoft,MSFT,2017-01,454,244.2,133482,0,2
microsoft,MSFT,2017-02,513,263.6,130506,0,2
microsoft,MSFT,2017-03,565,289.4,129352,0,2
microsoft,MSFT,2017-04,422,217.0,134267,0,2
microsoft,MSFT,2017-05,229,112.8,131738,0,2
microsoft,MSFT,2017-06,300,153.8,135525,0,2
microsoft,MSFT,2017-07,205,102.8,134472,0,2
microsoft,MSFT,2017-08,361,187.8,128685,0,2
microsoft,MSFT,2017-09,361,198.6,140083,0,2
microsoft,MSFT,2017-10,383,218.6,140932,0,2
microsoft,MSFT,2017-11,712,396.4,140439,0,2
microsoft,MSFT,2017-12,380,194.2,133968,0,2
microsoft,MSFT,2018-01,819,449.2,139130,0,2
microsoft,MSFT,2018-02,649,348.8,137107,0,2
microsoft,MSFT,2018-03,437,231.8,135752,0,2
microsoft,MSFT,2018-04,265,143.2,139439,0,2
microsoft,MSFT,2018-05,303,163.6,139659,0,2
microsoft,MSFT,2018-06,330,175.4,140959,0,2
microsoft,MSFT,2018-07,285,149.2,136683,0,2
microsoft,MSFT,2018-08,390,200.6,139983,0,2
microsoft,MSFT,2018-09,602,320.6,135492,0,2
microsoft,MSFT,2018-10,595,332.8,142705,0,2
microsoft,MSFT,2018-11,570,301.0,142282,0,2
microsoft,MSFT,2018-12,933,459.8,144715,0,2
microsoft,MSFT,2019-01,357,179.0,140472,0,2
microsoft,MSFT,2019-02,270,132.6,133961,0,2
microsoft,MSFT,2019-03,337,163.2,134600,0,2
microsoft,MSFT,2019-04,571,276.4,147043,0,2
microsoft,MSFT,2019-05,552,264.2,142611,0,2
microsoft,MSFT,2019-06,512,232.2,138848,0,2
microsoft,MSFT,2019-07,454,216.0,143762,0,2
microsoft,MSFT,2019-08,369,176.2,147022,0,2
microsoft,MSFT,2019-09,522,249.4,132596,0,2
microsoft,MSFT,2019-10,844,405.0,145825,0,2
microsoft,MSFT,2019-11,751,373.6,143314,0,2
microsoft,MSFT,2019-12,595,292.8,145639,0,2
microsoft,MSFT,2020-01,513,247.8,143375,0,2
microsoft,MSFT,2020-02,638,316.8,146744,0,2
microsoft,MSFT,2020-03,793,383.4,143793,0,2
microsoft,MSFT,2020-04,1066,492.4,144866,0,2
microsoft,MSFT,2020-05,629,295.0,141300,0,2
microsoft,MSFT,2020-06,715,335.8,143320,0,2
microsoft,MSFT,2020-07,628,315.0,149820,0,2
microsoft,MSFT,2020-08,342,168.6,149538,0,2
microsoft,MSFT,2020-09,490,242.2,150357,0,2
microsoft,MSFT,2020-10,1152,566.4,145101,0,2
microsoft,MSFT,2020-11,468,240.0,144930,0,2
microsoft,MSFT,2020-12,1452,700.8,129345,0,2
microsoft,MSFT,2021-01,1652,802.0,133292,0,2
microsoft,MSFT,2021-02,1836,910.0,150648,0,2
microsoft,MSFT,2021-03,1284,643.6,147452,0,2
microsoft,MSFT,2021-04,631,296.6,143736,0,2
microsoft,MSFT,2021-05,730,344.0,145538,0,2
microsoft,MSFT,2021-06,720,347.8,146509,0,2
microsoft,MSFT,2021-07,522,269.0,151594,0,2
microsoft,MSFT,2021-08,635,322.2,154558,0,2
microsoft,MSFT,2021-09,681,334.6,153243,0,2
microsoft,MSFT,2021-10,901,434.8,157985,0,2
microsoft,MSFT,2021-11,589,287.8,153987,0,2
microsoft,MSFT,2021-12,664,329.0,151725,0,2
microsoft,MSFT,2022-01,634,304.0,141358,0,2
microsoft,MSFT,2022-02,1325,634.8,147285,0,2
microsoft,MSFT,2022-03,1882,897.8,147063,0,2
microsoft,MSFT,2022-04,1174,581.8,152326,0,2
microsoft,MSFT,2022-05,1086,518.8,151239,0,2
microsoft,MSFT,2022-06,1166,550.0,151263,0,2
microsoft,MSFT,2022-07,859,422.8,156098,0,2
microsoft,MSFT,2022-08,701,344.4,158456,0,2
microsoft,MSFT,2022-09,566,268.6,165534,0,2
microsoft,MSFT,2022-10,1250,577.6,165913,0,2
microsoft,MSFT,2022-11,1204,554.4,171220,0,2
microsoft,MSFT,2022-12,1130,520.8,169827,0,2
microsoft,MSFT,2023-01,611,285.2,170359,0,2
microsoft,MSFT,2023-02,420,184.4,165331,0,2
microsoft,MSFT,2023-03,843,377.6,168853,0,2
microsoft,MSFT,2023-04,857,399.0,159489,0,2
microsoft,MSFT,2023-05,751,327.8,158417,0,2
microsoft,MSFT,2023-06,633,281.4,163632,0,2
microsoft,MSFT,2023-07,529,251.4,161879,0,2
microsoft,MSFT,2023-08,884,406.8,163357,0,2
microsoft,MSFT,2023-09,499,233.0,163363,0,2
microsoft,MSFT,2023-10,564,259.8,165243,0,2
microsoft,MSFT,2023-11,508,229.4,164538,0,2
microsoft,MSFT,2023-12,506,229.6,163959,0,2
microsoft,MSFT,2024-01,590,270.6,170511,0,2
microsoft,MSFT,2024-02,699,318.6,165579,0,2
microsoft,MSFT,2024-03,647,284.0,164764,0,2
microsoft,MSFT,2024-04,1195,493.0,158252,0,2
microsoft,MSFT,2024-05,953,381.2,162591,0,2
microsoft,MSFT,2024-06,987,394.8,162344,0,2
microsoft,MSFT,2024-07,951,380.4,163836,0,2
microsoft,MSFT,2024-08,883,353.2,167618,0,2
microsoft,MSFT,2024-09,1008,403.6,172024,0,2
microsoft,MSFT,2024-10,999,399.6,172502,0,2
microsoft,MSFT,2024-11,786,314.8,170584,0,2
microsoft,MSFT,2024-12,784,314.0,168954,0,2
microsoft,MSFT,2025-01,814,325.6,170891,0,2
microsoft,MSFT,2025-02,650,260.0,173267,0,2
microsoft,MSFT,2025-03,729,291.6,173510,0,2
microsoft,MSFT,2025-04,1088,436.0,171901,0,2
microsoft,MSFT,2025-05,899,360.0,171191,0,2
microsoft,MSFT,2025-06,728,291.8,165761,0,2
microsoft,MSFT,2025-07,575,230.0,174270,0,2
microsoft,MSFT,2025-08,579,231.6,177576,0,2
microsoft,MSFT,2025-09,730,292.0,174583,0,2
microsoft,MSFT,2025-11,830,332.0,183178,0,2
microsoft,MSFT,2025-12,508,203.6,185149,0,2
mongodb,MDB,2013-09,2,1.2,113589,0,2
mongodb,MDB,2014-01,1,0.6,100000,0,2
mongodb,MDB,2014-03,3,1.6,96571,0,2
mongodb,MDB,2014-05,3,1.6,130526,0,2
mongodb,MDB,2014-07,2,1.2,108763,0,2
mongodb,MDB,2014-09,1,0.4,131269,0,2
mongodb,MDB,2015-01,1,0.8,0,0,2
mongodb,MDB,2015-04,4,2.2,0,0,2
mongodb,MDB,2015-06,2,0.8,0,0,2
mongodb,MDB,2015-08,4,2.0,0,0,2
mongodb,MDB,2015-10,3,2.4,150000,0,2
mongodb,MDB,2015-12,2,1.0,150000,0,2
mongodb,MDB,2016-01,1,0.6,130000,0,2
mongodb,MDB,2016-03,2,0.8,167500,0,2
mongodb,MDB,2016-04,3,1.2,113266,0,2
mongodb,MDB,2016-05,2,1.0,113997,0,2
mongodb,MDB,2016-07,2,1.0,130702,0,2
mongodb,MDB,2016-09,4,1.6,123589,0,2
mongodb,MDB,2016-10,1,0.4,155000,0,2
mongodb,MDB,2016-11,1,0.4,130000,0,2
mongodb,MDB,2017-03,9,4.6,119131,0,2
mongodb,MDB,2017-05,1,0.4,115000,0,2
mongodb,MDB,2017-08,2,1.4,118092,0,2
mongodb,MDB,2017-09,4,2.4,139552,0,2
mongodb,MDB,2017-11,1,0.4,78104,0,2
mongodb,MDB,2018-01,3,1.6,114404,0,2
mongodb,MDB,2018-03,4,2.0,116271,0,2
mongodb,MDB,2018-04,2,1.2,182917,0,2
mongodb,MDB,2018-05,3,1.8,127742,0,2
mongodb,MDB,2018-06,4,2.6,137494,0,2
mongodb,MDB,2018-07,1,0.6,177000,0,2
mongodb,MDB,2018-08,2,1.6,116718,0,2
mongodb,MDB,2018-09,1,0.6,152500,0,2
mongodb,MDB,2018-11,2,1.2,184750,0,2
mongodb,MDB,2018-12,1,0.4,165000,0,2
mongodb,MDB,2019-01,2,0.8,143500,0,2
mongodb,MDB,2019-02,4,2.0,147484,0,2
mongodb,MDB,2019-03,12,5.8,113949,0,2
mongodb,MDB,2019-04,2,1.4,128242,0,2
mongodb,MDB,2019-05,3,2.2,102308,0,2
mongodb,MDB,2019-06,3,1.6,126804,0,2
mongodb,MDB,2019-07,1,0.6,96366,0,2
mongodb,MDB,2019-08,2,1.2,141516,0,2
mongodb,MDB,2019-09,3,1.6,130144,0,2
mongodb,MDB,2019-10,4,2.8,132893,0,2
mongodb,MDB,2019-11,9,5.8,127691,0,2
mongodb,MDB,2020-01,4,2.2,119934,0,2
mongodb,MDB,2020-02,3,2.0,138442,0,2
mongodb,MDB,2020-03,3,2.2,159931,0,2
mongodb,MDB,2020-04,5,2.6,135871,0,2
mongodb,MDB,2020-05,2,1.0,141648,0,2
mongodb,MDB,2020-06,2,1.0,160000,0,2
mongodb,MDB,2020-08,2,1.0,157404,0,2
mongodb,MDB,2020-09,2,0.8,107141,0,2
mongodb,MDB,2020-10,6,3.6,146609,0,2
mongodb,MDB,2020-11,9,6.6,160000,0,2
mongodb,MDB,2020-12,9,4.2,146557,0,2
mongodb,MDB,2021-01,8,5.6,171250,0,2
mongodb,MDB,2021-02,8,3.6,172500,0,2
mongodb,MDB,2021-03,20,10.0,150130,0,2
mongodb,MDB,2021-04,11,5.8,139193,0,2
mongodb,MDB,2021-05,10,6.0,156326,0,2
mongodb,MDB,2021-06,1,0.4,135000,0,2
mongodb,MDB,2021-07,2,1.4,169000,0,2
mongodb,MDB,2021-08,5,2.4,148334,0,2
mongodb,MDB,2021-09,7,4.4,173428,0,2
mongodb,MDB,2021-10,8,5.2,166187,0,2
mongodb,MDB,2021-11,8,4.6,171146,0,2
mongodb,MDB,2021-12,3,1.4,135369,0,2
mongodb,MDB,2022-01,6,2.8,158166,0,2
mongodb,MDB,2022-02,3,1.8,143075,0,2
mongodb,MDB,2022-03,13,7.0,172076,0,2
mongodb,MDB,2022-04,14,6.2,132715,0,2
mongodb,MDB,2022-05,12,8.0,172606,0,2
mongodb,MDB,2022-06,8,4.4,161611,0,2
mongodb,MDB,2022-07,9,6.4,174651,0,2
mongodb,MDB,2022-08,8,5.6,176310,0,2
mongodb,MDB,2022-09,3,1.6,174333,0,2
mongodb,MDB,2022-10,16,11.6,207016,0,2
mongodb,MDB,2022-11,20,12.0,167633,0,2
mongodb,MDB,2022-12,12,8.4,214962,0,2
mongodb,MDB,2023-01,3,2.2,231666,0,2
mongodb,MDB,2023-02,31,14.6,141479,0,2
mongodb,MDB,2023-03,35,17.4,147598,0,2
mongodb,MDB,2023-04,10,5.8,175268,0,2
mongodb,MDB,2023-05,4,2.2,151259,0,2
mongodb,MDB,2023-06,13,7.6,163823,0,2
mongodb,MDB,2023-07,4,2.8,188824,0,2
mongodb,MDB,2023-08,6,3.8,199704,0,2
mongodb,MDB,2023-09,8,4.0,178082,0,2
mongodb,MDB,2023-10,5,3.4,191580,0,2
mongodb,MDB,2023-11,6,4.2,185305,0,2
mongodb,MDB,2023-12,6,4.0,184587,0,2
mongodb,MDB,2024-01,4,2.8,184375,0,2
mongodb,MDB,2024-02,13,6.0,157251,0,2
mongodb,MDB,2024-03,48,26.6,155749,0,2
mongodb,MDB,2024-04,30,16.6,161243,0,2
mongodb,MDB,2024-05,8,5.0,165318,0,2
mongodb,MDB,2024-06,3,1.4,172819,0,2
mongodb,MDB,2024-07,9,4.6,171157,0,2
mongodb,MDB,2024-08,7,4.8,171901,0,2
mongodb,MDB,2024-09,16,10.8,188206,0,2
mongodb,MDB,2024-10,6,4.0,166042,0,2
mongodb,MDB,2024-11,5,3.6,240824,0,2
mongodb,MDB,2024-12,4,2.6,194015,0,2
mongodb,MDB,2025-01,7,5.4,200162,0,2
mongodb,MDB,2025-02,5,3.6,190563,0,2
mongodb,MDB,2025-03,30,17.8,190881,0,2
mongodb,MDB,2025-04,31,19.0,171181,0,2
mongodb,MDB,2025-05,12,7.8,194781,0,2
mongodb,MDB,2025-06,15,8.6,187804,0,2
mongodb,MDB,2025-07,8,6.4,221206,0,2
mongodb,MDB,2025-08,10,6.4,218366,0,2
mongodb,MDB,2025-09,27,15.4,182247,0,2
mongodb,MDB,2025-11,12,8.6,202921,0,2
mongodb,MDB,2025-12,3,1.8,162593,0,2
netflix,NFLX,2009-11,1,0.6,135000,0,2
netflix,NFLX,2009-12,2,1.4,180000,0,2
netflix,NFLX,2010-02,1,0.8,93204,0,2
netflix,NFLX,2010-03,4,2.6,157500,0,2
netflix,NFLX,2010-04,1,0.6,165000,0,2
netflix,NFLX,2010-05,3,1.6,133333,0,2
netflix,NFLX,2010-07,3,1.8,170040,0,2
netflix,NFLX,2010-08,1,0.6,137500,0,2
netflix,NFLX,2010-10,1,0.4,120120,0,2
netflix,NFLX,2010-12,1,0.4,66643,0,2
netflix,NFLX,2011-01,3,1.8,156666,0,2
netflix,NFLX,2011-02,2,1.4,165000,0,2
netflix,NFLX,2011-03,1,0.6,165000,0,2
netflix,NFLX,2011-04,2,1.2,148259,0,2
netflix,NFLX,2011-06,5,3.2,152351,0,2
netflix,NFLX,2011-07,3,1.4,130000,0,2
netflix,NFLX,2011-08,2,1.2,115061,0,2
netflix,NFLX,2011-09,7,4.2,132520,0,2
netflix,NFLX,2011-10,4,2.4,168282,0,2
netflix,NFLX,2011-11,4,2.2,135161,0,2
netflix,NFLX,2011-12,3,1.4,125713,0,2
netflix,NFLX,2012-01,2,1.6,133078,0,2
netflix,NFLX,2012-02,1,0.6,133078,0,2
netflix,NFLX,2012-03,3,1.6,133078,0,2
netflix,NFLX,2012-05,7,4.4,124208,0,2
netflix,NFLX,2012-06,4,3.2,138548,0,2
netflix,NFLX,2012-07,4,2.2,122006,0,2
netflix,NFLX,2012-08,7,4.2,135957,0,2
netflix,NFLX,2012-09,2,1.2,134378,0,2
netflix,NFLX,2012-10,3,1.6,126242,0,2
netflix,NFLX,2012-11,3,1.8,118289,0,2
netflix,NFLX,2012-12,1,0.6,140000,0,2
netflix,NFLX,2013-01,7,4.6,178905,0,2
netflix,NFLX,2013-02,4,2.6,127488,0,2
netflix,NFLX,2013-03,11,6.0,124947,0,2
netflix,NFLX,2013-04,9,5.2,170132,0,2
netflix,NFLX,2013-05,4,2.4,150150,0,2
netflix,NFLX,2013-06,5,3.4,188656,0,2
netflix,NFLX,2013-07,13,8.2,166114,0,2
netflix,NFLX,2013-08,10,6.0,138310,0,2
netflix,NFLX,2013-09,14,8.8,148424,0,2
netflix,NFLX,2013-10,2,1.4,176421,0,2
netflix,NFLX,2013-11,9,5.4,155022,0,2
netflix,NFLX,2013-12,1,0.6,220000,0,2
netflix,NFLX,2014-01,7,4.0,164969,0,2
netflix,NFLX,2014-02,15,9.6,218680,0,2
netflix,NFLX,2014-03,13,8.4,224230,0,2
netflix,NFLX,2014-04,10,7.0,234000,0,2
netflix,NFLX,2014-05,3,2.2,258333,0,2
netflix,NFLX,2014-06,2,1.4,410000,0,2
netflix,NFLX,2014-07,9,5.0,199704,0,2
netflix,NFLX,2014-08,7,4.2,226457,0,2
netflix,NFLX,2014-09,8,4.8,233472,0,2
netflix,NFLX,2014-10,7,4.2,0,0,2
netflix,NFLX,2014-11,7,4.0,0,0,2
netflix,NFLX,2014-12,6,3.6,0,0,2
netflix,NFLX,2015-01,30,16.8,0,0,2
netflix,NFLX,2015-02,16,10.0,0,0,2
netflix,NFLX,2015-03,19,10.8,0,0,2
netflix,NFLX,2015-04,16,9.6,0,0,2
netflix,NFLX,2015-05,10,6.0,0,0,2
netflix,NFLX,2015-06,16,9.8,0,0,2
netflix,NFLX,2015-07,8,4.8,0,0,2
netflix,NFLX,2015-08,17,10.6,0,0,2
netflix,NFLX,2015-09,17,10.4,0,0,2
netflix,NFLX,2015-10,9,5.8,153550,0,2
netflix,NFLX,2015-11,12,7.0,160544,0,2
netflix,NFLX,2015-12,24,14.8,151718,0,2
netflix,NFLX,2016-01,12,7.6,175737,0,2
netflix,NFLX,2016-02,16,10.2,167051,0,2
netflix,NFLX,2016-03,24,14.8,153457,0,2
netflix,NFLX,2016-04,15,9.2,158827,0,2
netflix,NFLX,2016-05,12,6.6,168548,0,2
netflix,NFLX,2016-06,7,4.2,152089,0,2
netflix,NFLX,2016-07,13,7.6,160843,0,2
netflix,NFLX,2016-08,29,18.2,141003,0,2
netflix,NFLX,2016-09,10,6.2,161657,0,2
netflix,NFLX,2016-10,6,3.6,160513,0,2
netflix,NFLX,2016-11,10,6.0,145350,0,2
netflix,NFLX,2016-12,6,3.6,169749,0,2
netflix,NFLX,2017-01,16,9.8,167781,0,2
netflix,NFLX,2017-02,15,9.2,156188,0,2
netflix,NFLX,2017-03,21,14.0,166881,0,2
netflix,NFLX,2017-04,10,6.2,157339,0,2
netflix,NFLX,2017-05,8,5.2,152055,0,2
netflix,NFLX,2017-06,9,5.8,172769,0,2
netflix,NFLX,2017-07,10,6.8,165064,0,2
netflix,NFLX,2017-08,14,8.6,147963,0,2
netflix,NFLX,2017-09,8,5.2,151655,0,2
netflix,NFLX,2017-10,14,8.4,161345,0,2
netflix,NFLX,2017-11,10,6.0,145429,0,2
netflix,NFLX,2017-12,12,7.6,164671,0,2
netflix,NFLX,2018-01,12,7.6,159792,0,2
netflix,NFLX,2018-02,14,8.4,170277,0,2
netflix,NFLX,2018-03,43,26.4,142081,0,2
netflix,NFLX,2018-04,36,22.2,157499,0,2
netflix,NFLX,2018-05,29,18.6,161531,0,2
netflix,NFLX,2018-06,20,12.6,162696,0,2
netflix,NFLX,2018-07,18,11.6,157274,0,2
netflix,NFLX,2018-08,26,15.0,155594,0,2
netflix,NFLX,2018-09,20,12.4,166406,0,2
netflix,NFLX,2018-10,13,8.0,160046,0,2
netflix,NFLX,2018-11,15,9.4,164565,0,2
netflix,NFLX,2018-12,21,12.8,157088,0,2
netflix,NFLX,2019-01,9,5.2,160633,0,2
netflix,NFLX,2019-02,31,18.4,149722,0,2
netflix,NFLX,2019-03,44,24.0,147660,0,2
netflix,NFLX,2019-04,19,10.6,148297,0,2
netflix,NFLX,2019-05,15,9.2,169168,0,2
netflix,NFLX,2019-06,17,10.2,169795,0,2
netflix,NFLX,2019-07,13,8.6,164496,0,2
netflix,NFLX,2019-08,17,9.6,155366,0,2
netflix,NFLX,2019-09,12,7.4,204309,0,2
netflix,NFLX,2019-10,10,5.8,262306,0,2
netflix,NFLX,2019-11,34,19.8,382937,0,2
netflix,NFLX,2019-12,30,19.2,423539,0,2
netflix,NFLX,2020-01,11,6.6,345454,0,2
netflix,NFLX,2020-02,11,7.4,417272,0,2
netflix,NFLX,2020-03,30,18.8,369000,0,2
netflix,NFLX,2020-04,31,19.0,333064,0,2
netflix,NFLX,2020-05,20,12.0,418450,0,2
netflix,NFLX,2020-06,21,12.8,409900,0,2
netflix,NFLX,2020-07,19,12.0,486578,0,2
netflix,NFLX,2020-08,16,9.4,445000,0,2
netflix,NFLX,2020-09,23,13.6,398333,0,2
netflix,NFLX,2020-10,52,34.2,425000,0,2
netflix,NFLX,2020-11,45,29.4,468000,0,2
netflix,NFLX,2020-12,96,60.0,441020,0,2
netflix,NFLX,2021-01,41,25.4,177420,0,2
netflix,NFLX,2021-02,41,23.8,169823,0,2
netflix,NFLX,2021-03,129,81.0,173564,0,2
netflix,NFLX,2021-04,20,12.4,165164,0,2
netflix,NFLX,2021-05,20,12.6,144684,0,2
netflix,NFLX,2021-06,25,16.8,256938,0,2
netflix,NFLX,2021-07,26,15.0,166375,0,2
netflix,NFLX,2021-08,26,15.6,205997,0,2
netflix,NFLX,2021-09,21,13.4,188999,0,2
netflix,NFLX,2021-10,20,12.2,225573,0,2
netflix,NFLX,2021-11,33,20.4,175996,0,2
netflix,NFLX,2021-12,27,17.0,193625,0,2
netflix,NFLX,2022-01,23,14.2,195154,0,2
netflix,NFLX,2022-02,21,13.4,197846,0,2
netflix,NFLX,2022-03,77,45.4,178293,0,2
netflix,NFLX,2022-04,36,21.8,165690,0,2
netflix,NFLX,2022-05,12,7.2,191306,0,2
netflix,NFLX,2022-06,23,13.8,181367,0,2
netflix,NFLX,2022-07,17,10.4,177105,0,2
netflix,NFLX,2022-08,11,7.0,177803,0,2
netflix,NFLX,2022-09,9,4.4,191757,0,2
netflix,NFLX,2022-10,22,9.6,190210,0,2
netflix,NFLX,2022-11,26,12.0,187996,0,2
netflix,NFLX,2022-12,52,25.6,193639,0,2
netflix,NFLX,2023-01,9,4.0,200808,0,2
netflix,NFLX,2023-02,18,9.4,176536,0,2
netflix,NFLX,2023-03,24,12.4,182338,0,2
netflix,NFLX,2023-04,23,12.0,192497,0,2
netflix,NFLX,2023-05,19,9.4,182468,0,2
netflix,NFLX,2023-06,18,9.2,202846,0,2
netflix,NFLX,2023-07,9,4.8,255248,0,2
netflix,NFLX,2023-08,30,14.8,235761,0,2
netflix,NFLX,2023-09,31,15.6,227120,0,2
netflix,NFLX,2023-10,15,8.4,230212,0,2
netflix,NFLX,2023-11,33,16.4,255022,0,2
netflix,NFLX,2023-12,13,6.4,249352,0,2
netflix,NFLX,2024-01,13,6.0,244536,0,2
netflix,NFLX,2024-02,21,10.0,252394,0,2
netflix,NFLX,2024-03,25,10.8,250686,0,2
netflix,NFLX,2024-04,51,29.4,226675,0,2
netflix,NFLX,2024-05,53,23.2,219598,0,2
netflix,NFLX,2024-06,30,13.0,263151,0,2
netflix,NFLX,2024-07,30,12.4,228189,0,2
netflix,NFLX,2024-08,33,16.2,221989,0,2
netflix,NFLX,2024-09,21,9.4,211537,0,2
netflix,NFLX,2024-10,22,11.0,223305,0,2
netflix,NFLX,2024-11,27,13.2,229215,0,2
netflix,NFLX,2024-12,15,7.8,214510,0,2
netflix,NFLX,2025-01,20,9.0,218674,0,2
netflix,NFLX,2025-02,8,3.4,229507,0,2
netflix,NFLX,2025-03,37,16.0,205146,0,2
netflix,NFLX,2025-04,42,17.6,222938,0,2
netflix,NFLX,2025-05,44,19.6,193365,0,2
netflix,NFLX,2025-06,29,13.8,223211,0,2
netflix,NFLX,2025-07,42,20.6,252740,0,2
netflix,NFLX,2025-08,24,10.8,259628,0,2
netflix,NFLX,2025-09,27,12.4,255696,0,2
netflix,NFLX,2025-11,41,17.8,258270,0,2
netflix,NFLX,2025-12,27,12.6,256060,0,2
nvidia,NVDA,2009-10,8,5.0,113882,0,2
nvidia,NVDA,2009-11,5,3.4,105090,0,2
nvidia,NVDA,2009-12,4,2.6,117149,0,2
nvidia,NVDA,2010-01,16,8.8,98883,0,2
nvidia,NVDA,2010-02,11,5.4,109493,0,2
nvidia,NVDA,2010-03,10,5.0,113031,0,2
nvidia,NVDA,2010-04,14,8.2,106460,0,2
nvidia,NVDA,2010-05,12,7.6,108198,0,2
nvidia,NVDA,2010-06,9,5.4,118396,0,2
nvidia,NVDA,2010-07,8,4.8,117149,0,2
nvidia,NVDA,2010-08,12,6.8,120560,0,2
nvidia,NVDA,2010-09,3,1.2,87586,0,2
nvidia,NVDA,2010-10,6,3.6,122192,0,2
nvidia,NVDA,2010-11,2,1.0,112375,0,2
nvidia,NVDA,2010-12,10,4.8,103140,0,2
nvidia,NVDA,2011-01,19,9.2,100280,0,2
nvidia,NVDA,2011-02,16,8.8,108889,0,2
nvidia,NVDA,2011-03,20,11.6,107408,0,2
nvidia,NVDA,2011-04,24,13.2,113141,0,2
nvidia,NVDA,2011-05,12,7.4,118115,0,2
nvidia,NVDA,2011-06,16,9.6,114514,0,2
nvidia,NVDA,2011-07,11,5.4,112655,0,2
nvidia,NVDA,2011-08,17,8.6,114330,0,2
nvidia,NVDA,2011-09,10,5.0,96207,0,2
nvidia,NVDA,2011-10,11,6.4,125765,0,2
nvidia,NVDA,2011-11,29,15.6,115477,0,2
nvidia,NVDA,2011-12,39,22.2,113153,0,2
nvidia,NVDA,2012-01,13,8.0,117170,0,2
nvidia,NVDA,2012-02,7,3.8,112641,0,2
nvidia,NVDA,2012-03,29,14.8,92733,0,2
nvidia,NVDA,2012-04,11,6.2,102987,0,2
nvidia,NVDA,2012-05,9,5.8,115237,0,2
nvidia,NVDA,2012-06,17,8.6,109689,0,2
nvidia,NVDA,2012-07,9,5.8,111399,0,2
nvidia,NVDA,2012-08,6,3.6,109949,0,2
nvidia,NVDA,2012-09,14,7.2,103561,0,2
nvidia,NVDA,2012-10,11,7.0,117478,0,2
nvidia,NVDA,2012-11,6,3.0,109973,0,2
nvidia,NVDA,2012-12,15,9.2,109737,0,2
nvidia,NVDA,2013-01,42,24.0,105822,0,2
nvidia,NVDA,2013-02,44,25.6,103680,0,2
nvidia,NVDA,2013-03,36,20.4,113552,0,2
nvidia,NVDA,2013-04,11,7.0,128937,0,2
nvidia,NVDA,2013-05,14,7.2,100198,0,2
nvidia,NVDA,2013-06,10,5.8,122166,0,2
nvidia,NVDA,2013-07,7,3.2,95660,0,2
nvidia,NVDA,2013-08,9,5.8,116275,0,2
nvidia,NVDA,2013-09,28,15.0,115274,0,2
nvidia,NVDA,2013-10,11,6.2,95558,0,2
nvidia,NVDA,2013-11,16,10.0,120350,0,2
nvidia,NVDA,2013-12,3,1.2,78423,0,2
nvidia,NVDA,2014-01,25,12.8,105922,0,2
nvidia,NVDA,2014-02,16,8.2,109710,0,2
nvidia,NVDA,2014-03,16,8.0,104266,0,2
nvidia,NVDA,2014-04,9,4.8,102000,0,2
nvidia,NVDA,2014-05,13,7.6,101224,0,2
nvidia,NVDA,2014-06,10,6.0,114633,0,2
nvidia,NVDA,2014-07,21,11.4,120863,0,2
nvidia,NVDA,2014-08,6,3.0,96543,0,2
nvidia,NVDA,2014-09,12,8.0,135303,0,2
nvidia,NVDA,2014-10,7,4.0,0,0,2
nvidia,NVDA,2014-11,3,2.0,0,0,2
nvidia,NVDA,2014-12,22,9.6,0,0,2
nvidia,NVDA,2015-01,11,7.2,0,0,2
nvidia,NVDA,2015-02,28,16.8,0,0,2
nvidia,NVDA,2015-03,32,15.6,0,0,2
nvidia,NVDA,2015-04,12,7.6,0,0,2
nvidia,NVDA,2015-05,22,12.4,0,0,2
nvidia,NVDA,2015-06,21,11.4,0,0,2
nvidia,NVDA,2015-07,9,4.8,0,0,2
nvidia,NVDA,2015-08,14,6.2,0,0,2
nvidia,NVDA,2015-09,10,6.6,0,0,2
nvidia,NVDA,2015-10,9,5.8,125874,0,2
nvidia,NVDA,2015-11,11,7.0,128850,0,2
nvidia,NVDA,2015-12,29,14.4,118001,0,2
nvidia,NVDA,2016-01,8,5.6,126114,0,2
nvidia,NVDA,2016-02,34,17.8,119679,0,2
nvidia,NVDA,2016-03,44,26.4,129201,0,2
nvidia,NVDA,2016-04,11,6.4,119096,0,2
nvidia,NVDA,2016-05,15,10.0,115169,0,2
nvidia,NVDA,2016-06,15,7.2,130117,0,2
nvidia,NVDA,2016-07,24,12.4,135354,0,2
nvidia,NVDA,2016-08,10,6.2,126527,0,2
nvidia,NVDA,2016-09,12,8.2,131153,0,2
nvidia,NVDA,2016-10,40,19.8,125814,0,2
nvidia,NVDA,2016-11,36,20.2,125932,0,2
nvidia,NVDA,2016-12,40,22.0,125139,0,2
nvidia,NVDA,2017-01,31,18.4,130511,0,2
nvidia,NVDA,2017-02,20,9.8,124289,0,2
nvidia,NVDA,2017-03,56,30.8,120700,0,2
nvidia,NVDA,2017-04,18,9.8,131746,0,2
nvidia,NVDA,2017-05,14,8.2,145675,0,2
nvidia,NVDA,2017-06,8,5.0,139280,0,2
nvidia,NVDA,2017-07,21,12.0,132014,0,2
nvidia,NVDA,2017-08,15,7.4,147783,0,2
nvidia,NVDA,2017-09,4,2.0,137609,0,2
nvidia,NVDA,2017-10,23,13.0,142231,0,2
nvidia,NVDA,2017-11,17,7.8,141002,0,2
nvidia,NVDA,2017-12,72,40.4,142025,0,2
nvidia,NVDA,2018-01,71,39.0,125619,0,2
nvidia,NVDA,2018-02,72,35.6,135991,0,2
nvidia,NVDA,2018-03,108,59.8,138756,0,2
nvidia,NVDA,2018-04,52,25.4,140302,0,2
nvidia,NVDA,2018-05,32,19.4,142514,0,2
nvidia,NVDA,2018-06,16,9.0,148387,0,2
nvidia,NVDA,2018-07,15,8.8,145623,0,2
nvidia,NVDA,2018-08,15,7.8,145192,0,2
nvidia,NVDA,2018-09,30,14.4,148499,0,2
nvidia,NVDA,2018-10,24,12.8,150425,0,2
nvidia,NVDA,2018-11,28,15.2,154783,0,2
nvidia,NVDA,2018-12,14,7.6,142477,0,2
nvidia,NVDA,2019-01,30,16.2,139903,0,2
nvidia,NVDA,2019-02,54,31.2,128547,0,2
nvidia,NVDA,2019-03,82,46.8,137713,0,2
nvidia,NVDA,2019-04,29,15.2,145538,0,2
nvidia,NVDA,2019-05,9,3.6,137242,0,2
nvidia,NVDA,2019-06,21,11.0,143382,0,2
nvidia,NVDA,2019-07,16,9.0,145354,0,2
nvidia,NVDA,2019-08,9,5.6,157696,0,2
nvidia,NVDA,2019-09,17,10.2,153289,0,2
nvidia,NVDA,2019-10,28,13.4,148914,0,2
nvidia,NVDA,2019-11,18,11.4,159908,0,2
nvidia,NVDA,2019-12,26,14.6,151033,0,2
nvidia,NVDA,2020-01,61,33.6,148243,0,2
nvidia,NVDA,2020-02,72,36.6,139346,0,2
nvidia,NVDA,2020-03,62,33.4,151013,0,2
nvidia,NVDA,2020-04,38,23.4,146908,0,2
nvidia,NVDA,2020-05,35,20.6,161785,0,2
nvidia,NVDA,2020-06,56,33.6,166542,0,2
nvidia,NVDA,2020-07,59,35.8,161667,0,2
nvidia,NVDA,2020-08,40,22.2,164366,0,2
nvidia,NVDA,2020-09,46,26.8,161884,0,2
nvidia,NVDA,2020-10,102,50.4,167398,0,2
nvidia,NVDA,2020-11,51,32.4,180038,0,2
nvidia,NVDA,2020-12,72,44.4,155714,0,2
nvidia,NVDA,2021-01,126,62.0,157219,0,2
nvidia,NVDA,2021-02,98,54.8,162323,0,2
nvidia,NVDA,2021-03,246,125.6,147777,0,2
nvidia,NVDA,2021-04,107,58.6,152294,0,2
nvidia,NVDA,2021-05,27,13.6,154903,0,2
nvidia,NVDA,2021-06,58,28.0,155259,0,2
nvidia,NVDA,2021-07,34,19.4,175545,0,2
nvidia,NVDA,2021-08,43,26.4,176922,0,2
nvidia,NVDA,2021-09,36,20.4,175502,0,2
nvidia,NVDA,2021-10,69,37.4,154202,0,2
nvidia,NVDA,2021-11,56,29.4,169419,0,2
nvidia,NVDA,2021-12,51,25.8,151989,0,2
nvidia,NVDA,2022-01,69,35.2,153118,0,2
nvidia,NVDA,2022-02,78,43.6,153955,0,2
nvidia,NVDA,2022-03,127,70.0,151836,0,2
nvidia,NVDA,2022-04,94,51.8,154543,0,2
nvidia,NVDA,2022-05,98,55.6,166387,0,2
nvidia,NVDA,2022-06,75,43.4,178726,0,2
nvidia,NVDA,2022-07,31,17.4,172153,0,2
nvidia,NVDA,2022-08,51,33.4,181454,0,2
nvidia,NVDA,2022-09,51,25.4,177404,0,2
nvidia,NVDA,2022-10,106,63.6,177327,0,2
nvidia,NVDA,2022-11,112,61.2,174246,0,2
nvidia,NVDA,2022-12,212,107.6,162846,0,2
nvidia,NVDA,2023-01,124,65.0,164633,0,2
nvidia,NVDA,2023-02,94,53.6,162141,0,2
nvidia,NVDA,2023-03,125,67.8,163408,0,2
nvidia,NVDA,2023-04,47,27.6,166200,0,2
nvidia,NVDA,2023-05,135,74.6,171062,0,2
nvidia,NVDA,2023-06,42,22.6,176683,0,2
nvidia,NVDA,2023-07,59,33.0,181467,0,2
nvidia,NVDA,2023-08,85,48.4,170734,0,2
nvidia,NVDA,2023-09,59,31.4,166193,0,2
nvidia,NVDA,2023-10,100,51.4,179452,0,2
nvidia,NVDA,2023-11,87,45.0,174251,0,2
nvidia,NVDA,2023-12,82,42.8,172884,0,2
nvidia,NVDA,2024-01,110,56.6,178479,0,2
nvidia,NVDA,2024-02,145,74.2,164969,0,2
nvidia,NVDA,2024-03,132,73.2,165649,0,2
nvidia,NVDA,2024-04,163,94.8,178827,0,2
nvidia,NVDA,2024-05,86,45.6,182970,0,2
nvidia,NVDA,2024-06,167,85.0,181491,0,2
nvidia,NVDA,2024-07,141,80.4,188006,0,2
nvidia,NVDA,2024-08,83,51.8,189386,0,2
nvidia,NVDA,2024-09,58,31.0,188587,0,2
nvidia,NVDA,2024-10,163,91.0,191614,0,2
nvidia,NVDA,2024-11,93,46.4,185006,0,2
nvidia,NVDA,2024-12,115,57.2,183215,0,2
nvidia,NVDA,2025-01,275,139.0,174099,0,2
nvidia,NVDA,2025-02,192,106.8,179520,0,2
nvidia,NVDA,2025-03,184,96.6,175951,0,2
nvidia,NVDA,2025-04,188,98.2,182630,0,2
nvidia,NVDA,2025-05,124,67.4,188931,0,2
nvidia,NVDA,2025-06,92,50.4,193515,0,2
nvidia,NVDA,2025-07,187,106.4,197237,0,2
nvidia,NVDA,2025-08,124,71.0,199484,0,2
nvidia,NVDA,2025-09,159,82.0,202201,0,2
nvidia,NVDA,2025-11,181,100.6,195587,0,2
nvidia,NVDA,2025-12,264,154.0,194814,0,2
okta,OKTA,2010-08,1,0.4,115000,0,2
okta,OKTA,2011-03,1,0.4,80000,0,2
okta,OKTA,2012-07,1,0.6,130000,0,2
okta,OKTA,2012-10,1,0.8,130000,0,2
okta,OKTA,2013-01,1,0.4,130000,0,2
okta,OKTA,2013-02,1,0.4,93000,0,2
okta,OKTA,2013-03,2,1.0,111500,0,2
okta,OKTA,2013-04,3,1.8,115377,0,2
okta,OKTA,2013-05,2,0.8,107500,0,2
okta,OKTA,2013-06,2,0.8,104000,0,2
okta,OKTA,2013-09,2,0.8,117838,0,2
okta,OKTA,2013-12,2,1.2,98500,0,2
okta,OKTA,2014-02,11,4.8,91000,0,2
okta,OKTA,2014-03,3,1.8,129004,0,2
okta,OKTA,2014-04,2,1.4,113000,0,2
okta,OKTA,2014-05,1,0.4,100000,0,2
okta,OKTA,2014-06,1,0.4,125000,0,2
okta,OKTA,2014-09,4,2.0,107501,0,2
okta,OKTA,2014-10,3,1.8,0,0,2
okta,OKTA,2014-12,2,1.4,0,0,2
okta,OKTA,2015-01,2,1.0,0,0,2
okta,OKTA,2015-02,3,1.2,0,0,2
okta,OKTA,2015-03,3,1.4,0,0,2
okta,OKTA,2015-04,4,2.8,0,0,2
okta,OKTA,2015-06,2,1.4,0,0,2
okta,OKTA,2015-07,14,8.0,0,0,2
okta,OKTA,2015-08,1,0.8,0,0,2
okta,OKTA,2015-09,4,2.0,0,0,2
okta,OKTA,2015-10,5,3.6,125727,0,2
okta,OKTA,2015-11,2,0.8,111500,0,2
okta,OKTA,2015-12,2,1.6,154181,0,2
okta,OKTA,2016-01,6,4.4,127411,0,2
okta,OKTA,2016-02,9,4.4,110500,0,2
okta,OKTA,2016-03,6,4.2,126794,0,2
okta,OKTA,2016-05,2,1.0,109183,0,2
okta,OKTA,2016-06,11,6.0,113496,0,2
okta,OKTA,2016-07,6,4.2,124950,0,2
okta,OKTA,2016-09,3,2.0,117050,0,2
okta,OKTA,2016-10,4,3.2,122650,0,2
okta,OKTA,2016-11,2,1.4,118000,0,2
okta,OKTA,2017-01,2,1.6,152000,0,2
okta,OKTA,2017-02,4,2.0,107684,0,2
okta,OKTA,2017-03,31,18.0,130630,0,2
okta,OKTA,2017-04,9,6.2,137922,0,2
okta,OKTA,2017-05,4,2.4,130000,0,2
okta,OKTA,2017-06,2,1.6,168839,0,2
okta,OKTA,2017-07,2,1.4,144000,0,2
okta,OKTA,2017-08,7,5.0,165724,0,2
okta,OKTA,2017-09,2,1.6,165000,0,2
okta,OKTA,2017-10,5,3.4,138000,0,2
okta,OKTA,2017-11,1,0.8,170000,0,2
okta,OKTA,2017-12,2,1.6,147500,0,2
okta,OKTA,2018-01,5,3.6,148883,0,2
okta,OKTA,2018-02,6,3.8,142638,0,2
okta,OKTA,2018-03,21,12.4,138231,0,2
okta,OKTA,2018-04,6,4.2,150450,0,2
okta,OKTA,2018-05,7,4.8,152387,0,2
okta,OKTA,2018-06,8,4.8,140829,0,2
okta,OKTA,2018-07,1,0.8,135000,0,2
okta,OKTA,2018-08,11,7.2,150672,0,2
okta,OKTA,2018-09,4,2.8,167850,0,2
okta,OKTA,2018-10,5,2.8,128854,0,2
okta,OKTA,2018-11,4,3.2,159762,0,2
okta,OKTA,2018-12,6,4.4,150333,0,2
okta,OKTA,2019-01,6,4.0,143955,0,2
okta,OKTA,2019-02,11,5.8,125421,0,2
okta,OKTA,2019-03,32,19.2,127419,0,2
okta,OKTA,2019-04,8,4.4,149091,0,2
okta,OKTA,2019-05,6,3.2,157033,0,2
okta,OKTA,2019-06,2,0.8,99350,0,2
okta,OKTA,2019-07,5,2.8,146237,0,2
okta,OKTA,2019-08,17,9.0,154832,0,2
okta,OKTA,2019-09,9,3.6,138308,0,2
okta,OKTA,2019-10,10,4.8,128042,0,2
okta,OKTA,2019-11,5,2.8,136475,0,2
okta,OKTA,2019-12,8,3.2,137379,0,2
okta,OKTA,2020-01,7,3.6,155967,0,2
okta,OKTA,2020-02,17,7.6,133360,0,2
okta,OKTA,2020-03,29,13.8,139261,0,2
okta,OKTA,2020-04,21,9.6,139165,0,2
okta,OKTA,2020-05,5,2.8,150023,0,2
okta,OKTA,2020-06,10,4.8,138327,0,2
okta,OKTA,2020-07,6,3.6,155418,0,2
okta,OKTA,2020-08,2,0.8,120931,0,2
okta,OKTA,2020-09,4,2.4,166794,0,2
okta,OKTA,2020-10,18,8.4,162394,0,2
okta,OKTA,2020-11,18,7.2,134152,0,2
okta,OKTA,2020-12,27,12.0,154285,0,2
okta,OKTA,2021-01,22,9.6,127803,0,2
okta,OKTA,2021-02,16,7.2,128772,0,2
okta,OKTA,2021-03,30,14.0,128071,0,2
okta,OKTA,2021-04,18,8.4,131137,0,2
okta,OKTA,2021-05,10,5.6,128492,0,2
okta,OKTA,2021-06,14,7.2,129410,0,2
okta,OKTA,2021-07,25,13.6,149563,0,2
okta,OKTA,2021-08,14,9.6,131126,0,2
okta,OKTA,2021-09,9,5.4,137180,0,2
okta,OKTA,2021-10,18,12.6,139960,0,2
okta,OKTA,2021-11,13,9.4,165684,0,2
okta,OKTA,2021-12,22,14.6,141892,0,2
okta,OKTA,2022-01,14,9.8,139613,0,2
okta,OKTA,2022-02,17,12.2,152699,0,2
okta,OKTA,2022-03,24,17.2,153627,0,2
okta,OKTA,2022-04,18,11.2,130287,0,2
okta,OKTA,2022-05,18,11.8,142120,0,2
okta,OKTA,2022-06,18,12.4,137473,0,2
okta,OKTA,2022-07,13,9.4,145294,0,2
okta,OKTA,2022-08,16,10.4,153679,0,2
okta,OKTA,2022-09,15,11.4,157640,0,2
okta,OKTA,2022-10,10,8.0,157867,0,2
okta,OKTA,2022-11,10,7.2,163284,0,2
okta,OKTA,2022-12,20,14.8,168462,0,2
okta,OKTA,2023-01,9,6.0,154680,0,2
okta,OKTA,2023-02,10,6.0,154489,0,2
okta,OKTA,2023-03,10,6.6,147777,0,2
okta,OKTA,2023-04,8,5.8,165884,0,2
okta,OKTA,2023-05,10,7.2,138072,0,2
okta,OKTA,2023-06,13,9.8,146762,0,2
okta,OKTA,2023-07,8,5.6,150002,0,2
okta,OKTA,2023-08,12,7.8,154745,0,2
okta,OKTA,2023-09,9,6.6,140421,0,2
okta,OKTA,2023-10,6,3.8,167771,0,2
okta,OKTA,2023-11,6,4.2,161343,0,2
okta,OKTA,2023-12,5,2.8,119775,0,2
okta,OKTA,2024-01,14,8.0,137049,0,2
okta,OKTA,2024-02,20,14.0,149591,0,2
okta,OKTA,2024-03,8,6.2,190180,0,2
okta,OKTA,2024-04,4,2.8,124550,0,2
okta,OKTA,2024-05,10,6.6,134020,0,2
okta,OKTA,2024-06,16,9.8,138527,0,2
okta,OKTA,2024-07,19,14.0,172292,0,2
okta,OKTA,2024-08,8,6.2,171735,0,2
okta,OKTA,2024-09,18,12.8,157413,0,2
okta,OKTA,2024-10,9,7.0,170347,0,2
okta,OKTA,2024-11,8,6.8,172874,0,2
okta,OKTA,2024-12,6,4.2,157337,0,2
okta,OKTA,2025-01,5,4.2,163879,0,2
okta,OKTA,2025-02,12,8.0,147161,0,2
okta,OKTA,2025-03,19,12.6,161747,0,2
okta,OKTA,2025-04,16,12.0,171885,0,2
okta,OKTA,2025-05,6,4.4,169818,0,2
okta,OKTA,2025-06,4,2.6,116963,0,2
okta,OKTA,2025-07,18,14.4,189680,0,2
okta,OKTA,2025-08,10,7.8,164938,0,2
okta,OKTA,2025-09,7,5.0,169182,0,2
okta,OKTA,2025-11,14,10.0,184742,0,2
okta,OKTA,2025-12,3,2.4,198319,0,2
oracle,ORCL,2009-10,95,54.6,87608,0,2
oracle,ORCL,2009-11,51,28.6,83708,0,2
oracle,ORCL,2009-12,56,32.2,84014,0,2
oracle,ORCL,2010-01,41,22.8,86469,0,2
oracle,ORCL,2010-02,106,58.6,81966,0,2
oracle,ORCL,2010-03,206,102.0,75567,0,2
oracle,ORCL,2010-04,162,78.6,80728,0,2
oracle,ORCL,2010-05,115,59.8,83345,0,2
oracle,ORCL,2010-06,195,107.2,83281,0,2
oracle,ORCL,2010-07,117,62.8,82876,0,2
oracle,ORCL,2010-08,224,110.8,70092,0,2
oracle,ORCL,2010-09,153,87.8,82057,0,2
oracle,ORCL,2010-10,94,53.6,82119,0,2
oracle,ORCL,2010-11,121,63.2,77768,0,2
oracle,ORCL,2010-12,100,57.0,83376,0,2
oracle,ORCL,2011-01,128,65.6,77008,0,2
oracle,ORCL,2011-02,111,58.2,86359,0,2
oracle,ORCL,2011-03,126,64.4,79946,0,2
oracle,ORCL,2011-04,166,80.4,78841,0,2
oracle,ORCL,2011-05,118,58.2,80023,0,2
oracle,ORCL,2011-06,135,70.2,87362,0,2
oracle,ORCL,2011-07,153,86.4,92749,0,2
oracle,ORCL,2011-08,154,85.6,90131,0,2
oracle,ORCL,2011-09,151,77.8,91161,0,2
oracle,ORCL,2011-10,190,93.8,85630,0,2
oracle,ORCL,2011-11,164,83.2,94644,0,2
oracle,ORCL,2011-12,116,65.4,95764,0,2
oracle,ORCL,2012-01,94,53.2,93371,0,2
oracle,ORCL,2012-02,130,74.8,96136,0,2
oracle,ORCL,2012-03,194,94.0,97959,0,2
oracle,ORCL,2012-04,222,119.2,91356,0,2
oracle,ORCL,2012-05,350,225.6,93444,0,2
oracle,ORCL,2012-06,262,163.6,95413,0,2
oracle,ORCL,2012-07,238,142.4,101811,0,2
oracle,ORCL,2012-08,111,62.4,97823,0,2
oracle,ORCL,2012-09,88,51.8,101553,0,2
oracle,ORCL,2012-10,127,69.6,106123,0,2
oracle,ORCL,2012-11,120,66.2,105444,0,2
oracle,ORCL,2012-12,127,76.4,100755,0,2
oracle,ORCL,2013-01,108,58.2,103605,0,2
oracle,ORCL,2013-02,168,85.6,104623,0,2
oracle,ORCL,2013-03,396,196.0,105945,0,2
oracle,ORCL,2013-04,311,172.6,102354,0,2
oracle,ORCL,2013-05,78,51.2,98177,0,2
oracle,ORCL,2013-06,311,150.2,72236,0,2
oracle,ORCL,2013-07,87,51.2,97540,0,2
oracle,ORCL,2013-08,94,56.8,97208,0,2
oracle,ORCL,2013-09,75,44.4,95042,0,2
oracle,ORCL,2013-10,69,40.2,99161,0,2
oracle,ORCL,2013-11,144,83.6,95808,0,2
oracle,ORCL,2013-12,67,40.2,93533,0,2
oracle,ORCL,2014-01,134,73.8,103217,0,2
oracle,ORCL,2014-02,136,74.8,93840,0,2
oracle,ORCL,2014-03,204,123.4,94022,0,2
oracle,ORCL,2014-04,85,52.2,100379,0,2
oracle,ORCL,2014-05,71,44.4,98070,0,2
oracle,ORCL,2014-06,150,82.0,104165,0,2
oracle,ORCL,2014-07,120,71.2,96918,0,2
oracle,ORCL,2014-08,61,39.8,97415,0,2
oracle,ORCL,2014-09,65,37.6,99628,0,2
oracle,ORCL,2014-10,151,87.8,0,0,2
oracle,ORCL,2014-11,55,34.0,0,0,2
oracle,ORCL,2014-12,97,53.6,0,0,2
oracle,ORCL,2015-01,36,24.2,0,0,2
oracle,ORCL,2015-02,227,129.6,0,0,2
oracle,ORCL,2015-03,238,130.8,0,0,2
oracle,ORCL,2015-04,53,33.8,0,0,2
oracle,ORCL,2015-05,56,30.4,0,0,2
oracle,ORCL,2015-06,111,64.2,0,0,2
oracle,ORCL,2015-07,54,34.8,0,0,2
oracle,ORCL,2015-08,116,72.6,0,0,2
oracle,ORCL,2015-09,62,38.4,0,0,2
oracle,ORCL,2015-10,53,32.2,101923,0,2
oracle,ORCL,2015-11,78,39.4,105182,0,2
oracle,ORCL,2015-12,38,21.4,104367,0,2
oracle,ORCL,2016-01,29,18.2,110089,0,2
oracle,ORCL,2016-02,174,100.2,101807,0,2
oracle,ORCL,2016-03,155,89.0,95998,0,2
oracle,ORCL,2016-04,96,55.2,106203,0,2
oracle,ORCL,2016-05,106,57.6,108165,0,2
oracle,ORCL,2016-06,40,22.6,106614,0,2
oracle,ORCL,2016-07,35,21.8,111624,0,2
oracle,ORCL,2016-08,115,62.8,109241,0,2
oracle,ORCL,2016-09,23,14.2,100266,0,2
oracle,ORCL,2016-10,35,22.4,104356,0,2
oracle,ORCL,2016-11,94,51.4,106783,0,2
oracle,ORCL,2016-12,74,52.2,110970,0,2
oracle,ORCL,2017-01,129,71.0,108813,0,2
oracle,ORCL,2017-02,93,61.2,107628,0,2
oracle,ORCL,2017-03,281,163.8,106534,0,2
oracle,ORCL,2017-04,54,31.2,116033,0,2
oracle,ORCL,2017-05,62,35.6,105243,0,2
oracle,ORCL,2017-06,43,26.2,116281,0,2
oracle,ORCL,2017-07,30,16.0,108340,0,2
oracle,ORCL,2017-08,71,42.0,117343,0,2
oracle,ORCL,2017-09,31,19.4,107528,0,2
oracle,ORCL,2017-10,54,34.6,116344,0,2
oracle,ORCL,2017-11,48,29.6,117579,0,2
oracle,ORCL,2017-12,59,33.6,117851,0,2
oracle,ORCL,2018-01,26,19.0,115195,0,2
oracle,ORCL,2018-02,81,50.2,109438,0,2
oracle,ORCL,2018-03,289,176.8,110004,0,2
oracle,ORCL,2018-04,82,50.4,116924,0,2
oracle,ORCL,2018-05,76,45.8,113794,0,2
oracle,ORCL,2018-06,101,56.0,116871,0,2
oracle,ORCL,2018-07,41,27.6,113917,0,2
oracle,ORCL,2018-08,72,42.2,120942,0,2
oracle,ORCL,2018-09,37,23.2,125306,0,2
oracle,ORCL,2018-10,31,18.0,122583,0,2
oracle,ORCL,2018-11,79,45.2,120807,0,2
oracle,ORCL,2018-12,54,27.4,124675,0,2
oracle,ORCL,2019-01,24,14.4,115752,0,2
oracle,ORCL,2019-02,132,74.6,119465,0,2
oracle,ORCL,2019-03,257,153.2,117832,0,2
oracle,ORCL,2019-04,115,64.8,113777,0,2
oracle,ORCL,2019-05,89,55.4,111697,0,2
oracle,ORCL,2019-06,60,38.2,122458,0,2
oracle,ORCL,2019-07,108,57.4,119369,0,2
oracle,ORCL,2019-08,78,44.6,129876,0,2
oracle,ORCL,2019-09,86,46.8,120418,0,2
oracle,ORCL,2019-10,111,61.0,125921,0,2
oracle,ORCL,2019-11,13,8.8,110484,0,2
oracle,ORCL,2019-12,80,48.2,117835,0,2
oracle,ORCL,2020-01,56,37.2,116373,0,2
oracle,ORCL,2020-02,100,52.0,119355,0,2
oracle,ORCL,2020-03,105,73.6,110922,0,2
oracle,ORCL,2020-04,44,30.8,117465,0,2
oracle,ORCL,2020-05,70,38.2,126640,0,2
oracle,ORCL,2020-06,82,44.4,116117,0,2
oracle,ORCL,2020-07,59,34.0,116110,0,2
oracle,ORCL,2020-08,37,20.6,120501,0,2
oracle,ORCL,2020-09,148,80.6,122309,0,2
oracle,ORCL,2020-10,222,112.8,123717,0,2
oracle,ORCL,2020-11,231,131.4,134177,0,2
oracle,ORCL,2020-12,150,81.0,116136,0,2
oracle,ORCL,2021-01,210,114.8,122898,0,2
oracle,ORCL,2021-02,222,113.6,117234,0,2
oracle,ORCL,2021-03,286,180.8,116719,0,2
oracle,ORCL,2021-04,91,47.4,123931,0,2
oracle,ORCL,2021-05,121,59.0,116681,0,2
oracle,ORCL,2021-06,101,56.4,119652,0,2
oracle,ORCL,2021-07,60,36.6,119532,0,2
oracle,ORCL,2021-08,56,31.6,115722,0,2
oracle,ORCL,2021-09,128,73.6,129017,0,2
oracle,ORCL,2021-10,109,60.2,123247,0,2
oracle,ORCL,2021-11,101,55.0,134383,0,2
oracle,ORCL,2021-12,60,31.8,120616,0,2
oracle,ORCL,2022-01,117,60.2,125224,0,2
oracle,ORCL,2022-02,195,100.8,130464,0,2
oracle,ORCL,2022-03,70,37.4,120405,0,2
oracle,ORCL,2022-04,86,43.0,122634,0,2
oracle,ORCL,2022-05,91,51.6,125293,0,2
oracle,ORCL,2022-06,127,69.4,121737,0,2
oracle,ORCL,2022-07,67,37.4,128558,0,2
oracle,ORCL,2022-08,137,75.4,136807,0,2
oracle,ORCL,2022-09,105,56.2,119314,0,2
oracle,ORCL,2022-10,194,100.4,131519,0,2
oracle,ORCL,2022-11,84,46.4,136624,0,2
oracle,ORCL,2022-12,96,54.0,131849,0,2
oracle,ORCL,2023-01,130,68.8,129886,0,2
oracle,ORCL,2023-02,96,52.0,137834,0,2
oracle,ORCL,2023-03,49,28.8,117027,0,2
oracle,ORCL,2023-04,94,51.2,123506,0,2
oracle,ORCL,2023-05,185,98.4,142173,0,2
oracle,ORCL,2023-06,69,39.4,126414,0,2
oracle,ORCL,2023-07,24,14.6,127586,0,2
oracle,ORCL,2023-08,66,33.8,134587,0,2
oracle,ORCL,2023-09,153,81.4,141855,0,2
oracle,ORCL,2023-10,36,24.0,133899,0,2
oracle,ORCL,2023-11,72,34.4,135995,0,2
oracle,ORCL,2023-12,33,18.4,128365,0,2
oracle,ORCL,2024-01,89,44.8,133411,0,2
oracle,ORCL,2024-02,146,80.6,139853,0,2
oracle,ORCL,2024-03,42,21.2,133290,0,2
oracle,ORCL,2024-04,53,26.0,125859,0,2
oracle,ORCL,2024-05,99,54.0,145789,0,2
oracle,ORCL,2024-06,115,62.0,138914,0,2
oracle,ORCL,2024-07,130,71.4,149404,0,2
oracle,ORCL,2024-08,39,20.4,139411,0,2
oracle,ORCL,2024-09,46,25.8,149530,0,2
oracle,ORCL,2024-10,161,84.8,151967,0,2
oracle,ORCL,2024-11,103,57.4,150625,0,2
oracle,ORCL,2024-12,54,29.2,141726,0,2
oracle,ORCL,2025-01,103,50.2,139124,0,2
oracle,ORCL,2025-02,190,101.6,147405,0,2
oracle,ORCL,2025-03,52,28.2,137839,0,2
oracle,ORCL,2025-04,80,40.6,142388,0,2
oracle,ORCL,2025-05,176,84.6,146107,0,2
oracle,ORCL,2025-06,135,73.6,148357,0,2
oracle,ORCL,2025-07,47,27.0,147001,0,2
oracle,ORCL,2025-08,39,21.0,146303,0,2
oracle,ORCL,2025-09,201,103.8,158844,0,2
oracle,ORCL,2025-11,46,24.6,142747,0,2
oracle,ORCL,2025-12,74,39.0,144786,0,2
palantir,PLTR,2010-01,1,0.6,88000,0,2
palantir,PLTR,2010-04,1,0.6,72000,0,2
palantir,PLTR,2010-06,1,0.4,106000,0,2
palantir,PLTR,2010-12,2,0.8,112000,0,2
palantir,PLTR,2011-01,1,0.4,114000,0,2
palantir,PLTR,2011-03,2,0.8,102500,0,2
palantir,PLTR,2011-04,1,0.4,120000,0,2
palantir,PLTR,2011-06,2,1.0,105000,0,2
palantir,PLTR,2011-08,2,0.8,114000,0,2
palantir,PLTR,2011-11,2,0.8,98000,0,2
palantir,PLTR,2012-03,5,2.0,99200,0,2
palantir,PLTR,2012-04,1,0.4,100000,0,2
palantir,PLTR,2012-05,6,2.4,104166,0,2
palantir,PLTR,2012-06,1,0.4,55000,0,2
palantir,PLTR,2012-08,1,0.4,119000,0,2
palantir,PLTR,2012-09,1,0.4,60000,0,2
palantir,PLTR,2012-10,2,1.2,110000,0,2
palantir,PLTR,2012-11,1,0.4,110000,0,2
palantir,PLTR,2012-12,1,0.4,95000,0,2
palantir,PLTR,2013-02,2,0.8,105000,0,2
palantir,PLTR,2013-03,19,7.8,98288,0,2
palantir,PLTR,2013-04,2,0.8,115000,0,2
palantir,PLTR,2013-05,1,0.4,100000,0,2
palantir,PLTR,2013-06,7,2.8,111285,0,2
palantir,PLTR,2013-07,3,1.2,108333,0,2
palantir,PLTR,2013-08,2,0.8,105000,0,2
palantir,PLTR,2013-09,2,0.8,116500,0,2
palantir,PLTR,2013-11,2,0.8,103500,0,2
palantir,PLTR,2013-12,2,1.2,115000,0,2
palantir,PLTR,2014-02,27,10.8,98888,0,2
palantir,PLTR,2014-03,9,3.6,108948,0,2
palantir,PLTR,2014-04,2,1.0,116400,0,2
palantir,PLTR,2014-05,2,0.8,105000,0,2
palantir,PLTR,2014-06,10,4.0,98599,0,2
palantir,PLTR,2014-07,2,0.8,105742,0,2
palantir,PLTR,2014-08,2,0.8,147500,0,2
palantir,PLTR,2014-09,5,2.0,107400,0,2
palantir,PLTR,2014-10,7,2.8,0,0,2
palantir,PLTR,2014-11,3,1.2,0,0,2
palantir,PLTR,2014-12,5,2.4,0,0,2
palantir,PLTR,2015-01,1,0.4,0,0,2
palantir,PLTR,2015-02,49,19.6,0,0,2
palantir,PLTR,2015-03,22,9.6,0,0,2
palantir,PLTR,2015-04,15,6.6,0,0,2
palantir,PLTR,2015-05,5,2.0,0,0,2
palantir,PLTR,2015-06,2,0.8,0,0,2
palantir,PLTR,2015-08,6,2.4,0,0,2
palantir,PLTR,2015-09,3,1.6,0,0,2
palantir,PLTR,2015-11,1,0.4,130000,0,2
palantir,PLTR,2015-12,5,2.0,119500,0,2
palantir,PLTR,2016-01,4,1.6,134250,0,2
palantir,PLTR,2016-02,27,10.8,112895,0,2
palantir,PLTR,2016-03,21,8.4,102740,0,2
palantir,PLTR,2016-04,16,6.8,122312,0,2
palantir,PLTR,2016-05,3,1.2,124000,0,2
palantir,PLTR,2016-06,3,1.2,109666,0,2
palantir,PLTR,2016-07,10,4.8,112981,0,2
palantir,PLTR,2016-08,2,0.8,114000,0,2
palantir,PLTR,2016-09,25,10.8,112444,0,2
palantir,PLTR,2016-12,5,2.0,122720,0,2
palantir,PLTR,2017-01,1,0.4,126000,0,2
palantir,PLTR,2017-02,14,5.6,116967,0,2
palantir,PLTR,2017-03,29,12.4,121719,0,2
palantir,PLTR,2017-04,6,2.4,108062,0,2
palantir,PLTR,2017-05,2,1.2,155000,0,2
palantir,PLTR,2017-06,2,1.2,184000,0,2
palantir,PLTR,2017-07,6,2.8,168716,0,2
palantir,PLTR,2017-08,5,2.4,139452,0,2
palantir,PLTR,2017-10,2,0.8,154350,0,2
palantir,PLTR,2017-11,1,0.4,145000,0,2
palantir,PLTR,2017-12,5,2.0,168220,0,2
palantir,PLTR,2018-01,13,5.2,106118,0,2
palantir,PLTR,2018-02,5,2.0,148680,0,2
palantir,PLTR,2018-03,7,2.8,124774,0,2
palantir,PLTR,2018-04,4,1.6,133625,0,2
palantir,PLTR,2018-05,6,2.8,167733,0,2
palantir,PLTR,2018-06,3,1.2,165566,0,2
palantir,PLTR,2018-07,2,0.8,155000,0,2
palantir,PLTR,2018-08,1,0.4,180000,0,2
palantir,PLTR,2018-09,3,1.2,142600,0,2
palantir,PLTR,2018-10,1,0.4,240000,0,2
palantir,PLTR,2018-11,2,0.8,150825,0,2
palantir,PLTR,2018-12,2,0.8,186700,0,2
palantir,PLTR,2019-01,7,2.8,144141,0,2
palantir,PLTR,2019-02,4,1.6,149775,0,2
palantir,PLTR,2019-03,14,5.6,135840,0,2
palantir,PLTR,2019-04,7,2.8,166614,0,2
palantir,PLTR,2019-05,3,1.2,197783,0,2
palantir,PLTR,2019-06,4,1.6,155589,0,2
palantir,PLTR,2019-07,3,1.2,125905,0,2
palantir,PLTR,2019-08,4,1.6,142700,0,2
palantir,PLTR,2019-09,2,0.8,160000,0,2
palantir,PLTR,2019-12,2,0.8,140000,0,2
palantir,PLTR,2020-01,26,10.4,136182,0,2
palantir,PLTR,2020-02,15,6.6,141297,0,2
palantir,PLTR,2020-03,5,2.0,158180,0,2
palantir,PLTR,2020-04,3,1.2,170000,0,2
palantir,PLTR,2020-05,3,1.2,183016,0,2
palantir,PLTR,2020-06,2,0.8,201250,0,2
palantir,PLTR,2020-07,3,1.2,169666,0,2
palantir,PLTR,2020-08,1,0.4,155000,0,2
palantir,PLTR,2020-10,9,3.6,155963,0,2
palantir,PLTR,2020-11,18,7.2,168200,0,2
palantir,PLTR,2020-12,9,3.6,199466,0,2
palantir,PLTR,2021-01,2,0.8,130000,0,2
palantir,PLTR,2021-02,8,3.2,166650,0,2
palantir,PLTR,2021-03,14,5.6,154160,0,2
palantir,PLTR,2021-04,6,2.4,153333,0,2
palantir,PLTR,2021-05,15,7.0,146098,0,2
palantir,PLTR,2021-06,2,0.8,191900,0,2
palantir,PLTR,2021-07,3,1.2,163333,0,2
palantir,PLTR,2021-08,8,3.2,145786,0,2
palantir,PLTR,2021-09,3,1.2,141666,0,2
palantir,PLTR,2021-10,5,2.0,159000,0,2
palantir,PLTR,2021-11,3,1.2,163666,0,2
palantir,PLTR,2021-12,9,3.6,166194,0,2
palantir,PLTR,2022-01,5,3.0,152620,0,2
palantir,PLTR,2022-02,4,2.0,148000,0,2
palantir,PLTR,2022-03,5,2.0,186031,0,2
palantir,PLTR,2022-04,12,4.8,153083,0,2
palantir,PLTR,2022-05,16,7.4,149422,0,2
palantir,PLTR,2022-06,12,5.2,177916,0,2
palantir,PLTR,2022-07,3,1.2,150000,0,2
palantir,PLTR,2022-08,3,1.2,188333,0,2
palantir,PLTR,2022-09,5,2.0,180000,0,2
palantir,PLTR,2022-10,6,2.4,139766,0,2
palantir,PLTR,2022-11,4,1.6,212760,0,2
palantir,PLTR,2022-12,6,2.4,203333,0,2
palantir,PLTR,2023-01,3,1.2,178933,0,2
palantir,PLTR,2023-02,12,5.6,201596,0,2
palantir,PLTR,2023-03,10,4.0,157630,0,2
palantir,PLTR,2023-04,19,8.0,154421,0,2
palantir,PLTR,2023-05,7,2.8,152285,0,2
palantir,PLTR,2023-06,3,1.2,159000,0,2
palantir,PLTR,2023-08,3,1.2,180000,0,2
palantir,PLTR,2023-09,13,5.2,143846,0,2
palantir,PLTR,2023-10,1,0.4,140000,0,2
palantir,PLTR,2023-11,1,0.8,190000,0,2
palantir,PLTR,2024-01,5,2.0,146360,0,2
palantir,PLTR,2024-02,6,2.8,167666,0,2
palantir,PLTR,2024-03,2,0.8,187500,0,2
palantir,PLTR,2024-04,25,10.0,155068,0,2
palantir,PLTR,2024-05,14,6.6,156371,0,2
palantir,PLTR,2024-06,6,2.4,170208,0,2
palantir,PLTR,2024-07,7,2.8,172714,0,2
palantir,PLTR,2024-08,14,6.0,153982,0,2
palantir,PLTR,2024-09,10,4.8,163200,0,2
palantir,PLTR,2024-10,4,2.0,147000,0,2
palantir,PLTR,2024-11,3,1.2,204566,0,2
palantir,PLTR,2024-12,1,0.4,125000,0,2
palantir,PLTR,2025-01,3,1.6,161333,0,2
palantir,PLTR,2025-02,13,5.8,178498,0,2
palantir,PLTR,2025-03,3,1.6,181666,0,2
palantir,PLTR,2025-04,27,10.8,153401,0,2
palantir,PLTR,2025-05,28,11.2,146608,0,2
palantir,PLTR,2025-06,17,6.8,139325,0,2
palantir,PLTR,2025-07,6,2.4,181500,0,2
palantir,PLTR,2025-08,4,1.6,166625,0,2
palantir,PLTR,2025-09,6,2.4,166833,0,2
palantir,PLTR,2025-11,5,2.0,194161,0,2
palantir,PLTR,2025-12,3,1.2,216666,0,2
paypal,PYPL,2009-10,13,8.4,110320,0,2
paypal,PYPL,2009-11,17,11.2,98564,0,2
paypal,PYPL,2009-12,23,14.2,102660,0,2
paypal,PYPL,2010-01,13,7.4,108881,0,2
paypal,PYPL,2010-02,12,7.6,108251,0,2
paypal,PYPL,2010-03,29,17.4,109162,0,2
paypal,PYPL,2010-04,24,14.6,107641,0,2
paypal,PYPL,2010-05,29,18.4,111074,0,2
paypal,PYPL,2010-06,30,18.0,109867,0,2
paypal,PYPL,2010-07,26,16.6,110150,0,2
paypal,PYPL,2010-08,28,17.0,106832,0,2
paypal,PYPL,2010-09,20,12.8,110768,0,2
paypal,PYPL,2010-10,20,12.6,107726,0,2
paypal,PYPL,2010-11,23,16.4,113185,0,2
paypal,PYPL,2010-12,12,7.4,101398,0,2
paypal,PYPL,2011-01,13,9.0,115803,0,2
paypal,PYPL,2011-02,13,8.2,121066,0,2
paypal,PYPL,2011-03,20,10.2,108449,0,2
paypal,PYPL,2011-04,26,14.6,111824,0,2
paypal,PYPL,2011-05,21,10.8,111249,0,2
paypal,PYPL,2011-06,22,11.2,107796,0,2
paypal,PYPL,2011-07,24,11.6,111642,0,2
paypal,PYPL,2011-08,36,18.8,110625,0,2
paypal,PYPL,2011-09,48,25.0,111707,0,2
paypal,PYPL,2011-10,49,22.8,112594,0,2
paypal,PYPL,2011-11,56,26.4,104789,0,2
paypal,PYPL,2011-12,12,6.4,126096,0,2
paypal,PYPL,2012-01,22,11.2,115887,0,2
paypal,PYPL,2012-02,56,26.6,106547,0,2
paypal,PYPL,2012-03,58,26.6,108489,0,2
paypal,PYPL,2012-04,36,16.8,107401,0,2
paypal,PYPL,2012-05,46,22.0,114838,0,2
paypal,PYPL,2012-06,25,12.0,120740,0,2
paypal,PYPL,2012-07,31,15.6,116925,0,2
paypal,PYPL,2012-08,26,12.2,118061,0,2
paypal,PYPL,2012-09,15,9.0,128516,0,2
paypal,PYPL,2012-10,29,14.6,121697,0,2
paypal,PYPL,2012-11,17,7.6,112848,0,2
paypal,PYPL,2012-12,26,11.8,121773,0,2
paypal,PYPL,2013-01,17,8.0,124386,0,2
paypal,PYPL,2013-02,28,14.4,117748,0,2
paypal,PYPL,2013-03,90,39.6,102974,0,2
paypal,PYPL,2013-04,40,19.2,113542,0,2
paypal,PYPL,2013-05,35,16.4,125157,0,2
paypal,PYPL,2013-06,33,17.0,129902,0,2
paypal,PYPL,2013-07,22,9.8,125094,0,2
paypal,PYPL,2013-08,20,9.4,123405,0,2
paypal,PYPL,2013-09,23,11.4,124669,0,2
paypal,PYPL,2013-10,8,3.6,121767,0,2
paypal,PYPL,2013-11,39,19.0,127050,0,2
paypal,PYPL,2013-12,21,10.4,121980,0,2
paypal,PYPL,2014-01,27,13.2,115166,0,2
paypal,PYPL,2014-02,71,32.8,111874,0,2
paypal,PYPL,2014-03,77,34.8,112904,0,2
paypal,PYPL,2014-04,65,32.6,127043,0,2
paypal,PYPL,2014-05,60,28.8,133078,0,2
paypal,PYPL,2014-06,49,23.2,128297,0,2
paypal,PYPL,2014-07,54,25.2,129759,0,2
paypal,PYPL,2014-08,40,17.6,130806,0,2
paypal,PYPL,2014-09,45,19.8,124326,0,2
paypal,PYPL,2014-10,31,13.8,0,0,2
paypal,PYPL,2014-11,17,8.6,0,0,2
paypal,PYPL,2014-12,134,60.0,0,0,2
paypal,PYPL,2015-01,71,30.6,0,0,2
paypal,PYPL,2015-02,58,24.6,0,0,2
paypal,PYPL,2015-03,104,46.8,0,0,2
paypal,PYPL,2015-04,43,19.6,0,0,2
paypal,PYPL,2015-05,94,40.4,0,0,2
paypal,PYPL,2015-06,33,16.0,0,0,2
paypal,PYPL,2015-07,15,8.0,0,0,2
paypal,PYPL,2015-08,31,14.8,0,0,2
paypal,PYPL,2015-09,28,13.4,0,0,2
paypal,PYPL,2015-10,32,14.6,138429,0,2
paypal,PYPL,2015-11,14,6.0,140357,0,2
paypal,PYPL,2015-12,134,57.6,122707,0,2
paypal,PYPL,2016-01,75,32.8,130099,0,2
paypal,PYPL,2016-02,72,32.0,133302,0,2
paypal,PYPL,2016-03,149,68.2,132220,0,2
paypal,PYPL,2016-04,54,23.6,132845,0,2
paypal,PYPL,2016-05,33,15.6,138908,0,2
paypal,PYPL,2016-06,27,12.8,147486,0,2
paypal,PYPL,2016-07,39,20.2,143231,0,2
paypal,PYPL,2016-08,32,15.6,152760,0,2
paypal,PYPL,2016-09,33,15.6,140255,0,2
paypal,PYPL,2016-10,38,17.6,149753,0,2
paypal,PYPL,2016-11,45,19.6,128314,0,2
paypal,PYPL,2016-12,84,41.6,138793,0,2
paypal,PYPL,2017-01,52,25.2,130917,0,2
paypal,PYPL,2017-02,83,37.8,130921,0,2
paypal,PYPL,2017-03,107,51.8,131244,0,2
paypal,PYPL,2017-04,46,22.2,143262,0,2
paypal,PYPL,2017-05,49,22.2,134572,0,2
paypal,PYPL,2017-06,38,18.4,146959,0,2
paypal,PYPL,2017-07,34,16.6,144521,0,2
paypal,PYPL,2017-08,41,19.6,150130,0,2
paypal,PYPL,2017-09,31,14.4,147756,0,2
paypal,PYPL,2017-10,48,22.4,146288,0,2
paypal,PYPL,2017-11,34,16.6,146406,0,2
paypal,PYPL,2017-12,72,35.4,136864,0,2
paypal,PYPL,2018-01,214,97.0,131179,0,2
paypal,PYPL,2018-02,161,74.8,125375,0,2
paypal,PYPL,2018-03,173,81.2,130909,0,2
paypal,PYPL,2018-04,67,34.2,148053,0,2
paypal,PYPL,2018-05,55,27.4,139154,0,2
paypal,PYPL,2018-06,33,16.2,143788,0,2
paypal,PYPL,2018-07,73,37.2,142572,0,2
paypal,PYPL,2018-08,62,31.0,148805,0,2
paypal,PYPL,2018-09,54,26.6,158707,0,2
paypal,PYPL,2018-10,63,29.4,148442,0,2
paypal,PYPL,2018-11,35,18.4,158177,0,2
paypal,PYPL,2018-12,157,70.8,132894,0,2
paypal,PYPL,2019-01,127,58.8,131965,0,2
paypal,PYPL,2019-02,139,66.4,131924,0,2
paypal,PYPL,2019-03,148,69.6,128635,0,2
paypal,PYPL,2019-04,77,37.0,148384,0,2
paypal,PYPL,2019-05,71,37.8,152902,0,2
paypal,PYPL,2019-06,42,23.2,156043,0,2
paypal,PYPL,2019-07,72,36.2,156513,0,2
paypal,PYPL,2019-08,59,31.0,165714,0,2
paypal,PYPL,2019-09,47,25.4,152212,0,2
paypal,PYPL,2019-10,34,17.2,154623,0,2
paypal,PYPL,2019-11,63,30.4,158934,0,2
paypal,PYPL,2019-12,56,28.0,147332,0,2
paypal,PYPL,2020-01,58,27.4,153630,0,2
paypal,PYPL,2020-02,180,82.0,135910,0,2
paypal,PYPL,2020-03,212,98.6,133899,0,2
paypal,PYPL,2020-04,157,74.8,142309,0,2
paypal,PYPL,2020-05,56,27.8,145180,0,2
paypal,PYPL,2020-06,64,33.0,151788,0,2
paypal,PYPL,2020-07,59,32.8,160212,0,2
paypal,PYPL,2020-08,72,39.2,152526,0,2
paypal,PYPL,2020-09,86,44.8,159629,0,2
paypal,PYPL,2020-10,255,130.2,146659,0,2
paypal,PYPL,2020-11,213,100.2,144806,0,2
paypal,PYPL,2020-12,347,168.8,155078,0,2
paypal,PYPL,2021-01,130,67.6,154537,0,2
paypal,PYPL,2021-02,202,99.2,148827,0,2
paypal,PYPL,2021-03,248,128.4,150683,0,2
paypal,PYPL,2021-04,147,73.6,142970,0,2
paypal,PYPL,2021-05,140,68.4,137067,0,2
paypal,PYPL,2021-06,83,44.0,152675,0,2
paypal,PYPL,2021-07,64,33.2,154208,0,2
paypal,PYPL,2021-08,99,49.2,146290,0,2
paypal,PYPL,2021-09,91,50.0,157729,0,2
paypal,PYPL,2021-10,86,47.8,158992,0,2
paypal,PYPL,2021-11,96,50.4,153629,0,2
paypal,PYPL,2021-12,125,63.0,147262,0,2
paypal,PYPL,2022-01,112,56.8,155903,0,2
paypal,PYPL,2022-02,76,39.4,158304,0,2
paypal,PYPL,2022-03,86,42.2,151261,0,2
paypal,PYPL,2022-04,103,49.8,157001,0,2
paypal,PYPL,2022-05,141,69.2,148753,0,2
paypal,PYPL,2022-06,72,36.4,153444,0,2
paypal,PYPL,2022-07,66,34.6,163585,0,2
paypal,PYPL,2022-08,69,36.6,164374,0,2
paypal,PYPL,2022-09,72,36.8,166598,0,2
paypal,PYPL,2022-10,130,66.0,163988,0,2
paypal,PYPL,2022-11,110,59.2,164987,0,2
paypal,PYPL,2022-12,188,92.6,156352,0,2
paypal,PYPL,2023-01,76,41.6,160355,0,2
paypal,PYPL,2023-02,58,28.8,158358,0,2
paypal,PYPL,2023-03,94,52.2,165428,0,2
paypal,PYPL,2023-04,124,58.2,150167,0,2
paypal,PYPL,2023-05,80,39.2,164339,0,2
paypal,PYPL,2023-06,35,19.2,162685,0,2
paypal,PYPL,2023-07,32,15.6,154593,0,2
paypal,PYPL,2023-08,62,30.2,151261,0,2
paypal,PYPL,2023-09,83,41.6,159927,0,2
paypal,PYPL,2023-10,90,48.6,152826,0,2
paypal,PYPL,2023-11,41,20.2,162143,0,2
paypal,PYPL,2023-12,106,56.8,158539,0,2
paypal,PYPL,2024-01,88,44.8,160867,0,2
paypal,PYPL,2024-02,62,31.8,172651,0,2
paypal,PYPL,2024-03,90,48.2,166881,0,2
paypal,PYPL,2024-04,126,65.0,154460,0,2
paypal,PYPL,2024-05,80,39.8,161415,0,2
paypal,PYPL,2024-06,98,49.8,168235,0,2
paypal,PYPL,2024-07,45,23.2,178089,0,2
paypal,PYPL,2024-08,81,45.4,180033,0,2
paypal,PYPL,2024-09,90,49.2,168656,0,2
paypal,PYPL,2024-10,92,50.0,175857,0,2
paypal,PYPL,2024-11,88,47.4,172883,0,2
paypal,PYPL,2024-12,78,40.4,171553,0,2
paypal,PYPL,2025-01,79,46.0,179407,0,2
paypal,PYPL,2025-02,95,53.8,183065,0,2
paypal,PYPL,2025-03,133,70.8,175934,0,2
paypal,PYPL,2025-04,92,50.8,172665,0,2
paypal,PYPL,2025-05,211,104.0,156065,0,2
paypal,PYPL,2025-06,90,56.8,187755,0,2
paypal,PYPL,2025-07,102,63.4,190508,0,2
paypal,PYPL,2025-08,74,46.0,181357,0,2
paypal,PYPL,2025-09,49,32.0,191343,0,2
paypal,PYPL,2025-11,126,85.4,194401,0,2
paypal,PYPL,2025-12,77,54.0,191175,0,2
pinterest,PINS,2012-05,2,0.8,99439,0,2
pinterest,PINS,2012-09,1,0.4,130000,0,2
pinterest,PINS,2012-11,1,0.4,130000,0,2
pinterest,PINS,2012-12,1,0.4,120000,0,2
pinterest,PINS,2013-01,1,0.4,135000,0,2
pinterest,PINS,2013-02,2,0.8,122500,0,2
pinterest,PINS,2013-03,3,1.2,113333,0,2
pinterest,PINS,2013-04,3,1.2,98333,0,2
pinterest,PINS,2013-08,1,0.4,130000,0,2
pinterest,PINS,2013-09,3,1.2,135000,0,2
pinterest,PINS,2013-10,2,0.8,130000,0,2
pinterest,PINS,2013-11,2,0.8,120500,0,2
pinterest,PINS,2014-03,7,3.2,101571,0,2
pinterest,PINS,2014-04,3,1.2,82000,0,2
pinterest,PINS,2014-05,3,1.2,83166,0,2
pinterest,PINS,2014-06,2,1.2,107237,0,2
pinterest,PINS,2014-07,1,0.4,82000,0,2
pinterest,PINS,2014-08,2,0.8,82000,0,2
pinterest,PINS,2014-09,4,2.0,111000,0,2
pinterest,PINS,2014-10,3,1.2,0,0,2
pinterest,PINS,2014-11,5,2.0,0,0,2
pinterest,PINS,2014-12,2,0.8,0,0,2
pinterest,PINS,2015-01,1,0.4,0,0,2
pinterest,PINS,2015-02,1,0.4,0,0,2
pinterest,PINS,2015-03,8,3.6,0,0,2
pinterest,PINS,2015-04,1,0.4,0,0,2
pinterest,PINS,2015-06,3,1.4,0,0,2
pinterest,PINS,2015-07,2,0.8,0,0,2
pinterest,PINS,2015-08,4,2.4,0,0,2
pinterest,PINS,2015-09,5,2.4,0,0,2
pinterest,PINS,2015-10,6,2.4,114392,0,2
pinterest,PINS,2015-11,3,1.2,130720,0,2
pinterest,PINS,2015-12,12,5.2,112606,0,2
pinterest,PINS,2016-01,53,21.4,108779,0,2
pinterest,PINS,2016-02,20,9.2,99357,0,2
pinterest,PINS,2016-03,5,2.0,106273,0,2
pinterest,PINS,2016-04,9,4.8,118320,0,2
pinterest,PINS,2016-05,7,3.4,125774,0,2
pinterest,PINS,2016-06,4,1.6,122065,0,2
pinterest,PINS,2016-07,3,1.4,119857,0,2
pinterest,PINS,2016-08,4,2.0,145593,0,2
pinterest,PINS,2016-09,4,1.6,125743,0,2
pinterest,PINS,2016-10,11,6.0,119106,0,2
pinterest,PINS,2016-11,9,4.0,112731,0,2
pinterest,PINS,2016-12,9,4.0,122908,0,2
pinterest,PINS,2017-01,2,0.8,119500,0,2
pinterest,PINS,2017-02,7,3.2,124431,0,2
pinterest,PINS,2017-03,19,8.2,118686,0,2
pinterest,PINS,2017-04,5,2.0,114793,0,2
pinterest,PINS,2017-05,4,1.6,120786,0,2
pinterest,PINS,2017-06,12,4.8,119601,0,2
pinterest,PINS,2017-07,5,2.6,120998,0,2
pinterest,PINS,2017-08,7,3.6,123702,0,2
pinterest,PINS,2017-09,8,4.0,110967,0,2
pinterest,PINS,2017-10,5,3.2,144372,0,2
pinterest,PINS,2017-11,14,6.8,125089,0,2
pinterest,PINS,2017-12,12,6.0,116154,0,2
pinterest,PINS,2018-01,7,2.8,133944,0,2
pinterest,PINS,2018-02,22,8.8,126164,0,2
pinterest,PINS,2018-03,52,22.4,124755,0,2
pinterest,PINS,2018-04,23,12.0,126263,0,2
pinterest,PINS,2018-05,30,12.4,116968,0,2
pinterest,PINS,2018-06,18,7.6,121055,0,2
pinterest,PINS,2018-07,18,7.2,121291,0,2
pinterest,PINS,2018-08,19,8.0,128889,0,2
pinterest,PINS,2018-09,7,3.6,134562,0,2
pinterest,PINS,2018-10,10,4.4,125548,0,2
pinterest,PINS,2018-11,16,7.6,140792,0,2
pinterest,PINS,2018-12,15,6.8,138324,0,2
pinterest,PINS,2019-01,30,12.6,127126,0,2
pinterest,PINS,2019-02,22,9.6,135613,0,2
pinterest,PINS,2019-03,23,10.8,141427,0,2
pinterest,PINS,2019-04,12,5.6,156337,0,2
pinterest,PINS,2019-05,11,4.8,161922,0,2
pinterest,PINS,2019-06,4,2.0,143540,0,2
pinterest,PINS,2019-07,18,8.6,152601,0,2
pinterest,PINS,2019-08,6,3.2,147414,0,2
pinterest,PINS,2019-09,6,2.8,151093,0,2
pinterest,PINS,2019-10,13,5.2,134789,0,2
pinterest,PINS,2019-11,15,7.2,132022,0,2
pinterest,PINS,2019-12,7,2.8,142683,0,2
pinterest,PINS,2020-01,12,6.4,140242,0,2
pinterest,PINS,2020-02,17,7.6,133467,0,2
pinterest,PINS,2020-03,16,6.8,146950,0,2
pinterest,PINS,2020-04,16,8.8,164179,0,2
pinterest,PINS,2020-05,25,11.8,144929,0,2
pinterest,PINS,2020-06,12,6.0,146790,0,2
pinterest,PINS,2020-07,14,6.4,158039,0,2
pinterest,PINS,2020-08,8,3.8,137401,0,2
pinterest,PINS,2020-09,12,5.2,137204,0,2
pinterest,PINS,2020-10,48,21.6,155936,0,2
pinterest,PINS,2020-11,39,18.0,148983,0,2
pinterest,PINS,2020-12,36,18.0,130463,0,2
pinterest,PINS,2021-01,18,8.0,141846,0,2
pinterest,PINS,2021-02,24,11.2,137291,0,2
pinterest,PINS,2021-03,40,17.6,140794,0,2
pinterest,PINS,2021-04,45,19.0,129266,0,2
pinterest,PINS,2021-05,13,6.4,132688,0,2
pinterest,PINS,2021-06,15,7.6,148899,0,2
pinterest,PINS,2021-07,20,9.2,147999,0,2
pinterest,PINS,2021-08,19,9.2,158416,0,2
pinterest,PINS,2021-09,15,6.8,161998,0,2
pinterest,PINS,2021-10,7,4.4,165648,0,2
pinterest,PINS,2021-11,19,9.6,152501,0,2
pinterest,PINS,2021-12,19,8.4,148660,0,2
pinterest,PINS,2022-01,15,6.4,146897,0,2
pinterest,PINS,2022-02,27,12.4,158500,0,2
pinterest,PINS,2022-03,21,10.2,170606,0,2
pinterest,PINS,2022-04,52,23.2,161304,0,2
pinterest,PINS,2022-05,59,27.4,159722,0,2
pinterest,PINS,2022-06,45,22.6,161387,0,2
pinterest,PINS,2022-07,30,13.6,166358,0,2
pinterest,PINS,2022-08,17,7.8,177379,0,2
pinterest,PINS,2022-09,9,4.4,152783,0,2
pinterest,PINS,2022-10,30,16.4,156531,0,2
pinterest,PINS,2022-11,8,3.2,162713,0,2
pinterest,PINS,2022-12,20,9.6,146022,0,2
pinterest,PINS,2023-01,14,7.2,151144,0,2
pinterest,PINS,2023-02,17,8.4,146664,0,2
pinterest,PINS,2023-03,26,12.0,154253,0,2
pinterest,PINS,2023-04,18,7.6,145317,0,2
pinterest,PINS,2023-05,36,16.6,156280,0,2
pinterest,PINS,2023-06,2,1.4,167149,0,2
pinterest,PINS,2023-07,6,3.4,181258,0,2
pinterest,PINS,2023-08,21,9.6,153514,0,2
pinterest,PINS,2023-09,50,24.6,145623,0,2
pinterest,PINS,2023-10,12,7.4,167651,0,2
pinterest,PINS,2023-11,22,13.0,167998,0,2
pinterest,PINS,2023-12,15,9.0,166081,0,2
pinterest,PINS,2024-01,7,4.2,148912,0,2
pinterest,PINS,2024-02,4,2.0,169453,0,2
pinterest,PINS,2024-03,25,12.2,153885,0,2
pinterest,PINS,2024-04,100,48.8,142309,0,2
pinterest,PINS,2024-05,30,16.0,153648,0,2
pinterest,PINS,2024-06,31,18.0,162759,0,2
pinterest,PINS,2024-07,23,13.6,165892,0,2
pinterest,PINS,2024-08,29,15.8,156128,0,2
pinterest,PINS,2024-09,16,8.6,151632,0,2
pinterest,PINS,2024-10,33,20.6,160990,0,2
pinterest,PINS,2024-11,20,10.6,161217,0,2
pinterest,PINS,2024-12,16,10.0,175839,0,2
pinterest,PINS,2025-01,27,16.4,181193,0,2
pinterest,PINS,2025-02,17,10.4,174475,0,2
pinterest,PINS,2025-03,40,22.4,154368,0,2
pinterest,PINS,2025-04,69,34.4,150929,0,2
pinterest,PINS,2025-05,43,23.4,151023,0,2
pinterest,PINS,2025-06,37,20.0,155285,0,2
pinterest,PINS,2025-07,30,17.0,175574,0,2
pinterest,PINS,2025-08,27,14.8,171816,0,2
pinterest,PINS,2025-09,22,13.4,198161,0,2
pinterest,PINS,2025-11,34,18.6,186089,0,2
pinterest,PINS,2025-12,16,10.4,202029,0,2
qualcomm,QCOM,2009-10,87,47.2,86591,0,2
qualcomm,QCOM,2009-11,94,48.6,86510,0,2
qualcomm,QCOM,2009-12,100,51.0,85358,0,2
qualcomm,QCOM,2010-01,36,22.0,90044,0,2
qualcomm,QCOM,2010-02,96,50.2,83979,0,2
qualcomm,QCOM,2010-03,85,46.0,84727,0,2
qualcomm,QCOM,2010-04,107,61.6,88903,0,2
qualcomm,QCOM,2010-05,79,46.0,88138,0,2
qualcomm,QCOM,2010-06,163,96.2,87564,0,2
qualcomm,QCOM,2010-07,115,71.6,90516,0,2
qualcomm,QCOM,2010-08,104,62.6,89400,0,2
qualcomm,QCOM,2010-09,84,49.8,89448,0,2
qualcomm,QCOM,2010-10,53,29.8,86665,0,2
qualcomm,QCOM,2010-11,84,47.4,87354,0,2
qualcomm,QCOM,2010-12,70,41.8,88792,0,2
qualcomm,QCOM,2011-01,74,41.2,89155,0,2
qualcomm,QCOM,2011-02,135,76.4,85556,0,2
qualcomm,QCOM,2011-03,204,112.6,83552,0,2
qualcomm,QCOM,2011-04,173,101.2,85849,0,2
qualcomm,QCOM,2011-05,129,77.4,87042,0,2
qualcomm,QCOM,2011-06,138,76.4,84037,0,2
qualcomm,QCOM,2011-07,120,67.2,85228,0,2
qualcomm,QCOM,2011-08,128,71.6,86410,0,2
qualcomm,QCOM,2011-09,112,64.2,88130,0,2
qualcomm,QCOM,2011-10,117,66.4,85805,0,2
qualcomm,QCOM,2011-11,178,100.2,87735,0,2
qualcomm,QCOM,2011-12,44,26.6,89046,0,2
qualcomm,QCOM,2012-01,58,36.4,90387,0,2
qualcomm,QCOM,2012-02,323,178.4,85472,0,2
qualcomm,QCOM,2012-03,291,156.6,84465,0,2
qualcomm,QCOM,2012-04,298,168.6,85881,0,2
qualcomm,QCOM,2012-05,269,153.2,88124,0,2
qualcomm,QCOM,2012-06,198,117.2,90228,0,2
qualcomm,QCOM,2012-07,493,256.2,85003,0,2
qualcomm,QCOM,2012-08,128,75.2,92220,0,2
qualcomm,QCOM,2012-09,100,56.4,91538,0,2
qualcomm,QCOM,2012-10,172,101.4,89294,0,2
qualcomm,QCOM,2012-11,80,47.4,95560,0,2
qualcomm,QCOM,2012-12,430,250.0,89412,0,2
qualcomm,QCOM,2013-01,613,317.2,87699,0,2
qualcomm,QCOM,2013-02,553,273.8,87085,0,2
qualcomm,QCOM,2013-03,335,184.4,92049,0,2
qualcomm,QCOM,2013-04,212,118.6,90888,0,2
qualcomm,QCOM,2013-05,110,65.8,93184,0,2
qualcomm,QCOM,2013-06,96,60.2,95368,0,2
qualcomm,QCOM,2013-07,134,82.8,95451,0,2
qualcomm,QCOM,2013-08,129,74.2,93992,0,2
qualcomm,QCOM,2013-09,140,84.4,96913,0,2
qualcomm,QCOM,2013-10,48,28.4,94075,0,2
qualcomm,QCOM,2013-11,266,148.0,91063,0,2
qualcomm,QCOM,2013-12,191,105.8,91132,0,2
qualcomm,QCOM,2014-01,123,74.8,94770,0,2
qualcomm,QCOM,2014-02,129,77.4,95074,0,2
qualcomm,QCOM,2014-03,133,80.0,95066,0,2
qualcomm,QCOM,2014-04,214,124.6,94682,0,2
qualcomm,QCOM,2014-05,195,125.4,100144,0,2
qualcomm,QCOM,2014-06,133,77.8,94079,0,2
qualcomm,QCOM,2014-07,114,68.4,99860,0,2
qualcomm,QCOM,2014-08,193,115.8,96677,0,2
qualcomm,QCOM,2014-09,195,124.6,98900,0,2
qualcomm,QCOM,2014-10,73,46.4,0,0,2
qualcomm,QCOM,2014-11,134,91.2,0,0,2
qualcomm,QCOM,2014-12,212,125.2,0,0,2
qualcomm,QCOM,2015-01,253,154.6,0,0,2
qualcomm,QCOM,2015-02,150,96.0,0,0,2
qualcomm,QCOM,2015-03,237,151.4,0,0,2
qualcomm,QCOM,2015-04,260,156.4,0,0,2
qualcomm,QCOM,2015-05,132,84.8,0,0,2
qualcomm,QCOM,2015-06,172,111.6,0,0,2
qualcomm,QCOM,2015-07,111,72.6,0,0,2
qualcomm,QCOM,2015-08,96,62.8,0,0,2
qualcomm,QCOM,2015-09,78,53.2,0,0,2
qualcomm,QCOM,2015-10,107,69.8,105193,0,2
qualcomm,QCOM,2015-11,111,75.6,104581,0,2
qualcomm,QCOM,2015-12,100,62.2,99171,0,2
qualcomm,QCOM,2016-01,136,82.2,100483,0,2
qualcomm,QCOM,2016-02,222,138.0,101497,0,2
qualcomm,QCOM,2016-03,117,74.6,104981,0,2
qualcomm,QCOM,2016-04,53,35.4,105197,0,2
qualcomm,QCOM,2016-05,40,25.2,102512,0,2
qualcomm,QCOM,2016-06,42,25.8,98557,0,2
qualcomm,QCOM,2016-07,88,56.0,104312,0,2
qualcomm,QCOM,2016-08,26,18.0,111324,0,2
qualcomm,QCOM,2016-09,32,22.8,107770,0,2
qualcomm,QCOM,2016-10,75,49.8,108014,0,2
qualcomm,QCOM,2016-11,27,18.2,108645,0,2
qualcomm,QCOM,2016-12,44,28.6,105102,0,2
qualcomm,QCOM,2017-01,216,133.8,108967,0,2
qualcomm,QCOM,2017-02,86,53.4,106439,0,2
qualcomm,QCOM,2017-03,123,80.2,106177,0,2
qualcomm,QCOM,2017-04,44,27.4,107831,0,2
qualcomm,QCOM,2017-05,50,32.0,108074,0,2
qualcomm,QCOM,2017-06,17,11.8,112354,0,2
qualcomm,QCOM,2017-07,71,45.2,111348,0,2
qualcomm,QCOM,2017-08,26,18.6,111415,0,2
qualcomm,QCOM,2017-09,14,9.8,114948,0,2
qualcomm,QCOM,2017-10,70,43.4,106744,0,2
qualcomm,QCOM,2017-11,17,11.6,108614,0,2
qualcomm,QCOM,2017-12,144,90.4,109612,0,2
qualcomm,QCOM,2018-01,99,65.6,113018,0,2
qualcomm,QCOM,2018-02,115,75.0,115173,0,2
qualcomm,QCOM,2018-03,113,75.2,111524,0,2
qualcomm,QCOM,2018-04,38,25.8,115673,0,2
qualcomm,QCOM,2018-05,36,25.8,117967,0,2
qualcomm,QCOM,2018-06,55,37.4,119308,0,2
qualcomm,QCOM,2018-07,32,24.0,122280,0,2
qualcomm,QCOM,2018-08,35,25.2,120378,0,2
qualcomm,QCOM,2018-09,30,20.6,117174,0,2
qualcomm,QCOM,2018-10,51,35.6,117669,0,2
qualcomm,QCOM,2018-11,14,9.4,107818,0,2
qualcomm,QCOM,2018-12,43,30.6,118822,0,2
qualcomm,QCOM,2019-01,62,42.2,116662,0,2
qualcomm,QCOM,2019-02,117,74.8,115333,0,2
qualcomm,QCOM,2019-03,136,88.0,115986,0,2
qualcomm,QCOM,2019-04,43,29.4,117484,0,2
qualcomm,QCOM,2019-05,35,25.2,130364,0,2
qualcomm,QCOM,2019-06,21,16.4,126910,0,2
qualcomm,QCOM,2019-07,43,29.4,120303,0,2
qualcomm,QCOM,2019-08,36,25.2,122892,0,2
qualcomm,QCOM,2019-09,40,28.8,125768,0,2
qualcomm,QCOM,2019-10,44,29.8,118208,0,2
qualcomm,QCOM,2019-11,38,25.8,122206,0,2
qualcomm,QCOM,2019-12,83,59.8,124333,0,2
qualcomm,QCOM,2020-01,177,123.2,126993,0,2
qualcomm,QCOM,2020-02,106,65.2,116296,0,2
qualcomm,QCOM,2020-03,134,89.4,124948,0,2
qualcomm,QCOM,2020-04,86,52.6,112359,0,2
qualcomm,QCOM,2020-05,92,62.0,121258,0,2
qualcomm,QCOM,2020-06,153,100.2,118721,0,2
qualcomm,QCOM,2020-07,201,141.4,127176,0,2
qualcomm,QCOM,2020-08,123,85.4,120610,0,2
qualcomm,QCOM,2020-09,173,103.8,114744,0,2
qualcomm,QCOM,2020-10,507,327.0,117274,0,2
qualcomm,QCOM,2020-11,294,210.0,124500,0,2
qualcomm,QCOM,2020-12,945,641.4,122315,0,2
qualcomm,QCOM,2021-01,788,524.8,124985,0,2
qualcomm,QCOM,2021-02,482,338.0,126408,0,2
qualcomm,QCOM,2021-03,496,330.8,123266,0,2
qualcomm,QCOM,2021-04,170,117.8,127413,0,2
qualcomm,QCOM,2021-05,153,107.4,127608,0,2
qualcomm,QCOM,2021-06,149,107.4,132093,0,2
qualcomm,QCOM,2021-07,142,103.8,131557,0,2
qualcomm,QCOM,2021-08,188,132.8,128623,0,2
qualcomm,QCOM,2021-09,220,128.8,117822,0,2
qualcomm,QCOM,2021-10,206,140.6,125694,0,2
qualcomm,QCOM,2021-11,157,114.2,126241,0,2
qualcomm,QCOM,2021-12,193,129.4,126069,0,2
qualcomm,QCOM,2022-01,305,194.6,122020,0,2
qualcomm,QCOM,2022-02,326,216.4,125149,0,2
qualcomm,QCOM,2022-03,585,350.4,118494,0,2
qualcomm,QCOM,2022-04,417,248.6,119673,0,2
qualcomm,QCOM,2022-05,258,161.6,120762,0,2
qualcomm,QCOM,2022-06,248,160.8,124636,0,2
qualcomm,QCOM,2022-07,171,119.0,134306,0,2
qualcomm,QCOM,2022-08,273,189.8,134582,0,2
qualcomm,QCOM,2022-09,210,146.8,133564,0,2
qualcomm,QCOM,2022-10,460,318.8,138500,0,2
qualcomm,QCOM,2022-11,546,378.4,134895,0,2
qualcomm,QCOM,2022-12,431,292.0,133236,0,2
qualcomm,QCOM,2023-01,649,424.4,133557,0,2
qualcomm,QCOM,2023-02,930,543.0,124624,0,2
qualcomm,QCOM,2023-03,528,308.6,123510,0,2
qualcomm,QCOM,2023-04,139,95.4,135118,0,2
qualcomm,QCOM,2023-05,134,90.6,137854,0,2
qualcomm,QCOM,2023-06,209,147.4,138982,0,2
qualcomm,QCOM,2023-07,144,102.6,147406,0,2
qualcomm,QCOM,2023-08,118,78.0,140579,0,2
qualcomm,QCOM,2023-09,72,47.0,136392,0,2
qualcomm,QCOM,2023-10,84,58.6,145994,0,2
qualcomm,QCOM,2023-11,103,71.2,138738,0,2
qualcomm,QCOM,2023-12,85,59.0,140497,0,2
qualcomm,QCOM,2024-01,113,74.2,132899,0,2
qualcomm,QCOM,2024-02,489,308.6,133529,0,2
qualcomm,QCOM,2024-03,651,373.4,126362,0,2
qualcomm,QCOM,2024-04,134,86.2,135126,0,2
qualcomm,QCOM,2024-05,82,54.0,140498,0,2
qualcomm,QCOM,2024-06,121,82.6,140484,0,2
qualcomm,QCOM,2024-07,100,68.0,142516,0,2
qualcomm,QCOM,2024-08,89,65.0,149361,0,2
qualcomm,QCOM,2024-09,115,82.8,148530,0,2
qualcomm,QCOM,2024-10,129,93.6,148469,0,2
qualcomm,QCOM,2024-11,97,68.8,147134,0,2
qualcomm,QCOM,2024-12,224,153.8,141196,0,2
qualcomm,QCOM,2025-01,251,157.6,134571,0,2
qualcomm,QCOM,2025-02,458,271.4,135213,0,2
qualcomm,QCOM,2025-03,522,308.2,137181,0,2
qualcomm,QCOM,2025-04,102,70.2,154100,0,2
qualcomm,QCOM,2025-05,82,51.6,147549,0,2
qualcomm,QCOM,2025-06,98,68.6,151211,0,2
qualcomm,QCOM,2025-07,104,77.0,159984,0,2
qualcomm,QCOM,2025-08,85,61.6,159796,0,2
qualcomm,QCOM,2025-09,95,69.4,157254,0,2
qualcomm,QCOM,2025-11,209,144.0,155209,0,2
qualcomm,QCOM,2025-12,169,119.2,157258,0,2
roblox,RBLX,2010-12,1,0.8,137000,0,2
roblox,RBLX,2011-03,2,1.0,102500,0,2
roblox,RBLX,2011-04,1,0.6,102500,0,2
roblox,RBLX,2011-05,1,1.0,150000,0,2
roblox,RBLX,2011-10,2,1.2,111250,0,2
roblox,RBLX,2012-03,1,0.4,85000,0,2
roblox,RBLX,2012-06,2,1.6,130000,0,2
roblox,RBLX,2012-09,1,0.8,180000,0,2
roblox,RBLX,2013-03,1,0.6,110000,0,2
roblox,RBLX,2013-04,1,0.6,125000,0,2
roblox,RBLX,2013-05,1,0.8,159224,0,2
roblox,RBLX,2013-06,1,0.6,150000,0,2
roblox,RBLX,2014-02,1,0.4,110000,0,2
roblox,RBLX,2014-04,1,0.4,125000,0,2
roblox,RBLX,2014-06,2,1.0,122500,0,2
roblox,RBLX,2014-07,1,0.4,120000,0,2
roblox,RBLX,2014-08,1,0.8,159224,0,2
roblox,RBLX,2014-10,1,0.4,0,0,2
roblox,RBLX,2014-11,1,0.4,0,0,2
roblox,RBLX,2014-12,1,0.6,0,0,2
roblox,RBLX,2015-02,5,2.0,0,0,2
roblox,RBLX,2015-03,2,0.8,0,0,2
roblox,RBLX,2015-04,4,1.6,0,0,2
roblox,RBLX,2015-05,1,0.4,0,0,2
roblox,RBLX,2015-12,1,0.6,155000,0,2
roblox,RBLX,2016-02,2,1.2,147500,0,2
roblox,RBLX,2016-03,2,1.4,127000,0,2
roblox,RBLX,2016-04,1,0.4,120000,0,2
roblox,RBLX,2016-05,2,1.2,135000,0,2
roblox,RBLX,2016-06,1,0.6,125000,0,2
roblox,RBLX,2016-07,3,2.0,206666,0,2
roblox,RBLX,2016-10,1,0.6,110000,0,2
roblox,RBLX,2016-11,1,0.4,100000,0,2
roblox,RBLX,2016-12,2,1.0,137500,0,2
roblox,RBLX,2017-01,7,3.4,119000,0,2
roblox,RBLX,2017-02,1,0.4,95000,0,2
roblox,RBLX,2017-03,8,4.4,140000,0,2
roblox,RBLX,2017-04,3,1.4,118668,0,2
roblox,RBLX,2017-05,1,0.4,120000,0,2
roblox,RBLX,2017-06,1,0.6,165000,0,2
roblox,RBLX,2017-07,2,1.2,152500,0,2
roblox,RBLX,2017-08,3,1.6,152500,0,2
roblox,RBLX,2017-10,5,3.2,149198,0,2
roblox,RBLX,2017-12,1,0.4,125000,0,2
roblox,RBLX,2018-02,19,8.2,123157,0,2
roblox,RBLX,2018-03,4,1.8,140500,0,2
roblox,RBLX,2018-04,4,2.0,157500,0,2
roblox,RBLX,2018-05,6,3.6,205000,0,2
roblox,RBLX,2018-06,1,0.6,250000,0,2
roblox,RBLX,2018-07,1,1.0,230000,0,2
roblox,RBLX,2018-08,1,0.6,220000,0,2
roblox,RBLX,2018-09,2,1.2,230000,0,2
roblox,RBLX,2018-10,2,0.8,135538,0,2
roblox,RBLX,2018-11,3,1.6,149333,0,2
roblox,RBLX,2019-01,1,0.4,112000,0,2
roblox,RBLX,2019-02,15,6.6,129169,0,2
roblox,RBLX,2019-03,12,6.6,157769,0,2
roblox,RBLX,2019-04,3,1.6,148315,0,2
roblox,RBLX,2019-05,6,3.4,192500,0,2
roblox,RBLX,2019-06,3,1.8,241666,0,2
roblox,RBLX,2019-07,3,1.4,145666,0,2
roblox,RBLX,2019-08,5,3.4,155800,0,2
roblox,RBLX,2019-09,5,3.4,242800,0,2
roblox,RBLX,2019-10,4,3.0,236250,0,2
roblox,RBLX,2019-11,7,4.4,202303,0,2
roblox,RBLX,2019-12,5,3.2,196738,0,2
roblox,RBLX,2020-01,1,0.4,155000,0,2
roblox,RBLX,2020-02,4,2.8,177909,0,2
roblox,RBLX,2020-03,19,11.8,172518,0,2
roblox,RBLX,2020-04,14,8.4,189686,0,2
roblox,RBLX,2020-05,8,4.6,209062,0,2
roblox,RBLX,2020-06,7,4.4,187839,0,2
roblox,RBLX,2020-07,9,5.4,169105,0,2
roblox,RBLX,2020-08,2,1.6,242000,0,2
roblox,RBLX,2020-09,9,5.4,230372,0,2
roblox,RBLX,2020-10,18,14.4,236175,0,2
roblox,RBLX,2020-11,30,16.8,206842,0,2
roblox,RBLX,2020-12,6,3.0,174125,0,2
roblox,RBLX,2021-01,10,4.8,183850,0,2
roblox,RBLX,2021-02,12,8.4,241083,0,2
roblox,RBLX,2021-03,20,13.6,265322,0,2
roblox,RBLX,2021-04,6,3.0,219208,0,2
roblox,RBLX,2021-05,15,7.6,200948,0,2
roblox,RBLX,2021-06,12,6.4,218979,0,2
roblox,RBLX,2021-07,7,4.0,222665,0,2
roblox,RBLX,2021-08,5,2.6,240880,0,2
roblox,RBLX,2021-09,9,4.6,207253,0,2
roblox,RBLX,2021-10,6,3.8,254685,0,2
roblox,RBLX,2021-11,7,4.2,238864,0,2
roblox,RBLX,2021-12,5,2.6,222910,0,2
roblox,RBLX,2022-01,10,5.6,211333,0,2
roblox,RBLX,2022-02,7,4.6,262738,0,2
roblox,RBLX,2022-03,17,10.0,258583,0,2
roblox,RBLX,2022-04,20,12.6,266744,0,2
roblox,RBLX,2022-05,32,17.2,220969,0,2
roblox,RBLX,2022-06,21,13.4,242912,0,2
roblox,RBLX,2022-07,16,10.2,251816,0,2
roblox,RBLX,2022-08,13,8.8,270490,0,2
roblox,RBLX,2022-09,6,4.0,277213,0,2
roblox,RBLX,2022-10,8,5.6,255505,0,2
roblox,RBLX,2022-11,22,13.6,246052,0,2
roblox,RBLX,2022-12,16,10.4,251921,0,2
roblox,RBLX,2023-01,12,7.6,229589,0,2
roblox,RBLX,2023-02,6,3.4,245815,0,2
roblox,RBLX,2023-03,11,7.0,244859,0,2
roblox,RBLX,2023-04,25,15.2,224587,0,2
roblox,RBLX,2023-05,9,6.2,286345,0,2
roblox,RBLX,2023-06,7,5.0,281629,0,2
roblox,RBLX,2023-07,19,10.2,246847,0,2
roblox,RBLX,2023-08,18,12.2,238416,0,2
roblox,RBLX,2023-09,12,9.8,329156,0,2
roblox,RBLX,2023-10,4,3.0,295882,0,2
roblox,RBLX,2023-11,4,3.0,318415,0,2
roblox,RBLX,2023-12,7,4.0,247701,0,2
roblox,RBLX,2024-01,7,4.2,241510,0,2
roblox,RBLX,2024-02,4,2.6,267025,0,2
roblox,RBLX,2024-03,19,10.8,220212,0,2
roblox,RBLX,2024-04,21,12.4,223497,0,2
roblox,RBLX,2024-05,5,2.6,258838,0,2
roblox,RBLX,2024-06,4,2.6,258352,0,2
roblox,RBLX,2024-07,12,8.6,274494,0,2
roblox,RBLX,2024-08,16,11.6,276036,0,2
roblox,RBLX,2024-09,12,8.2,278860,0,2
roblox,RBLX,2024-10,10,6.8,336550,0,2
roblox,RBLX,2024-11,16,9.4,249653,0,2
roblox,RBLX,2024-12,17,10.2,274976,0,2
roblox,RBLX,2025-01,19,11.4,275925,0,2
roblox,RBLX,2025-02,18,11.0,256819,0,2
roblox,RBLX,2025-03,23,14.4,258406,0,2
roblox,RBLX,2025-04,52,30.2,234550,0,2
roblox,RBLX,2025-05,30,20.0,274916,0,2
roblox,RBLX,2025-06,11,7.4,272775,0,2
roblox,RBLX,2025-07,12,8.0,287669,0,2
roblox,RBLX,2025-08,19,12.6,267327,0,2
roblox,RBLX,2025-09,19,13.0,283722,0,2
roblox,RBLX,2025-11,20,12.8,266269,0,2
roblox,RBLX,2025-12,14,9.6,275352,0,2
roku,ROKU,2013-06,1,0.6,140000,0,2
roku,ROKU,2013-08,2,1.2,145000,0,2
roku,ROKU,2013-09,1,0.6,110000,0,2
roku,ROKU,2013-11,2,1.0,142000,0,2
roku,ROKU,2014-02,1,0.4,140000,0,2
roku,ROKU,2014-06,1,0.6,150000,0,2
roku,ROKU,2014-07,2,1.0,137500,0,2
roku,ROKU,2014-09,2,1.2,210000,0,2
roku,ROKU,2014-10,4,2.4,0,0,2
roku,ROKU,2014-11,1,0.6,0,0,2
roku,ROKU,2015-03,3,1.8,0,0,2
roku,ROKU,2015-04,1,0.6,0,0,2
roku,ROKU,2015-06,3,1.4,0,0,2
roku,ROKU,2015-08,1,0.8,0,0,2
roku,ROKU,2015-09,1,0.6,0,0,2
roku,ROKU,2015-10,3,1.8,183333,0,2
roku,ROKU,2015-11,1,0.6,230000,0,2
roku,ROKU,2015-12,2,1.2,137500,0,2
roku,ROKU,2016-01,1,0.6,160000,0,2
roku,ROKU,2016-02,1,0.6,145000,0,2
roku,ROKU,2016-03,2,1.0,140174,0,2
roku,ROKU,2016-04,1,0.6,140000,0,2
roku,ROKU,2016-05,1,0.6,120000,0,2
roku,ROKU,2016-07,4,2.6,220000,0,2
roku,ROKU,2016-08,2,1.0,167500,0,2
roku,ROKU,2016-10,1,0.8,150000,0,2
roku,ROKU,2016-11,3,1.8,233333,0,2
roku,ROKU,2016-12,3,1.6,165000,0,2
roku,ROKU,2017-01,2,1.2,167500,0,2
roku,ROKU,2017-02,2,1.2,190000,0,2
roku,ROKU,2017-03,8,3.6,154612,0,2
roku,ROKU,2017-04,2,1.2,197500,0,2
roku,ROKU,2017-05,6,3.8,216666,0,2
roku,ROKU,2017-06,4,2.2,175000,0,2
roku,ROKU,2017-07,4,2.4,186250,0,2
roku,ROKU,2017-08,5,3.0,214400,0,2
roku,ROKU,2017-09,7,4.4,213571,0,2
roku,ROKU,2017-10,3,1.6,185000,0,2
roku,ROKU,2017-11,1,0.6,220000,0,2
roku,ROKU,2017-12,3,1.6,216666,0,2
roku,ROKU,2018-01,5,3.2,197054,0,2
roku,ROKU,2018-02,11,5.4,156791,0,2
roku,ROKU,2018-03,10,5.4,199103,0,2
roku,ROKU,2018-04,2,1.0,136822,0,2
roku,ROKU,2018-05,1,0.8,205000,0,2
roku,ROKU,2018-06,1,0.4,180000,0,2
roku,ROKU,2018-07,7,4.0,203571,0,2
roku,ROKU,2018-08,9,5.6,225019,0,2
roku,ROKU,2018-09,3,1.8,178649,0,2
roku,ROKU,2018-10,6,3.4,198892,0,2
roku,ROKU,2018-11,3,1.6,145245,0,2
roku,ROKU,2018-12,3,2.0,179200,0,2
roku,ROKU,2019-01,2,1.0,155106,0,2
roku,ROKU,2019-02,10,5.4,147389,0,2
roku,ROKU,2019-03,8,4.4,159369,0,2
roku,ROKU,2019-04,5,2.6,121734,0,2
roku,ROKU,2019-05,5,2.8,167042,0,2
roku,ROKU,2019-06,4,2.2,155106,0,2
roku,ROKU,2019-07,4,2.6,266800,0,2
roku,ROKU,2019-08,4,2.8,279500,0,2
roku,ROKU,2019-09,6,3.8,229829,0,2
roku,ROKU,2019-10,7,3.8,215905,0,2
roku,ROKU,2019-11,9,5.6,174819,0,2
roku,ROKU,2019-12,6,3.8,181751,0,2
roku,ROKU,2020-01,5,3.2,183161,0,2
roku,ROKU,2020-02,14,8.6,187829,0,2
roku,ROKU,2020-03,14,7.2,138147,0,2
roku,ROKU,2020-04,11,6.4,171131,0,2
roku,ROKU,2020-05,6,3.0,135083,0,2
roku,ROKU,2020-06,6,4.0,169086,0,2
roku,ROKU,2020-07,10,6.2,201223,0,2
roku,ROKU,2020-08,12,7.2,161710,0,2
roku,ROKU,2020-09,8,5.0,179373,0,2
roku,ROKU,2020-10,21,13.2,200240,0,2
roku,ROKU,2020-11,51,30.0,181746,0,2
roku,ROKU,2020-12,15,7.8,151972,0,2
roku,ROKU,2021-01,12,6.8,171124,0,2
roku,ROKU,2021-02,20,10.8,161634,0,2
roku,ROKU,2021-03,42,24.8,195287,0,2
roku,ROKU,2021-04,26,14.6,174957,0,2
roku,ROKU,2021-05,15,9.2,166212,0,2
roku,ROKU,2021-06,20,12.2,187796,0,2
roku,ROKU,2021-07,23,13.4,198049,0,2
roku,ROKU,2021-08,19,10.6,191093,0,2
roku,ROKU,2021-09,23,14.0,209959,0,2
roku,ROKU,2021-10,27,15.8,185417,0,2
roku,ROKU,2021-11,27,16.8,182091,0,2
roku,ROKU,2021-12,31,18.2,161524,0,2
roku,ROKU,2022-01,13,7.4,170316,0,2
roku,ROKU,2022-02,15,9.4,178605,0,2
roku,ROKU,2022-03,31,18.8,171381,0,2
roku,ROKU,2022-04,33,18.2,180845,0,2
roku,ROKU,2022-05,37,22.6,183324,0,2
roku,ROKU,2022-06,28,16.6,207779,0,2
roku,ROKU,2022-07,11,6.6,209773,0,2
roku,ROKU,2022-08,16,10.6,235600,0,2
roku,ROKU,2022-09,8,5.4,191268,0,2
roku,ROKU,2022-10,14,8.0,201224,0,2
roku,ROKU,2022-11,2,1.2,192941,0,2
roku,ROKU,2022-12,6,4.0,154480,0,2
roku,ROKU,2023-01,2,1.2,216750,0,2
roku,ROKU,2023-02,7,4.2,209996,0,2
roku,ROKU,2023-03,13,8.2,189330,0,2
roku,ROKU,2023-04,23,12.4,164046,0,2
roku,ROKU,2023-05,7,4.4,207946,0,2
roku,ROKU,2023-06,6,4.0,202971,0,2
roku,ROKU,2023-07,3,1.4,129166,0,2
roku,ROKU,2023-08,8,4.0,189243,0,2
roku,ROKU,2023-09,1,0.6,195500,0,2
roku,ROKU,2023-10,2,1.4,280125,0,2
roku,ROKU,2023-11,29,18.4,250479,0,2
roku,ROKU,2023-12,5,3.2,233652,0,2
roku,ROKU,2024-01,12,7.0,243333,0,2
roku,ROKU,2024-02,10,5.8,262006,0,2
roku,ROKU,2024-03,14,8.0,240443,0,2
roku,ROKU,2024-04,24,13.4,215111,0,2
roku,ROKU,2024-05,14,8.8,227080,0,2
roku,ROKU,2024-06,10,6.0,219379,0,2
roku,ROKU,2024-07,16,10.0,227596,0,2
roku,ROKU,2024-08,20,12.8,218605,0,2
roku,ROKU,2024-09,9,5.0,196363,0,2
roku,ROKU,2024-10,8,5.0,192946,0,2
roku,ROKU,2024-11,17,10.4,207389,0,2
roku,ROKU,2024-12,17,10.4,230087,0,2
roku,ROKU,2025-01,16,9.8,216823,0,2
roku,ROKU,2025-02,9,5.6,227900,0,2
roku,ROKU,2025-03,4,3.0,264935,0,2
roku,ROKU,2025-04,16,10.0,180346,0,2
roku,ROKU,2025-05,8,4.8,209673,0,2
roku,ROKU,2025-06,11,7.0,222108,0,2
roku,ROKU,2025-07,5,3.2,187670,0,2
roku,ROKU,2025-08,3,1.8,209666,0,2
roku,ROKU,2025-09,4,2.4,198941,0,2
roku,ROKU,2025-11,4,2.4,278162,0,2
roku,ROKU,2025-12,2,1.4,243828,0,2
salesforce,CRM,2009-10,13,9.2,110384,0,2
salesforce,CRM,2009-11,17,12.2,113342,0,2
salesforce,CRM,2009-12,9,5.6,108804,0,2
salesforce,CRM,2010-01,3,2.4,116666,0,2
salesforce,CRM,2010-02,3,2.4,114000,0,2
salesforce,CRM,2010-03,14,7.8,103868,0,2
salesforce,CRM,2010-04,11,5.4,110833,0,2
salesforce,CRM,2010-05,7,4.8,124000,0,2
salesforce,CRM,2010-06,21,11.8,106784,0,2
salesforce,CRM,2010-07,8,5.8,110737,0,2
salesforce,CRM,2010-08,10,5.6,94516,0,2
salesforce,CRM,2010-09,12,7.6,106816,0,2
salesforce,CRM,2010-10,19,10.8,113157,0,2
salesforce,CRM,2010-11,24,14.4,110620,0,2
salesforce,CRM,2010-12,20,10.8,103450,0,2
salesforce,CRM,2011-01,8,5.2,109580,0,2
salesforce,CRM,2011-02,9,6.4,118597,0,2
salesforce,CRM,2011-03,21,12.4,108586,0,2
salesforce,CRM,2011-04,22,13.0,114666,0,2
salesforce,CRM,2011-05,18,12.2,120274,0,2
salesforce,CRM,2011-06,20,13.0,107450,0,2
salesforce,CRM,2011-07,15,8.6,104522,0,2
salesforce,CRM,2011-08,25,17.0,116070,0,2
salesforce,CRM,2011-09,16,10.4,122433,0,2
salesforce,CRM,2011-10,20,13.2,118597,0,2
salesforce,CRM,2011-11,35,20.6,107700,0,2
salesforce,CRM,2011-12,11,8.0,110709,0,2
salesforce,CRM,2012-01,16,9.4,110566,0,2
salesforce,CRM,2012-02,38,25.8,120263,0,2
salesforce,CRM,2012-03,79,43.2,115166,0,2
salesforce,CRM,2012-04,20,12.6,124097,0,2
salesforce,CRM,2012-05,20,12.4,123989,0,2
salesforce,CRM,2012-06,25,16.8,124599,0,2
salesforce,CRM,2012-07,17,12.8,124150,0,2
salesforce,CRM,2012-08,17,12.2,126359,0,2
salesforce,CRM,2012-09,12,7.8,116745,0,2
salesforce,CRM,2012-10,18,11.8,124243,0,2
salesforce,CRM,2012-11,21,14.6,131285,0,2
salesforce,CRM,2012-12,21,15.2,127380,0,2
salesforce,CRM,2013-01,15,10.4,130570,0,2
salesforce,CRM,2013-02,43,24.0,114134,0,2
salesforce,CRM,2013-03,81,47.4,114686,0,2
salesforce,CRM,2013-04,22,15.2,123493,0,2
salesforce,CRM,2013-05,44,32.0,131723,0,2
salesforce,CRM,2013-06,23,17.8,134912,0,2
salesforce,CRM,2013-07,18,12.6,129083,0,2
salesforce,CRM,2013-08,19,13.2,126753,0,2
salesforce,CRM,2013-09,28,21.2,130057,0,2
salesforce,CRM,2013-10,15,9.6,121306,0,2
salesforce,CRM,2013-11,32,20.6,132862,0,2
salesforce,CRM,2013-12,17,11.2,129000,0,2
salesforce,CRM,2014-01,30,21.2,130536,0,2
salesforce,CRM,2014-02,81,50.4,116215,0,2
salesforce,CRM,2014-03,95,52.2,111307,0,2
salesforce,CRM,2014-04,44,26.4,128884,0,2
salesforce,CRM,2014-05,27,15.0,124321,0,2
salesforce,CRM,2014-06,28,13.4,130845,0,2
salesforce,CRM,2014-07,27,16.8,139258,0,2
salesforce,CRM,2014-08,42,26.2,129415,0,2
salesforce,CRM,2014-09,33,23.4,132020,0,2
salesforce,CRM,2014-10,17,9.2,0,0,2
salesforce,CRM,2014-11,52,29.4,0,0,2
salesforce,CRM,2014-12,30,18.8,0,0,2
salesforce,CRM,2015-01,31,18.6,0,0,2
salesforce,CRM,2015-02,22,13.2,0,0,2
salesforce,CRM,2015-03,183,106.6,0,0,2
salesforce,CRM,2015-04,69,42.0,0,0,2
salesforce,CRM,2015-05,44,26.0,0,0,2
salesforce,CRM,2015-06,42,24.8,0,0,2
salesforce,CRM,2015-07,41,26.6,0,0,2
salesforce,CRM,2015-08,62,39.0,0,0,2
salesforce,CRM,2015-09,43,25.8,0,0,2
salesforce,CRM,2015-10,44,30.0,120781,0,2
salesforce,CRM,2015-11,37,23.4,117571,0,2
salesforce,CRM,2015-12,117,61.6,110920,0,2
salesforce,CRM,2016-01,112,66.8,110712,0,2
salesforce,CRM,2016-02,97,60.6,112151,0,2
salesforce,CRM,2016-03,103,58.0,110788,0,2
salesforce,CRM,2016-04,80,49.6,124993,0,2
salesforce,CRM,2016-05,62,37.2,123943,0,2
salesforce,CRM,2016-06,63,41.4,122605,0,2
salesforce,CRM,2016-07,52,35.0,125655,0,2
salesforce,CRM,2016-08,40,26.6,123765,0,2
salesforce,CRM,2016-09,34,22.8,129363,0,2
salesforce,CRM,2016-10,37,25.4,127143,0,2
salesforce,CRM,2016-11,48,32.2,124603,0,2
salesforce,CRM,2016-12,103,55.2,113782,0,2
salesforce,CRM,2017-01,138,77.8,119015,0,2
salesforce,CRM,2017-02,128,75.0,116895,0,2
salesforce,CRM,2017-03,216,128.8,121101,0,2
salesforce,CRM,2017-04,67,42.2,118579,0,2
salesforce,CRM,2017-05,62,35.2,116986,0,2
salesforce,CRM,2017-06,66,39.8,115908,0,2
salesforce,CRM,2017-07,58,35.4,130464,0,2
salesforce,CRM,2017-08,63,41.2,130466,0,2
salesforce,CRM,2017-09,53,33.6,134355,0,2
salesforce,CRM,2017-10,55,33.4,128981,0,2
salesforce,CRM,2017-11,63,39.6,130514,0,2
salesforce,CRM,2017-12,72,41.4,125551,0,2
salesforce,CRM,2018-01,98,57.0,121116,0,2
salesforce,CRM,2018-02,188,103.6,124999,0,2
salesforce,CRM,2018-03,332,186.0,123918,0,2
salesforce,CRM,2018-04,109,64.6,127540,0,2
salesforce,CRM,2018-05,80,48.0,133203,0,2
salesforce,CRM,2018-06,82,48.4,131075,0,2
salesforce,CRM,2018-07,74,49.2,139481,0,2
salesforce,CRM,2018-08,74,42.4,138987,0,2
salesforce,CRM,2018-09,73,44.6,137044,0,2
salesforce,CRM,2018-10,110,63.6,143815,0,2
salesforce,CRM,2018-11,91,53.6,135987,0,2
salesforce,CRM,2018-12,122,66.4,128502,0,2
salesforce,CRM,2019-01,185,96.0,125844,0,2
salesforce,CRM,2019-02,188,106.0,128566,0,2
salesforce,CRM,2019-03,292,154.0,121215,0,2
salesforce,CRM,2019-04,142,87.8,137246,0,2
salesforce,CRM,2019-05,112,70.6,130527,0,2
salesforce,CRM,2019-06,135,83.0,136488,0,2
salesforce,CRM,2019-07,112,66.6,127824,0,2
salesforce,CRM,2019-08,130,87.0,135541,0,2
salesforce,CRM,2019-09,93,59.2,125479,0,2
salesforce,CRM,2019-10,149,92.4,130168,0,2
salesforce,CRM,2019-11,103,62.8,136346,0,2
salesforce,CRM,2019-12,142,92.8,138588,0,2
salesforce,CRM,2020-01,122,72.4,134903,0,2
salesforce,CRM,2020-02,387,197.2,119358,0,2
salesforce,CRM,2020-03,407,220.2,119381,0,2
salesforce,CRM,2020-04,129,79.8,131302,0,2
salesforce,CRM,2020-05,119,76.2,139180,0,2
salesforce,CRM,2020-06,96,56.6,131571,0,2
salesforce,CRM,2020-07,127,80.0,135210,0,2
salesforce,CRM,2020-08,87,55.4,136179,0,2
salesforce,CRM,2020-09,131,82.8,132672,0,2
salesforce,CRM,2020-10,219,139.8,140180,0,2
salesforce,CRM,2020-11,273,165.6,144459,0,2
salesforce,CRM,2020-12,279,171.6,138768,0,2
salesforce,CRM,2021-01,373,217.0,139728,0,2
salesforce,CRM,2021-02,418,247.2,135700,0,2
salesforce,CRM,2021-03,320,184.8,131863,0,2
salesforce,CRM,2021-04,264,143.4,126416,0,2
salesforce,CRM,2021-05,175,107.2,129046,0,2
salesforce,CRM,2021-06,238,144.0,133334,0,2
salesforce,CRM,2021-07,201,126.2,132797,0,2
salesforce,CRM,2021-08,236,137.4,180723,0,2
salesforce,CRM,2021-09,201,120.8,178714,0,2
salesforce,CRM,2021-10,213,130.0,177995,0,2
salesforce,CRM,2021-11,198,113.8,178373,0,2
salesforce,CRM,2021-12,242,139.0,178540,0,2
salesforce,CRM,2022-01,231,131.2,180926,0,2
salesforce,CRM,2022-02,168,96.2,187139,0,2
salesforce,CRM,2022-03,339,194.6,179258,0,2
salesforce,CRM,2022-04,473,276.0,182653,0,2
salesforce,CRM,2022-05,306,165.4,178036,0,2
salesforce,CRM,2022-06,246,135.6,178050,0,2
salesforce,CRM,2022-07,114,70.6,193720,0,2
salesforce,CRM,2022-08,169,110.2,195308,0,2
salesforce,CRM,2022-09,125,76.4,199152,0,2
salesforce,CRM,2022-10,210,130.4,201208,0,2
salesforce,CRM,2022-11,194,123.2,184737,0,2
salesforce,CRM,2022-12,202,123.2,188963,0,2
salesforce,CRM,2023-01,99,52.4,172049,0,2
salesforce,CRM,2023-02,336,162.0,167097,0,2
salesforce,CRM,2023-03,360,184.2,164921,0,2
salesforce,CRM,2023-04,150,79.8,175252,0,2
salesforce,CRM,2023-05,95,53.8,189251,0,2
salesforce,CRM,2023-06,76,46.2,199251,0,2
salesforce,CRM,2023-07,85,49.2,186981,0,2
salesforce,CRM,2023-08,138,80.2,186843,0,2
salesforce,CRM,2023-09,208,116.8,182101,0,2
salesforce,CRM,2023-10,164,95.0,202112,0,2
salesforce,CRM,2023-11,209,111.6,191185,0,2
salesforce,CRM,2023-12,145,81.0,203659,0,2
salesforce,CRM,2024-01,189,112.0,206251,0,2
salesforce,CRM,2024-02,183,105.6,191125,0,2
salesforce,CRM,2024-03,350,181.2,179928,0,2
salesforce,CRM,2024-04,300,156.0,181827,0,2
salesforce,CRM,2024-05,219,125.8,197915,0,2
salesforce,CRM,2024-06,127,72.8,200837,0,2
salesforce,CRM,2024-07,168,92.8,205629,0,2
salesforce,CRM,2024-08,136,76.0,213385,0,2
salesforce,CRM,2024-09,115,63.4,207224,0,2
salesforce,CRM,2024-10,128,73.8,213560,0,2
salesforce,CRM,2024-11,115,66.0,218450,0,2
salesforce,CRM,2024-12,151,91.6,204413,0,2
salesforce,CRM,2025-01,126,69.2,210086,0,2
salesforce,CRM,2025-02,149,83.2,207787,0,2
salesforce,CRM,2025-03,227,125.2,195586,0,2
salesforce,CRM,2025-04,218,110.4,198525,0,2
salesforce,CRM,2025-05,193,100.2,194282,0,2
salesforce,CRM,2025-06,140,79.0,216783,0,2
salesforce,CRM,2025-07,142,74.4,220025,0,2
salesforce,CRM,2025-08,128,73.2,225279,0,2
salesforce,CRM,2025-09,175,95.6,214199,0,2
salesforce,CRM,2025-11,160,83.8,209312,0,2
salesforce,CRM,2025-12,164,95.0,220666,0,2
servicenow,NOW,2012-07,1,0.6,115494,0,2
servicenow,NOW,2012-08,1,0.4,86373,0,2
servicenow,NOW,2012-09,5,2.2,96891,0,2
servicenow,NOW,2012-11,1,0.6,133328,0,2
servicenow,NOW,2012-12,3,1.8,129450,0,2
servicenow,NOW,2013-01,3,1.4,91666,0,2
servicenow,NOW,2013-02,2,1.2,126000,0,2
servicenow,NOW,2013-03,5,2.2,99521,0,2
servicenow,NOW,2013-05,5,2.2,96046,0,2
servicenow,NOW,2013-06,2,1.0,108233,0,2
servicenow,NOW,2013-07,2,1.0,101500,0,2
servicenow,NOW,2013-08,6,3.4,108241,0,2
servicenow,NOW,2013-09,6,3.0,107024,0,2
servicenow,NOW,2013-10,3,1.6,107129,0,2
servicenow,NOW,2013-11,6,3.0,106205,0,2
servicenow,NOW,2013-12,7,3.0,93151,0,2
servicenow,NOW,2014-01,2,1.2,100223,0,2
servicenow,NOW,2014-02,13,5.6,80875,0,2
servicenow,NOW,2014-03,12,5.6,78940,0,2
servicenow,NOW,2014-04,8,3.6,108743,0,2
servicenow,NOW,2014-05,6,2.4,90047,0,2
servicenow,NOW,2014-06,9,4.6,104773,0,2
servicenow,NOW,2014-07,9,4.4,103393,0,2
servicenow,NOW,2014-08,2,1.0,92970,0,2
servicenow,NOW,2014-09,16,8.0,105417,0,2
servicenow,NOW,2014-10,6,2.8,0,0,2
servicenow,NOW,2014-11,6,2.6,0,0,2
servicenow,NOW,2014-12,5,2.4,0,0,2
servicenow,NOW,2015-01,4,1.6,0,0,2
servicenow,NOW,2015-02,11,5.2,0,0,2
servicenow,NOW,2015-03,28,12.8,0,0,2
servicenow,NOW,2015-04,10,4.8,0,0,2
servicenow,NOW,2015-06,5,2.0,0,0,2
servicenow,NOW,2015-07,2,1.6,0,0,2
servicenow,NOW,2015-08,2,1.0,0,0,2
servicenow,NOW,2015-09,9,5.2,0,0,2
servicenow,NOW,2015-10,9,4.8,108366,0,2
servicenow,NOW,2015-11,5,2.6,107955,0,2
servicenow,NOW,2015-12,13,7.8,104214,0,2
servicenow,NOW,2016-01,13,6.8,119001,0,2
servicenow,NOW,2016-02,37,18.8,87388,0,2
servicenow,NOW,2016-03,15,8.2,95812,0,2
servicenow,NOW,2016-04,14,8.2,112413,0,2
servicenow,NOW,2016-05,5,3.2,114690,0,2
servicenow,NOW,2016-06,12,6.8,113721,0,2
servicenow,NOW,2016-07,7,4.8,116939,0,2
servicenow,NOW,2016-08,6,3.2,109149,0,2
servicenow,NOW,2016-09,8,5.4,130152,0,2
servicenow,NOW,2016-10,10,6.2,122388,0,2
servicenow,NOW,2016-11,16,8.2,111312,0,2
servicenow,NOW,2016-12,10,4.8,112174,0,2
servicenow,NOW,2017-01,31,16.8,100787,0,2
servicenow,NOW,2017-02,33,16.4,88652,0,2
servicenow,NOW,2017-03,42,23.4,103597,0,2
servicenow,NOW,2017-04,8,5.0,116292,0,2
servicenow,NOW,2017-05,8,5.2,118839,0,2
servicenow,NOW,2017-06,5,2.8,115866,0,2
servicenow,NOW,2017-07,12,6.2,105278,0,2
servicenow,NOW,2017-08,5,3.0,111412,0,2
servicenow,NOW,2017-09,10,6.6,126394,0,2
servicenow,NOW,2017-10,24,15.0,126605,0,2
servicenow,NOW,2017-11,11,6.6,119340,0,2
servicenow,NOW,2017-12,10,6.4,119222,0,2
servicenow,NOW,2018-01,14,7.0,110478,0,2
servicenow,NOW,2018-02,59,33.4,113586,0,2
servicenow,NOW,2018-03,46,25.2,116648,0,2
servicenow,NOW,2018-04,13,7.8,124736,0,2
servicenow,NOW,2018-05,22,14.0,119019,0,2
servicenow,NOW,2018-06,10,6.2,132641,0,2
servicenow,NOW,2018-07,12,7.2,114232,0,2
servicenow,NOW,2018-08,29,19.2,120909,0,2
servicenow,NOW,2018-09,15,10.8,120127,0,2
servicenow,NOW,2018-10,13,8.6,127828,0,2
servicenow,NOW,2018-11,6,3.6,116710,0,2
servicenow,NOW,2018-12,20,12.8,123454,0,2
servicenow,NOW,2019-01,17,12.0,130513,0,2
servicenow,NOW,2019-02,23,11.8,104633,0,2
servicenow,NOW,2019-03,78,39.0,101089,0,2
servicenow,NOW,2019-04,27,17.0,124387,0,2
servicenow,NOW,2019-05,39,24.6,127273,0,2
servicenow,NOW,2019-06,34,21.4,125043,0,2
servicenow,NOW,2019-07,33,21.8,139944,0,2
servicenow,NOW,2019-08,21,13.6,129311,0,2
servicenow,NOW,2019-09,28,18.4,129541,0,2
servicenow,NOW,2019-10,19,12.4,136488,0,2
servicenow,NOW,2019-11,32,20.4,123505,0,2
servicenow,NOW,2019-12,20,12.6,138715,0,2
servicenow,NOW,2020-01,10,6.8,136824,0,2
servicenow,NOW,2020-02,55,29.4,108585,0,2
servicenow,NOW,2020-03,88,51.2,114058,0,2
servicenow,NOW,2020-04,55,36.8,127506,0,2
servicenow,NOW,2020-05,44,29.2,126800,0,2
servicenow,NOW,2020-06,32,20.8,118217,0,2
servicenow,NOW,2020-07,30,20.2,126795,0,2
servicenow,NOW,2020-08,22,16.0,133019,0,2
servicenow,NOW,2020-09,27,17.6,132301,0,2
servicenow,NOW,2020-10,30,18.0,136666,0,2
servicenow,NOW,2020-11,27,15.6,143886,0,2
servicenow,NOW,2020-12,84,57.6,135453,0,2
servicenow,NOW,2021-01,72,46.4,132262,0,2
servicenow,NOW,2021-02,98,54.0,112558,0,2
servicenow,NOW,2021-03,236,124.0,105769,0,2
servicenow,NOW,2021-04,52,35.0,135509,0,2
servicenow,NOW,2021-05,29,19.6,125562,0,2
servicenow,NOW,2021-06,31,21.6,134789,0,2
servicenow,NOW,2021-07,27,18.2,140903,0,2
servicenow,NOW,2021-08,26,16.6,124996,0,2
servicenow,NOW,2021-09,32,21.0,136617,0,2
servicenow,NOW,2021-10,58,41.8,145762,0,2
servicenow,NOW,2021-11,35,22.8,130835,0,2
servicenow,NOW,2021-12,66,43.2,151484,0,2
servicenow,NOW,2022-01,43,29.0,123852,0,2
servicenow,NOW,2022-02,108,62.8,129427,0,2
servicenow,NOW,2022-03,181,105.0,117319,0,2
servicenow,NOW,2022-04,83,53.6,135276,0,2
servicenow,NOW,2022-05,62,43.8,148411,0,2
servicenow,NOW,2022-06,49,32.2,122841,0,2
servicenow,NOW,2022-07,60,41.8,145119,0,2
servicenow,NOW,2022-08,41,28.6,143739,0,2
servicenow,NOW,2022-09,58,41.0,145943,0,2
servicenow,NOW,2022-10,134,94.0,151709,0,2
servicenow,NOW,2022-11,90,66.0,140358,0,2
servicenow,NOW,2022-12,60,42.0,158656,0,2
servicenow,NOW,2023-01,85,50.0,129995,0,2
servicenow,NOW,2023-02,135,79.0,131019,0,2
servicenow,NOW,2023-03,251,144.2,127040,0,2
servicenow,NOW,2023-04,32,21.0,151628,0,2
servicenow,NOW,2023-05,40,26.6,139712,0,2
servicenow,NOW,2023-06,27,19.0,149881,0,2
servicenow,NOW,2023-07,25,17.6,145117,0,2
servicenow,NOW,2023-08,34,24.6,150202,0,2
servicenow,NOW,2023-09,36,25.0,152411,0,2
servicenow,NOW,2023-10,49,33.0,143287,0,2
servicenow,NOW,2023-11,37,26.0,161660,0,2
servicenow,NOW,2023-12,54,39.0,153675,0,2
servicenow,NOW,2024-01,115,70.6,142392,0,2
servicenow,NOW,2024-02,95,58.0,138848,0,2
servicenow,NOW,2024-03,151,85.4,135567,0,2
servicenow,NOW,2024-04,139,77.0,135864,0,2
servicenow,NOW,2024-05,61,40.8,152391,0,2
servicenow,NOW,2024-06,26,17.4,140909,0,2
servicenow,NOW,2024-07,50,33.4,144006,0,2
servicenow,NOW,2024-08,60,40.0,150903,0,2
servicenow,NOW,2024-09,42,29.6,154254,0,2
servicenow,NOW,2024-10,69,49.8,157009,0,2
servicenow,NOW,2024-11,78,52.0,153825,0,2
servicenow,NOW,2024-12,89,56.4,146692,0,2
servicenow,NOW,2025-01,158,94.8,142852,0,2
servicenow,NOW,2025-02,145,82.4,135229,0,2
servicenow,NOW,2025-03,79,48.2,145540,0,2
servicenow,NOW,2025-04,76,44.8,140860,0,2
servicenow,NOW,2025-05,67,45.4,152699,0,2
servicenow,NOW,2025-06,32,20.2,150237,0,2
servicenow,NOW,2025-07,45,33.4,166437,0,2
servicenow,NOW,2025-08,37,27.0,182298,0,2
servicenow,NOW,2025-09,34,24.0,171851,0,2
servicenow,NOW,2025-11,77,52.6,171260,0,2
servicenow,NOW,2025-12,66,46.8,170819,0,2
shopify,SHOP,2017-07,1,0.4,100000,0,2
shopify,SHOP,2019-06,1,0.8,237494,0,2
shopify,SHOP,2019-07,1,0.8,130000,0,2
shopify,SHOP,2020-03,1,0.4,112000,0,2
shopify,SHOP,2020-04,1,0.8,165000,0,2
shopify,SHOP,2020-05,2,1.0,159601,0,2
shopify,SHOP,2020-06,1,0.8,227802,0,2
shopify,SHOP,2020-08,4,2.2,148516,0,2
shopify,SHOP,2020-09,3,1.8,148502,0,2
shopify,SHOP,2020-11,3,2.4,208000,0,2
shopify,SHOP,2020-12,18,11.4,147816,0,2
shopify,SHOP,2021-01,4,3.2,172411,0,2
shopify,SHOP,2021-02,6,3.6,143956,0,2
shopify,SHOP,2021-03,12,6.4,137325,0,2
shopify,SHOP,2021-04,5,3.6,138324,0,2
shopify,SHOP,2021-05,2,0.8,114202,0,2
shopify,SHOP,2021-06,1,0.6,95264,0,2
shopify,SHOP,2021-07,6,3.2,127084,0,2
shopify,SHOP,2021-08,11,6.0,116657,0,2
shopify,SHOP,2021-09,6,4.4,117450,0,2
shopify,SHOP,2021-10,4,2.0,102341,0,2
shopify,SHOP,2021-11,7,3.8,128829,0,2
shopify,SHOP,2021-12,5,2.8,114587,0,2
shopify,SHOP,2022-01,7,5.4,195489,0,2
shopify,SHOP,2022-02,6,4.2,121187,0,2
shopify,SHOP,2022-03,3,2.2,115308,0,2
shopify,SHOP,2022-04,10,6.4,134359,0,2
shopify,SHOP,2022-05,16,9.6,127498,0,2
shopify,SHOP,2022-06,13,8.4,137982,0,2
shopify,SHOP,2022-07,4,2.0,120629,0,2
shopify,SHOP,2022-08,5,2.4,131040,0,2
shopify,SHOP,2022-09,4,2.4,113583,0,2
shopify,SHOP,2022-10,2,1.6,159245,0,2
shopify,SHOP,2022-12,2,0.8,101816,0,2
shopify,SHOP,2023-01,1,0.6,227677,0,2
shopify,SHOP,2023-02,1,0.8,185099,0,2
shopify,SHOP,2023-03,1,0.8,203674,0,2
shopify,SHOP,2023-05,2,1.4,144684,0,2
shopify,SHOP,2023-06,2,1.6,129646,0,2
shopify,SHOP,2023-09,2,1.2,120806,0,2
shopify,SHOP,2023-11,2,1.4,84032,0,2
shopify,SHOP,2023-12,2,1.6,96949,0,2
shopify,SHOP,2024-01,3,2.4,139401,0,2
shopify,SHOP,2024-03,3,2.0,109491,0,2
shopify,SHOP,2024-04,11,6.4,131376,0,2
shopify,SHOP,2024-05,5,2.8,126780,0,2
shopify,SHOP,2024-06,5,3.6,157447,0,2
shopify,SHOP,2024-07,7,5.0,122069,0,2
shopify,SHOP,2024-08,1,0.8,180960,0,2
shopify,SHOP,2024-09,7,4.6,136549,0,2
shopify,SHOP,2024-10,2,1.4,125496,0,2
shopify,SHOP,2024-11,6,4.4,106856,0,2
shopify,SHOP,2024-12,10,7.0,138807,0,2
shopify,SHOP,2025-01,1,0.4,93974,0,2
shopify,SHOP,2025-02,4,3.0,125081,0,2
shopify,SHOP,2025-03,7,4.8,154639,0,2
shopify,SHOP,2025-04,4,2.4,143478,0,2
shopify,SHOP,2025-05,10,6.4,161840,0,2
shopify,SHOP,2025-06,3,1.8,154558,0,2
shopify,SHOP,2025-07,4,2.6,129225,0,2
shopify,SHOP,2025-08,5,3.6,142942,0,2
shopify,SHOP,2025-09,6,4.8,181313,0,2
shopify,SHOP,2025-11,5,3.4,253320,0,2
shopify,SHOP,2025-12,9,6.6,174966,0,2
snap,SNAP,2013-03,2,0.8,57500,0,2
snap,SNAP,2013-05,1,0.6,130000,0,2
snap,SNAP,2013-11,1,0.6,114000,0,2
snap,SNAP,2014-02,1,0.6,130000,0,2
snap,SNAP,2014-03,8,4.6,97248,0,2
snap,SNAP,2014-06,1,0.4,110000,0,2
snap,SNAP,2014-07,1,0.4,110000,0,2
snap,SNAP,2014-08,3,1.2,110000,0,2
snap,SNAP,2014-09,3,1.2,110000,0,2
snap,SNAP,2014-10,3,1.2,0,0,2
snap,SNAP,2014-11,1,0.4,0,0,2
snap,SNAP,2014-12,5,2.4,0,0,2
snap,SNAP,2015-01,1,0.4,0,0,2
snap,SNAP,2015-02,3,1.2,0,0,2
snap,SNAP,2015-03,11,4.4,0,0,2
snap,SNAP,2015-04,6,2.4,0,0,2
snap,SNAP,2015-05,1,0.4,0,0,2
snap,SNAP,2015-06,3,1.6,0,0,2
snap,SNAP,2015-07,4,2.0,0,0,2
snap,SNAP,2015-10,4,1.6,91436,0,2
snap,SNAP,2015-11,1,0.4,87818,0,2
snap,SNAP,2015-12,2,0.8,95982,0,2
snap,SNAP,2016-01,4,1.6,114883,0,2
snap,SNAP,2016-02,18,7.6,104866,0,2
snap,SNAP,2016-03,15,7.2,88125,0,2
snap,SNAP,2016-04,13,5.6,90016,0,2
snap,SNAP,2016-05,8,3.2,97963,0,2
snap,SNAP,2016-06,14,5.6,112321,0,2
snap,SNAP,2016-07,8,4.2,132288,0,2
snap,SNAP,2016-08,4,1.6,110183,0,2
snap,SNAP,2016-09,11,4.4,106552,0,2
snap,SNAP,2016-10,18,8.0,115088,0,2
snap,SNAP,2016-11,18,7.6,107919,0,2
snap,SNAP,2016-12,16,6.6,110305,0,2
snap,SNAP,2017-01,11,5.6,115423,0,2
snap,SNAP,2017-02,31,14.0,99717,0,2
snap,SNAP,2017-03,53,28.0,93246,0,2
snap,SNAP,2017-04,17,7.6,121930,0,2
snap,SNAP,2017-05,11,4.8,122862,0,2
snap,SNAP,2017-06,7,2.8,104395,0,2
snap,SNAP,2017-07,5,2.2,98999,0,2
snap,SNAP,2017-08,8,4.2,113547,0,2
snap,SNAP,2017-09,12,7.0,118423,0,2
snap,SNAP,2017-10,3,1.2,77071,0,2
snap,SNAP,2017-11,5,2.8,118081,0,2
snap,SNAP,2017-12,12,6.2,111288,0,2
snap,SNAP,2018-01,20,9.6,117595,0,2
snap,SNAP,2018-02,25,11.6,108829,0,2
snap,SNAP,2018-03,47,23.0,105347,0,2
snap,SNAP,2018-04,4,1.8,97323,0,2
snap,SNAP,2018-05,31,14.8,105616,0,2
snap,SNAP,2018-06,21,9.6,110623,0,2
snap,SNAP,2018-07,6,2.8,121496,0,2
snap,SNAP,2018-08,12,5.6,143421,0,2
snap,SNAP,2018-09,14,6.0,136751,0,2
snap,SNAP,2018-10,14,6.0,127297,0,2
snap,SNAP,2018-11,5,2.8,121018,0,2
snap,SNAP,2018-12,13,6.0,133752,0,2
snap,SNAP,2019-01,13,6.0,136998,0,2
snap,SNAP,2019-02,21,10.8,132304,0,2
snap,SNAP,2019-03,61,30.2,116504,0,2
snap,SNAP,2019-04,11,5.0,135738,0,2
snap,SNAP,2019-05,20,8.6,118560,0,2
snap,SNAP,2019-06,25,12.4,124075,0,2
snap,SNAP,2019-07,11,5.4,133046,0,2
snap,SNAP,2019-08,19,8.0,131838,0,2
snap,SNAP,2019-09,15,7.0,124555,0,2
snap,SNAP,2019-10,21,10.0,140713,0,2
snap,SNAP,2019-11,20,9.2,130199,0,2
snap,SNAP,2019-12,13,6.0,138118,0,2
snap,SNAP,2020-01,17,7.0,127829,0,2
snap,SNAP,2020-02,12,4.8,123479,0,2
snap,SNAP,2020-03,43,18.6,107759,0,2
snap,SNAP,2020-04,65,31.0,120811,0,2
snap,SNAP,2020-05,26,12.4,143868,0,2
snap,SNAP,2020-06,14,6.6,130413,0,2
snap,SNAP,2020-07,27,12.4,129372,0,2
snap,SNAP,2020-08,11,5.6,126854,0,2
snap,SNAP,2020-09,16,6.4,125956,0,2
snap,SNAP,2020-10,42,19.8,145474,0,2
snap,SNAP,2020-11,100,46.0,134565,0,2
snap,SNAP,2020-12,30,13.2,122636,0,2
snap,SNAP,2021-01,56,24.0,137886,0,2
snap,SNAP,2021-02,48,20.0,126157,0,2
snap,SNAP,2021-03,112,50.0,116753,0,2
snap,SNAP,2021-04,38,17.6,129527,0,2
snap,SNAP,2021-05,31,16.4,145600,0,2
snap,SNAP,2021-06,81,35.6,117838,0,2
snap,SNAP,2021-07,28,12.2,127684,0,2
snap,SNAP,2021-08,35,15.8,131641,0,2
snap,SNAP,2021-09,33,16.2,135818,0,2
snap,SNAP,2021-10,28,13.2,139641,0,2
snap,SNAP,2021-11,37,16.8,136415,0,2
snap,SNAP,2021-12,34,14.8,135762,0,2
snap,SNAP,2022-01,28,12.8,130055,0,2
snap,SNAP,2022-02,35,15.6,131572,0,2
snap,SNAP,2022-03,50,22.4,131674,0,2
snap,SNAP,2022-04,59,27.0,117526,0,2
snap,SNAP,2022-05,61,27.8,125446,0,2
snap,SNAP,2022-06,50,22.8,134727,0,2
snap,SNAP,2022-07,18,10.0,166485,0,2
snap,SNAP,2022-08,22,10.2,151839,0,2
snap,SNAP,2022-09,11,5.6,167183,0,2
snap,SNAP,2022-10,44,20.0,147961,0,2
snap,SNAP,2022-11,66,30.4,144487,0,2
snap,SNAP,2022-12,51,21.6,128509,0,2
snap,SNAP,2023-01,47,21.6,136714,0,2
snap,SNAP,2023-02,28,12.0,153234,0,2
snap,SNAP,2023-03,24,12.6,158336,0,2
snap,SNAP,2023-04,55,26.0,141173,0,2
snap,SNAP,2023-05,36,17.8,155222,0,2
snap,SNAP,2023-06,22,10.8,134357,0,2
snap,SNAP,2023-07,16,7.0,150573,0,2
snap,SNAP,2023-08,36,15.6,161999,0,2
snap,SNAP,2023-09,24,11.0,166298,0,2
snap,SNAP,2023-10,20,9.4,165742,0,2
snap,SNAP,2023-11,14,6.4,165498,0,2
snap,SNAP,2023-12,37,18.2,168530,0,2
snap,SNAP,2024-01,34,16.2,158633,0,2
snap,SNAP,2024-02,20,10.6,161912,0,2
snap,SNAP,2024-03,17,7.6,155976,0,2
snap,SNAP,2024-04,52,22.0,156607,0,2
snap,SNAP,2024-05,47,23.2,153911,0,2
snap,SNAP,2024-06,63,30.4,145362,0,2
snap,SNAP,2024-07,20,8.6,169079,0,2
snap,SNAP,2024-08,36,17.0,165349,0,2
snap,SNAP,2024-09,16,7.2,149797,0,2
snap,SNAP,2024-10,29,12.6,170841,0,2
snap,SNAP,2024-11,17,9.2,174999,0,2
snap,SNAP,2024-12,31,14.4,168067,0,2
snap,SNAP,2025-01,23,11.8,175956,0,2
snap,SNAP,2025-02,40,18.2,175713,0,2
snap,SNAP,2025-03,31,15.6,171362,0,2
snap,SNAP,2025-04,81,35.6,164916,0,2
snap,SNAP,2025-05,44,20.4,163004,0,2
snap,SNAP,2025-06,31,13.8,154367,0,2
snap,SNAP,2025-07,25,12.0,174014,0,2
snap,SNAP,2025-08,23,11.0,196228,0,2
snap,SNAP,2025-09,21,10.6,173391,0,2
snap,SNAP,2025-11,42,20.8,176533,0,2
snap,SNAP,2025-12,24,13.2,186390,0,2
snowflake,SNOW,2013-04,3,1.2,130000,0,2
snowflake,SNOW,2014-02,1,0.6,150000,0,2
snowflake,SNOW,2014-03,1,0.4,126000,0,2
snowflake,SNOW,2014-07,1,0.4,165000,0,2
snowflake,SNOW,2014-10,1,0.4,0,0,2
snowflake,SNOW,2015-02,1,0.4,0,0,2
snowflake,SNOW,2015-03,3,1.2,0,0,2
snowflake,SNOW,2015-04,1,0.4,0,0,2
snowflake,SNOW,2015-06,1,0.4,0,0,2
snowflake,SNOW,2015-12,1,0.4,140000,0,2
snowflake,SNOW,2016-03,3,1.2,96201,0,2
snowflake,SNOW,2016-10,1,0.4,130603,0,2
snowflake,SNOW,2017-02,3,1.2,128712,0,2
snowflake,SNOW,2017-03,3,1.2,140000,0,2
snowflake,SNOW,2017-05,1,0.6,90896,0,2
snowflake,SNOW,2017-06,3,1.4,123666,0,2
snowflake,SNOW,2017-09,1,0.4,100000,0,2
snowflake,SNOW,2018-01,2,0.8,121274,0,2
snowflake,SNOW,2018-02,3,1.2,131258,0,2
snowflake,SNOW,2018-03,9,4.2,131841,0,2
snowflake,SNOW,2018-05,2,1.2,118289,0,2
snowflake,SNOW,2018-06,4,2.2,132527,0,2
snowflake,SNOW,2018-07,1,0.6,136302,0,2
snowflake,SNOW,2018-08,3,1.4,139187,0,2
snowflake,SNOW,2018-09,1,0.4,157706,0,2
snowflake,SNOW,2018-12,2,1.0,165911,0,2
snowflake,SNOW,2019-01,1,0.6,85488,0,2
snowflake,SNOW,2019-02,5,3.4,123061,0,2
snowflake,SNOW,2019-03,19,8.2,115411,0,2
snowflake,SNOW,2019-04,13,6.2,108250,0,2
snowflake,SNOW,2019-05,7,3.4,132706,0,2
snowflake,SNOW,2019-07,1,0.4,164674,0,2
snowflake,SNOW,2019-08,11,6.4,132414,0,2
snowflake,SNOW,2019-09,1,0.4,137259,0,2
snowflake,SNOW,2019-10,3,1.6,126977,0,2
snowflake,SNOW,2019-11,4,2.6,115325,0,2
snowflake,SNOW,2019-12,3,1.8,162295,0,2
snowflake,SNOW,2020-01,2,1.0,142802,0,2
snowflake,SNOW,2020-02,8,3.6,105376,0,2
snowflake,SNOW,2020-03,4,2.4,113968,0,2
snowflake,SNOW,2020-04,14,7.8,127101,0,2
snowflake,SNOW,2020-05,5,2.6,131464,0,2
snowflake,SNOW,2020-06,12,6.4,136328,0,2
snowflake,SNOW,2020-07,21,10.0,125305,0,2
snowflake,SNOW,2020-08,17,9.6,134518,0,2
snowflake,SNOW,2020-09,7,3.6,115207,0,2
snowflake,SNOW,2020-10,57,38.4,125414,0,2
snowflake,SNOW,2020-11,27,19.2,168387,0,2
snowflake,SNOW,2020-12,42,27.6,152923,0,2
snowflake,SNOW,2021-01,6,4.4,151903,0,2
snowflake,SNOW,2021-02,22,12.4,149164,0,2
snowflake,SNOW,2021-03,36,19.2,155458,0,2
snowflake,SNOW,2021-04,11,6.2,157300,0,2
snowflake,SNOW,2021-05,7,3.8,170165,0,2
snowflake,SNOW,2021-06,12,8.0,179816,0,2
snowflake,SNOW,2021-07,8,5.8,185750,0,2
snowflake,SNOW,2021-08,8,5.4,177132,0,2
snowflake,SNOW,2021-09,12,8.0,176750,0,2
snowflake,SNOW,2021-10,6,4.2,166675,0,2
snowflake,SNOW,2021-11,12,8.2,195506,0,2
snowflake,SNOW,2021-12,23,13.0,178244,0,2
snowflake,SNOW,2022-01,10,6.4,207500,0,2
snowflake,SNOW,2022-02,20,12.6,170363,0,2
snowflake,SNOW,2022-03,32,17.0,168971,0,2
snowflake,SNOW,2022-04,21,12.6,181414,0,2
snowflake,SNOW,2022-05,17,9.2,173501,0,2
snowflake,SNOW,2022-06,22,13.8,198693,0,2
snowflake,SNOW,2022-07,29,16.2,192419,0,2
snowflake,SNOW,2022-08,14,7.8,198214,0,2
snowflake,SNOW,2022-09,19,12.0,211600,0,2
snowflake,SNOW,2022-10,48,28.4,214992,0,2
snowflake,SNOW,2022-11,36,21.2,203818,0,2
snowflake,SNOW,2022-12,68,40.8,171957,0,2
snowflake,SNOW,2023-01,13,7.8,170640,0,2
snowflake,SNOW,2023-02,23,13.2,177744,0,2
snowflake,SNOW,2023-03,10,5.4,166265,0,2
snowflake,SNOW,2023-04,19,11.2,167117,0,2
snowflake,SNOW,2023-05,11,6.6,189652,0,2
snowflake,SNOW,2023-06,13,8.8,178109,0,2
snowflake,SNOW,2023-07,6,3.8,157473,0,2
snowflake,SNOW,2023-08,6,4.2,186288,0,2
snowflake,SNOW,2023-09,8,4.6,159521,0,2
snowflake,SNOW,2023-10,11,6.4,176126,0,2
snowflake,SNOW,2023-11,10,6.6,182774,0,2
snowflake,SNOW,2023-12,18,11.4,165473,0,2
snowflake,SNOW,2024-01,10,7.4,187596,0,2
snowflake,SNOW,2024-02,29,16.8,184686,0,2
snowflake,SNOW,2024-03,14,9.2,152315,0,2
snowflake,SNOW,2024-04,35,22.6,154528,0,2
snowflake,SNOW,2024-05,27,16.2,170700,0,2
snowflake,SNOW,2024-06,20,13.2,186264,0,2
snowflake,SNOW,2024-07,25,16.0,185981,0,2
snowflake,SNOW,2024-08,71,44.4,178187,0,2
snowflake,SNOW,2024-09,43,27.4,192331,0,2
snowflake,SNOW,2024-10,45,27.8,186458,0,2
snowflake,SNOW,2024-11,41,25.6,184924,0,2
snowflake,SNOW,2024-12,11,7.4,188198,0,2
snowflake,SNOW,2025-01,19,11.8,187886,0,2
snowflake,SNOW,2025-02,38,22.2,171457,0,2
snowflake,SNOW,2025-03,54,34.2,178524,0,2
snowflake,SNOW,2025-04,34,20.0,180520,0,2
snowflake,SNOW,2025-05,44,24.4,161477,0,2
snowflake,SNOW,2025-06,46,28.0,165301,0,2
snowflake,SNOW,2025-07,37,21.6,171870,0,2
snowflake,SNOW,2025-08,49,30.2,178803,0,2
snowflake,SNOW,2025-09,25,14.4,182832,0,2
snowflake,SNOW,2025-11,29,19.0,173805,0,2
snowflake,SNOW,2025-12,52,29.0,193931,0,2
tesla,TSLA,2009-10,3,1.8,121322,0,2
tesla,TSLA,2009-11,4,1.8,127500,0,2
tesla,TSLA,2009-12,3,1.8,149346,0,2
tesla,TSLA,2010-01,1,0.6,160000,0,2
tesla,TSLA,2010-03,5,2.0,93700,0,2
tesla,TSLA,2010-04,3,1.2,86166,0,2
tesla,TSLA,2010-05,1,0.4,75000,0,2
tesla,TSLA,2010-06,8,3.6,95142,0,2
tesla,TSLA,2010-07,2,1.4,100000,0,2
tesla,TSLA,2010-08,9,5.0,112244,0,2
tesla,TSLA,2010-09,6,2.4,89573,0,2
tesla,TSLA,2010-10,3,1.4,88166,0,2
tesla,TSLA,2010-11,2,1.0,95000,0,2
tesla,TSLA,2010-12,10,4.2,103200,0,2
tesla,TSLA,2011-01,12,5.6,107019,0,2
tesla,TSLA,2011-02,2,0.8,106500,0,2
tesla,TSLA,2011-03,4,2.0,110750,0,2
tesla,TSLA,2011-04,2,0.8,80593,0,2
tesla,TSLA,2011-05,8,4.2,100036,0,2
tesla,TSLA,2011-06,7,3.0,78142,0,2
tesla,TSLA,2011-07,15,7.8,93573,0,2
tesla,TSLA,2011-08,13,6.0,92646,0,2
tesla,TSLA,2011-09,12,6.4,95229,0,2
tesla,TSLA,2011-10,13,6.6,95576,0,2
tesla,TSLA,2011-11,8,3.8,93841,0,2
tesla,TSLA,2011-12,1,0.4,105000,0,2
tesla,TSLA,2012-01,3,1.4,88946,0,2
tesla,TSLA,2012-02,3,1.2,101666,0,2
tesla,TSLA,2012-03,44,19.6,90672,0,2
tesla,TSLA,2012-04,9,4.6,105555,0,2
tesla,TSLA,2012-05,5,2.2,102000,0,2
tesla,TSLA,2012-06,18,8.2,100041,0,2
tesla,TSLA,2012-07,23,10.6,94608,0,2
tesla,TSLA,2012-08,8,5.2,128125,0,2
tesla,TSLA,2012-10,8,3.8,106750,0,2
tesla,TSLA,2012-11,4,2.0,91134,0,2
tesla,TSLA,2012-12,3,2.0,101666,0,2
tesla,TSLA,2013-01,5,2.4,105600,0,2
tesla,TSLA,2013-02,1,0.4,83000,0,2
tesla,TSLA,2013-03,37,17.8,86932,0,2
tesla,TSLA,2013-04,2,1.0,97500,0,2
tesla,TSLA,2013-05,3,1.6,76666,0,2
tesla,TSLA,2013-06,3,2.0,101666,0,2
tesla,TSLA,2013-07,7,3.2,86382,0,2
tesla,TSLA,2013-08,7,4.0,102317,0,2
tesla,TSLA,2013-09,5,2.4,96000,0,2
tesla,TSLA,2013-10,6,2.6,92166,0,2
tesla,TSLA,2013-11,10,5.8,97100,0,2
tesla,TSLA,2013-12,7,3.8,97142,0,2
tesla,TSLA,2014-01,6,3.4,108166,0,2
tesla,TSLA,2014-02,6,3.2,89694,0,2
tesla,TSLA,2014-03,60,27.2,81950,0,2
tesla,TSLA,2014-04,12,6.0,90523,0,2
tesla,TSLA,2014-05,5,3.2,91800,0,2
tesla,TSLA,2014-06,9,4.8,90888,0,2
tesla,TSLA,2014-07,64,32.8,96196,0,2
tesla,TSLA,2014-08,23,11.6,90956,0,2
tesla,TSLA,2014-09,14,8.6,103571,0,2
tesla,TSLA,2014-10,11,6.0,0,0,2
tesla,TSLA,2014-11,3,1.4,0,0,2
tesla,TSLA,2014-12,17,9.4,0,0,2
tesla,TSLA,2015-01,13,6.0,0,0,2
tesla,TSLA,2015-02,13,6.0,0,0,2
tesla,TSLA,2015-03,170,82.8,0,0,2
tesla,TSLA,2015-04,20,11.0,0,0,2
tesla,TSLA,2015-05,12,5.8,0,0,2
tesla,TSLA,2015-06,13,7.0,0,0,2
tesla,TSLA,2015-07,13,6.6,0,0,2
tesla,TSLA,2015-08,24,13.0,0,0,2
tesla,TSLA,2015-09,19,11.2,0,0,2
tesla,TSLA,2015-10,8,4.0,106750,0,2
tesla,TSLA,2015-11,5,2.0,96000,0,2
tesla,TSLA,2015-12,15,7.8,99882,0,2
tesla,TSLA,2016-01,41,22.6,104414,0,2
tesla,TSLA,2016-02,112,55.6,91976,0,2
tesla,TSLA,2016-03,181,100.2,98309,0,2
tesla,TSLA,2016-04,38,22.4,115163,0,2
tesla,TSLA,2016-05,49,29.6,109673,0,2
tesla,TSLA,2016-06,24,13.4,102735,0,2
tesla,TSLA,2016-07,16,10.8,120337,0,2
tesla,TSLA,2016-08,10,6.4,124300,0,2
tesla,TSLA,2016-09,41,24.8,113731,0,2
tesla,TSLA,2016-10,22,13.6,126571,0,2
tesla,TSLA,2016-11,24,13.4,115039,0,2
tesla,TSLA,2016-12,28,17.4,118046,0,2
tesla,TSLA,2017-01,59,35.2,107275,0,2
tesla,TSLA,2017-02,22,11.2,117954,0,2
tesla,TSLA,2017-03,609,313.6,100300,0,2
tesla,TSLA,2017-04,51,27.4,111943,0,2
tesla,TSLA,2017-05,37,20.8,114029,0,2
tesla,TSLA,2017-06,50,28.2,114792,0,2
tesla,TSLA,2017-07,45,27.2,116930,0,2
tesla,TSLA,2017-08,39,21.8,119579,0,2
tesla,TSLA,2017-09,38,21.6,118349,0,2
tesla,TSLA,2017-10,43,24.2,125516,0,2
tesla,TSLA,2017-11,42,25.4,128996,0,2
tesla,TSLA,2017-12,23,14.4,126361,0,2
tesla,TSLA,2018-01,30,19.4,134184,0,2
tesla,TSLA,2018-02,238,122.0,102777,0,2
tesla,TSLA,2018-03,454,238.4,111611,0,2
tesla,TSLA,2018-04,64,33.8,122657,0,2
tesla,TSLA,2018-05,55,32.0,124525,0,2
tesla,TSLA,2018-06,37,22.6,125953,0,2
tesla,TSLA,2018-07,39,24.6,133113,0,2
tesla,TSLA,2018-08,41,27.2,129924,0,2
tesla,TSLA,2018-09,34,21.4,133697,0,2
tesla,TSLA,2018-10,43,27.2,129487,0,2
tesla,TSLA,2018-11,25,15.8,121981,0,2
tesla,TSLA,2018-12,45,28.8,134712,0,2
tesla,TSLA,2019-01,34,20.4,130855,0,2
tesla,TSLA,2019-02,113,61.0,114570,0,2
tesla,TSLA,2019-03,464,240.4,111507,0,2
tesla,TSLA,2019-04,29,19.8,139730,0,2
tesla,TSLA,2019-05,27,17.0,133892,0,2
tesla,TSLA,2019-06,24,15.6,138587,0,2
tesla,TSLA,2019-07,30,19.2,133688,0,2
tesla,TSLA,2019-08,29,18.6,122298,0,2
tesla,TSLA,2019-09,34,22.6,144391,0,2
tesla,TSLA,2019-10,35,23.2,137269,0,2
tesla,TSLA,2019-11,55,34.0,128660,0,2
tesla,TSLA,2019-12,26,16.2,129840,0,2
tesla,TSLA,2020-01,36,21.2,126480,0,2
tesla,TSLA,2020-02,55,36.2,132074,0,2
tesla,TSLA,2020-03,82,52.6,139004,0,2
tesla,TSLA,2020-04,59,38.4,134272,0,2
tesla,TSLA,2020-05,45,21.2,118719,0,2
tesla,TSLA,2020-06,120,68.6,115453,0,2
tesla,TSLA,2020-07,134,89.6,139200,0,2
tesla,TSLA,2020-08,60,38.4,135662,0,2
tesla,TSLA,2020-09,88,54.2,131245,0,2
tesla,TSLA,2020-10,195,119.4,136770,0,2
tesla,TSLA,2020-11,132,79.2,137706,0,2
tesla,TSLA,2020-12,180,108.6,137820,0,2
tesla,TSLA,2021-01,80,47.2,133741,0,2
tesla,TSLA,2021-02,170,100.0,134819,0,2
tesla,TSLA,2021-03,218,135.2,132541,0,2
tesla,TSLA,2021-04,169,98.2,127434,0,2
tesla,TSLA,2021-05,225,128.8,129025,0,2
tesla,TSLA,2021-06,137,84.2,136694,0,2
tesla,TSLA,2021-07,60,38.0,138659,0,2
tesla,TSLA,2021-08,111,62.4,130924,0,2
tesla,TSLA,2021-09,59,36.4,132978,0,2
tesla,TSLA,2021-10,72,46.0,141028,0,2
tesla,TSLA,2021-11,64,37.8,141855,0,2
tesla,TSLA,2021-12,86,51.4,139396,0,2
tesla,TSLA,2022-01,52,32.6,150142,0,2
tesla,TSLA,2022-02,86,50.6,140555,0,2
tesla,TSLA,2022-03,131,86.4,147590,0,2
tesla,TSLA,2022-04,304,161.8,129747,0,2
tesla,TSLA,2022-05,228,122.6,131135,0,2
tesla,TSLA,2022-06,79,49.0,142836,0,2
tesla,TSLA,2022-07,56,36.0,146348,0,2
tesla,TSLA,2022-08,65,42.4,148609,0,2
tesla,TSLA,2022-09,71,45.4,147883,0,2
tesla,TSLA,2022-10,110,71.2,148566,0,2
tesla,TSLA,2022-11,156,98.8,161779,0,2
tesla,TSLA,2022-12,154,95.6,153208,0,2
tesla,TSLA,2023-01,36,22.2,152910,0,2
tesla,TSLA,2023-02,58,34.8,146725,0,2
tesla,TSLA,2023-03,90,58.0,149626,0,2
tesla,TSLA,2023-04,194,113.8,143241,0,2
tesla,TSLA,2023-05,311,180.6,138882,0,2
tesla,TSLA,2023-06,95,62.8,154096,0,2
tesla,TSLA,2023-07,76,51.2,162258,0,2
tesla,TSLA,2023-08,71,45.2,157552,0,2
tesla,TSLA,2023-09,212,120.8,136868,0,2
tesla,TSLA,2023-10,64,40.0,144720,0,2
tesla,TSLA,2023-11,73,45.8,151643,0,2
tesla,TSLA,2023-12,50,31.2,152762,0,2
tesla,TSLA,2024-01,70,43.6,155081,0,2
tesla,TSLA,2024-02,117,76.2,160056,0,2
tesla,TSLA,2024-03,344,224.2,161500,0,2
tesla,TSLA,2024-04,52,32.0,154122,0,2
tesla,TSLA,2024-05,424,221.8,135419,0,2
tesla,TSLA,2024-06,490,283.2,144729,0,2
tesla,TSLA,2024-07,126,85.8,165274,0,2
tesla,TSLA,2024-08,189,115.2,153738,0,2
tesla,TSLA,2024-09,184,110.4,151460,0,2
tesla,TSLA,2024-10,171,105.8,158117,0,2
tesla,TSLA,2024-11,169,111.4,162896,0,2
tesla,TSLA,2024-12,137,85.2,170917,0,2
tesla,TSLA,2025-01,126,78.2,157911,0,2
tesla,TSLA,2025-02,218,143.4,165490,0,2
tesla,TSLA,2025-03,321,182.0,146265,0,2
tesla,TSLA,2025-04,562,304.4,144475,0,2
tesla,TSLA,2025-05,626,340.6,146430,0,2
tesla,TSLA,2025-06,194,105.8,150306,0,2
tesla,TSLA,2025-07,113,74.4,165796,0,2
tesla,TSLA,2025-08,107,65.8,170057,0,2
tesla,TSLA,2025-09,137,82.6,162467,0,2
tesla,TSLA,2025-11,182,104.8,159475,0,2
tesla,TSLA,2025-12,123,66.0,158815,0,2
texas_instruments,TXN,2009-10,11,4.8,86995,0,2
texas_instruments,TXN,2009-11,13,5.2,84191,0,2
texas_instruments,TXN,2009-12,4,2.0,112215,0,2
texas_instruments,TXN,2010-01,8,3.2,90188,0,2
texas_instruments,TXN,2010-02,13,5.6,89260,0,2
texas_instruments,TXN,2010-03,51,20.4,86434,0,2
texas_instruments,TXN,2010-04,21,8.4,86859,0,2
texas_instruments,TXN,2010-05,18,7.2,89242,0,2
texas_instruments,TXN,2010-06,23,9.4,83650,0,2
texas_instruments,TXN,2010-07,14,5.6,93555,0,2
texas_instruments,TXN,2010-08,21,8.4,92067,0,2
texas_instruments,TXN,2010-09,22,8.8,90034,0,2
texas_instruments,TXN,2010-10,10,4.4,93357,0,2
texas_instruments,TXN,2010-11,24,9.6,93461,0,2
texas_instruments,TXN,2010-12,18,7.2,94114,0,2
texas_instruments,TXN,2011-01,18,7.2,88849,0,2
texas_instruments,TXN,2011-02,19,8.0,95768,0,2
texas_instruments,TXN,2011-03,62,24.8,89661,0,2
texas_instruments,TXN,2011-04,22,8.8,92549,0,2
texas_instruments,TXN,2011-05,36,15.2,90436,0,2
texas_instruments,TXN,2011-06,38,15.2,89859,0,2
texas_instruments,TXN,2011-07,28,12.0,99671,0,2
texas_instruments,TXN,2011-08,24,9.6,90451,0,2
texas_instruments,TXN,2011-09,26,10.6,97533,0,2
texas_instruments,TXN,2011-10,26,10.8,89998,0,2
texas_instruments,TXN,2011-11,16,6.8,95667,0,2
texas_instruments,TXN,2011-12,7,2.8,86734,0,2
texas_instruments,TXN,2012-01,18,8.2,93303,0,2
texas_instruments,TXN,2012-02,36,14.8,98092,0,2
texas_instruments,TXN,2012-03,75,31.2,90061,0,2
texas_instruments,TXN,2012-04,53,22.4,96979,0,2
texas_instruments,TXN,2012-05,32,13.4,91492,0,2
texas_instruments,TXN,2012-06,33,15.2,97640,0,2
texas_instruments,TXN,2012-07,18,7.8,92446,0,2
texas_instruments,TXN,2012-08,24,10.0,94103,0,2
texas_instruments,TXN,2012-09,9,4.2,97953,0,2
texas_instruments,TXN,2012-10,8,3.6,97872,0,2
texas_instruments,TXN,2012-11,12,7.2,100111,0,2
texas_instruments,TXN,2012-12,3,1.2,91421,0,2
texas_instruments,TXN,2013-01,18,7.6,101479,0,2
texas_instruments,TXN,2013-02,86,35.2,95608,0,2
texas_instruments,TXN,2013-03,78,32.4,101151,0,2
texas_instruments,TXN,2013-04,34,14.2,97982,0,2
texas_instruments,TXN,2013-05,21,8.8,100928,0,2
texas_instruments,TXN,2013-06,12,4.8,107357,0,2
texas_instruments,TXN,2013-07,15,6.8,105160,0,2
texas_instruments,TXN,2013-08,11,5.2,102163,0,2
texas_instruments,TXN,2013-09,15,6.4,104634,0,2
texas_instruments,TXN,2013-10,14,6.6,95878,0,2
texas_instruments,TXN,2013-11,11,5.6,104620,0,2
texas_instruments,TXN,2013-12,8,3.6,100719,0,2
texas_instruments,TXN,2014-01,7,2.8,103554,0,2
texas_instruments,TXN,2014-02,49,20.4,109955,0,2
texas_instruments,TXN,2014-03,51,21.6,98308,0,2
texas_instruments,TXN,2014-04,18,8.0,99312,0,2
texas_instruments,TXN,2014-05,14,5.6,94750,0,2
texas_instruments,TXN,2014-06,18,7.2,97153,0,2
texas_instruments,TXN,2014-07,13,5.2,98286,0,2
texas_instruments,TXN,2014-08,15,6.4,96786,0,2
texas_instruments,TXN,2014-09,10,4.8,112826,0,2
texas_instruments,TXN,2014-10,20,9.2,0,0,2
texas_instruments,TXN,2014-11,12,5.6,0,0,2
texas_instruments,TXN,2014-12,7,2.8,0,0,2
texas_instruments,TXN,2015-01,10,4.4,0,0,2
texas_instruments,TXN,2015-02,46,20.4,0,0,2
texas_instruments,TXN,2015-03,93,38.0,0,0,2
texas_instruments,TXN,2015-04,32,13.6,0,0,2
texas_instruments,TXN,2015-05,18,8.8,0,0,2
texas_instruments,TXN,2015-06,13,5.6,0,0,2
texas_instruments,TXN,2015-07,13,6.4,0,0,2
texas_instruments,TXN,2015-08,16,7.2,0,0,2
texas_instruments,TXN,2015-09,6,2.8,0,0,2
texas_instruments,TXN,2015-10,9,4.0,101971,0,2
texas_instruments,TXN,2015-11,6,2.8,109287,0,2
texas_instruments,TXN,2015-12,11,4.4,113077,0,2
texas_instruments,TXN,2016-01,6,2.8,112311,0,2
texas_instruments,TXN,2016-02,69,29.0,105846,0,2
texas_instruments,TXN,2016-03,69,29.6,103074,0,2
texas_instruments,TXN,2016-04,15,6.4,110911,0,2
texas_instruments,TXN,2016-05,10,4.8,110105,0,2
texas_instruments,TXN,2016-06,13,6.0,105917,0,2
texas_instruments,TXN,2016-07,12,4.8,110742,0,2
texas_instruments,TXN,2016-08,8,3.6,119707,0,2
texas_instruments,TXN,2016-09,12,4.8,102514,0,2
texas_instruments,TXN,2016-10,7,3.6,105357,0,2
texas_instruments,TXN,2016-11,4,1.6,96400,0,2
texas_instruments,TXN,2016-12,1,0.4,98495,0,2
texas_instruments,TXN,2017-01,8,3.2,109449,0,2
texas_instruments,TXN,2017-02,32,14.0,104130,0,2
texas_instruments,TXN,2017-03,108,45.6,103265,0,2
texas_instruments,TXN,2017-04,8,4.4,131370,0,2
texas_instruments,TXN,2017-05,8,3.2,98969,0,2
texas_instruments,TXN,2017-06,8,4.4,126933,0,2
texas_instruments,TXN,2017-07,7,4.0,119444,0,2
texas_instruments,TXN,2017-08,15,6.8,112395,0,2
texas_instruments,TXN,2017-09,7,3.6,109752,0,2
texas_instruments,TXN,2017-10,8,4.8,123629,0,2
texas_instruments,TXN,2017-11,12,6.8,126694,0,2
texas_instruments,TXN,2017-12,3,1.2,126666,0,2
texas_instruments,TXN,2018-01,12,4.8,108321,0,2
texas_instruments,TXN,2018-02,56,23.2,104946,0,2
texas_instruments,TXN,2018-03,63,28.0,110606,0,2
texas_instruments,TXN,2018-04,23,10.0,112570,0,2
texas_instruments,TXN,2018-05,14,6.8,124785,0,2
texas_instruments,TXN,2018-06,9,4.0,116240,0,2
texas_instruments,TXN,2018-07,7,3.2,117842,0,2
texas_instruments,TXN,2018-08,13,5.6,126292,0,2
texas_instruments,TXN,2018-09,9,4.0,113974,0,2
texas_instruments,TXN,2018-10,16,6.8,126088,0,2
texas_instruments,TXN,2018-11,13,6.0,124576,0,2
texas_instruments,TXN,2018-12,10,4.8,133707,0,2
texas_instruments,TXN,2019-01,13,5.2,114442,0,2
texas_instruments,TXN,2019-02,31,13.2,109188,0,2
texas_instruments,TXN,2019-03,67,27.6,111256,0,2
texas_instruments,TXN,2019-04,8,3.2,109348,0,2
texas_instruments,TXN,2019-05,10,4.0,120563,0,2
texas_instruments,TXN,2019-06,12,4.8,131032,0,2
texas_instruments,TXN,2019-07,6,3.6,143069,0,2
texas_instruments,TXN,2019-08,5,2.8,125578,0,2
texas_instruments,TXN,2019-09,11,6.4,124251,0,2
texas_instruments,TXN,2019-10,7,4.4,131524,0,2
texas_instruments,TXN,2019-11,7,4.0,123571,0,2
texas_instruments,TXN,2019-12,10,5.6,143300,0,2
texas_instruments,TXN,2020-01,22,8.8,122960,0,2
texas_instruments,TXN,2020-02,14,6.0,126482,0,2
texas_instruments,TXN,2020-03,88,38.0,119800,0,2
texas_instruments,TXN,2020-04,13,7.2,139925,0,2
texas_instruments,TXN,2020-05,10,5.2,145964,0,2
texas_instruments,TXN,2020-06,2,0.8,138700,0,2
texas_instruments,TXN,2020-07,9,4.4,129150,0,2
texas_instruments,TXN,2020-08,11,6.0,140038,0,2
texas_instruments,TXN,2020-09,11,5.2,122669,0,2
texas_instruments,TXN,2020-10,15,7.2,130436,0,2
texas_instruments,TXN,2020-11,9,4.8,147483,0,2
texas_instruments,TXN,2020-12,33,14.4,122512,0,2
texas_instruments,TXN,2021-01,16,7.2,120669,0,2
texas_instruments,TXN,2021-02,35,14.8,126061,0,2
texas_instruments,TXN,2021-03,45,19.6,128532,0,2
texas_instruments,TXN,2021-04,25,11.2,128209,0,2
texas_instruments,TXN,2021-05,31,13.2,126897,0,2
texas_instruments,TXN,2021-06,17,8.0,136190,0,2
texas_instruments,TXN,2021-07,10,4.8,141857,0,2
texas_instruments,TXN,2021-08,18,8.0,119935,0,2
texas_instruments,TXN,2021-09,16,7.2,131916,0,2
texas_instruments,TXN,2021-10,47,20.8,118599,0,2
texas_instruments,TXN,2021-11,9,3.6,125992,0,2
texas_instruments,TXN,2021-12,10,4.8,135355,0,2
texas_instruments,TXN,2022-01,16,6.4,115482,0,2
texas_instruments,TXN,2022-02,15,7.2,123432,0,2
texas_instruments,TXN,2022-03,20,9.2,128630,0,2
texas_instruments,TXN,2022-04,24,12.0,131205,0,2
texas_instruments,TXN,2022-05,26,12.0,133983,0,2
texas_instruments,TXN,2022-06,25,11.6,130740,0,2
texas_instruments,TXN,2022-07,19,9.2,139600,0,2
texas_instruments,TXN,2022-08,16,8.0,146464,0,2
texas_instruments,TXN,2022-09,9,3.6,127368,0,2
texas_instruments,TXN,2022-10,12,5.6,150183,0,2
texas_instruments,TXN,2022-11,10,4.8,167600,0,2
texas_instruments,TXN,2022-12,6,2.4,125950,0,2
texas_instruments,TXN,2023-01,13,6.8,148487,0,2
texas_instruments,TXN,2023-02,6,2.8,140225,0,2
texas_instruments,TXN,2023-03,13,6.0,139118,0,2
texas_instruments,TXN,2023-04,15,6.0,132106,0,2
texas_instruments,TXN,2023-05,31,14.4,142019,0,2
texas_instruments,TXN,2023-06,18,7.6,120279,0,2
texas_instruments,TXN,2023-07,10,4.0,125037,0,2
texas_instruments,TXN,2023-08,27,12.0,128796,0,2
texas_instruments,TXN,2023-09,16,7.6,147518,0,2
texas_instruments,TXN,2023-10,3,1.2,129316,0,2
texas_instruments,TXN,2023-11,14,6.0,152443,0,2
texas_instruments,TXN,2023-12,5,2.0,120452,0,2
texas_instruments,TXN,2024-01,3,1.2,154635,0,2
texas_instruments,TXN,2024-02,11,6.0,171158,0,2
texas_instruments,TXN,2024-03,12,5.6,136367,0,2
texas_instruments,TXN,2024-04,16,7.2,158056,0,2
texas_instruments,TXN,2024-05,76,30.8,127227,0,2
texas_instruments,TXN,2024-06,28,12.8,134926,0,2
texas_instruments,TXN,2024-07,5,2.0,137499,0,2
texas_instruments,TXN,2024-08,9,3.6,147948,0,2
texas_instruments,TXN,2024-09,6,3.2,162633,0,2
texas_instruments,TXN,2024-10,9,4.8,140505,0,2
texas_instruments,TXN,2024-11,5,2.0,156660,0,2
texas_instruments,TXN,2024-12,11,4.4,149821,0,2
texas_instruments,TXN,2025-01,12,5.6,139199,0,2
texas_instruments,TXN,2025-02,5,2.8,177301,0,2
texas_instruments,TXN,2025-03,22,9.6,148939,0,2
texas_instruments,TXN,2025-04,22,9.6,153235,0,2
texas_instruments,TXN,2025-05,43,19.6,134505,0,2
texas_instruments,TXN,2025-06,31,13.6,136954,0,2
texas_instruments,TXN,2025-07,10,4.8,160923,0,2
texas_instruments,TXN,2025-08,14,6.0,146185,0,2
texas_instruments,TXN,2025-09,6,3.2,153662,0,2
texas_instruments,TXN,2025-11,11,5.6,141959,0,2
texas_instruments,TXN,2025-12,19,8.4,147152,0,2
twilio,TWLO,2010-09,1,0.4,90480,0,2
twilio,TWLO,2011-03,1,0.4,90000,0,2
twilio,TWLO,2011-11,1,0.4,70000,0,2
twilio,TWLO,2011-12,1,0.8,115000,0,2
twilio,TWLO,2012-01,1,0.4,90000,0,2
twilio,TWLO,2012-03,1,0.4,95000,0,2
twilio,TWLO,2012-05,1,0.6,155000,0,2
twilio,TWLO,2012-06,1,0.6,125000,0,2
twilio,TWLO,2012-09,1,0.6,135000,0,2
twilio,TWLO,2012-11,1,0.4,95000,0,2
twilio,TWLO,2013-01,3,1.4,108333,0,2
twilio,TWLO,2013-03,1,0.6,113122,0,2
twilio,TWLO,2013-04,1,0.6,120000,0,2
twilio,TWLO,2013-07,1,0.4,130000,0,2
twilio,TWLO,2013-08,3,1.2,130000,0,2
twilio,TWLO,2013-09,3,1.6,121666,0,2
twilio,TWLO,2013-10,1,0.8,140000,0,2
twilio,TWLO,2013-11,1,0.4,155000,0,2
twilio,TWLO,2014-03,8,4.2,119375,0,2
twilio,TWLO,2014-04,2,1.2,110000,0,2
twilio,TWLO,2014-05,1,0.4,130000,0,2
twilio,TWLO,2014-06,3,1.2,121666,0,2
twilio,TWLO,2014-07,3,2.2,155000,0,2
twilio,TWLO,2014-08,5,3.2,134995,0,2
twilio,TWLO,2014-09,1,0.8,205000,0,2
twilio,TWLO,2014-10,4,2.2,0,0,2
twilio,TWLO,2014-11,2,0.8,0,0,2
twilio,TWLO,2014-12,2,1.0,0,0,2
twilio,TWLO,2015-01,2,1.0,0,0,2
twilio,TWLO,2015-02,1,0.6,0,0,2
twilio,TWLO,2015-03,7,2.8,0,0,2
twilio,TWLO,2015-04,6,3.0,0,0,2
twilio,TWLO,2015-05,1,0.4,0,0,2
twilio,TWLO,2015-06,7,4.6,0,0,2
twilio,TWLO,2015-07,2,1.0,0,0,2
twilio,TWLO,2015-08,4,2.0,0,0,2
twilio,TWLO,2015-09,1,0.4,0,0,2
twilio,TWLO,2015-10,8,5.2,141116,0,2
twilio,TWLO,2015-11,2,0.8,130000,0,2
twilio,TWLO,2016-01,2,1.2,123665,0,2
twilio,TWLO,2016-02,2,1.4,162500,0,2
twilio,TWLO,2016-03,25,10.8,107721,0,2
twilio,TWLO,2016-04,3,1.6,151818,0,2
twilio,TWLO,2016-05,7,4.8,158571,0,2
twilio,TWLO,2016-06,1,0.4,127000,0,2
twilio,TWLO,2016-07,3,1.6,127333,0,2
twilio,TWLO,2016-08,5,3.0,146400,0,2
twilio,TWLO,2016-09,1,0.6,160000,0,2
twilio,TWLO,2016-10,3,1.8,160833,0,2
twilio,TWLO,2016-12,3,1.8,191666,0,2
twilio,TWLO,2017-01,3,1.4,147198,0,2
twilio,TWLO,2017-02,1,0.6,170000,0,2
twilio,TWLO,2017-03,25,13.2,135317,0,2
twilio,TWLO,2017-04,4,2.2,155750,0,2
twilio,TWLO,2017-05,7,4.0,155949,0,2
twilio,TWLO,2017-06,8,4.2,159958,0,2
twilio,TWLO,2017-07,2,1.6,142750,0,2
twilio,TWLO,2017-08,8,4.6,151620,0,2
twilio,TWLO,2017-09,5,2.8,141340,0,2
twilio,TWLO,2017-10,6,3.8,162188,0,2
twilio,TWLO,2017-11,2,1.6,182000,0,2
twilio,TWLO,2017-12,4,2.0,122345,0,2
twilio,TWLO,2018-01,3,1.8,148906,0,2
twilio,TWLO,2018-02,4,3.2,149457,0,2
twilio,TWLO,2018-03,11,7.4,164817,0,2
twilio,TWLO,2018-04,1,0.8,130000,0,2
twilio,TWLO,2018-05,5,2.6,133492,0,2
twilio,TWLO,2018-06,6,3.4,128765,0,2
twilio,TWLO,2018-07,7,3.4,150279,0,2
twilio,TWLO,2018-08,8,4.6,146351,0,2
twilio,TWLO,2018-09,12,7.2,163012,0,2
twilio,TWLO,2018-10,6,3.4,171666,0,2
twilio,TWLO,2018-11,7,4.2,158561,0,2
twilio,TWLO,2018-12,9,5.0,166666,0,2
twilio,TWLO,2019-01,8,5.4,158799,0,2
twilio,TWLO,2019-02,6,3.8,167237,0,2
twilio,TWLO,2019-03,51,27.4,147665,0,2
twilio,TWLO,2019-04,14,8.8,171665,0,2
twilio,TWLO,2019-05,17,10.6,167345,0,2
twilio,TWLO,2019-06,12,8.6,167091,0,2
twilio,TWLO,2019-07,9,5.4,177220,0,2
twilio,TWLO,2019-08,8,5.2,167094,0,2
twilio,TWLO,2019-09,21,12.4,169692,0,2
twilio,TWLO,2019-10,10,6.0,167540,0,2
twilio,TWLO,2019-11,15,8.4,158771,0,2
twilio,TWLO,2019-12,5,2.4,132400,0,2
twilio,TWLO,2020-01,7,5.2,184730,0,2
twilio,TWLO,2020-02,7,3.6,170861,0,2
twilio,TWLO,2020-03,14,8.0,148508,0,2
twilio,TWLO,2020-04,13,8.8,168139,0,2
twilio,TWLO,2020-05,38,19.8,143158,0,2
twilio,TWLO,2020-06,16,10.6,177930,0,2
twilio,TWLO,2020-07,16,10.4,194537,0,2
twilio,TWLO,2020-08,14,9.8,179005,0,2
twilio,TWLO,2020-09,22,14.2,159998,0,2
twilio,TWLO,2020-10,48,31.2,156714,0,2
twilio,TWLO,2020-11,42,23.4,154874,0,2
twilio,TWLO,2020-12,35,22.6,156332,0,2
twilio,TWLO,2021-01,28,19.6,157503,0,2
twilio,TWLO,2021-02,29,18.8,167279,0,2
twilio,TWLO,2021-03,46,26.0,150738,0,2
twilio,TWLO,2021-04,31,17.6,155097,0,2
twilio,TWLO,2021-05,50,29.0,163700,0,2
twilio,TWLO,2021-06,34,21.2,167594,0,2
twilio,TWLO,2021-07,17,11.0,147288,0,2
twilio,TWLO,2021-08,32,21.6,162689,0,2
twilio,TWLO,2021-09,21,13.0,166856,0,2
twilio,TWLO,2021-10,26,16.6,173528,0,2
twilio,TWLO,2021-11,39,21.6,171667,0,2
twilio,TWLO,2021-12,29,17.0,174571,0,2
twilio,TWLO,2022-01,28,18.0,174760,0,2
twilio,TWLO,2022-02,30,20.6,181927,0,2
twilio,TWLO,2022-03,41,27.0,174004,0,2
twilio,TWLO,2022-04,28,19.8,190027,0,2
twilio,TWLO,2022-05,61,35.0,173355,0,2
twilio,TWLO,2022-06,34,18.0,173245,0,2
twilio,TWLO,2022-07,38,22.4,192819,0,2
twilio,TWLO,2022-08,25,16.4,200472,0,2
twilio,TWLO,2022-09,20,13.0,184573,0,2
twilio,TWLO,2022-10,26,18.8,184646,0,2
twilio,TWLO,2022-11,24,16.4,176175,0,2
twilio,TWLO,2022-12,18,12.8,179987,0,2
twilio,TWLO,2023-01,9,7.6,172698,0,2
twilio,TWLO,2023-02,13,6.6,148864,0,2
twilio,TWLO,2023-03,53,34.4,173831,0,2
twilio,TWLO,2023-04,28,14.6,162711,0,2
twilio,TWLO,2023-05,5,3.2,165816,0,2
twilio,TWLO,2023-06,20,11.8,179450,0,2
twilio,TWLO,2023-07,24,15.0,156715,0,2
twilio,TWLO,2023-08,10,5.6,170686,0,2
twilio,TWLO,2023-09,12,7.4,200214,0,2
twilio,TWLO,2023-10,14,9.4,202999,0,2
twilio,TWLO,2023-11,18,11.6,183649,0,2
twilio,TWLO,2023-12,9,6.6,178480,0,2
twilio,TWLO,2024-01,4,2.6,216698,0,2
twilio,TWLO,2024-02,13,8.6,182725,0,2
twilio,TWLO,2024-03,20,12.6,172990,0,2
twilio,TWLO,2024-04,16,10.6,172055,0,2
twilio,TWLO,2024-05,13,9.0,216894,0,2
twilio,TWLO,2024-06,21,12.4,186679,0,2
twilio,TWLO,2024-07,14,8.8,208189,0,2
twilio,TWLO,2024-08,15,9.4,191449,0,2
twilio,TWLO,2024-09,14,9.4,189297,0,2
twilio,TWLO,2024-10,16,11.0,185144,0,2
twilio,TWLO,2024-11,14,9.0,180852,0,2
twilio,TWLO,2024-12,18,11.6,185410,0,2
twilio,TWLO,2025-01,22,12.8,207408,0,2
twilio,TWLO,2025-02,23,14.2,207574,0,2
twilio,TWLO,2025-03,19,11.0,184201,0,2
twilio,TWLO,2025-04,26,17.4,185547,0,2
twilio,TWLO,2025-05,27,16.2,172656,0,2
twilio,TWLO,2025-06,14,7.4,164162,0,2
twilio,TWLO,2025-07,13,8.6,184253,0,2
twilio,TWLO,2025-08,9,7.2,217860,0,2
twilio,TWLO,2025-09,13,8.4,161853,0,2
twilio,TWLO,2025-11,7,4.2,178561,0,2
twilio,TWLO,2025-12,5,3.6,187192,0,2
uber,UBER,2011-06,1,0.8,135000,0,2
uber,UBER,2011-07,1,0.8,85000,0,2
uber,UBER,2011-11,4,1.6,91250,0,2
uber,UBER,2011-12,1,0.4,140000,0,2
uber,UBER,2012-03,1,0.4,100000,0,2
uber,UBER,2012-04,1,0.4,85000,0,2
uber,UBER,2012-05,1,1.0,350000,0,2
uber,UBER,2012-08,1,0.4,69202,0,2
uber,UBER,2013-02,1,0.8,200000,0,2
uber,UBER,2013-03,5,2.0,85200,0,2
uber,UBER,2013-06,1,0.4,76690,0,2
uber,UBER,2013-07,1,0.4,130000,0,2
uber,UBER,2013-11,8,4.0,110750,0,2
uber,UBER,2013-12,2,1.2,102500,0,2
uber,UBER,2014-01,1,0.4,65000,0,2
uber,UBER,2014-02,1,0.4,145000,0,2
uber,UBER,2014-03,15,7.8,109458,0,2
uber,UBER,2014-04,4,2.2,130000,0,2
uber,UBER,2014-05,10,5.0,133500,0,2
uber,UBER,2014-06,8,3.6,136875,0,2
uber,UBER,2014-07,8,3.6,123625,0,2
uber,UBER,2014-08,7,3.8,137142,0,2
uber,UBER,2014-09,12,6.6,132500,0,2
uber,UBER,2014-10,16,9.0,0,0,2
uber,UBER,2014-11,11,6.2,0,0,2
uber,UBER,2014-12,11,4.8,0,0,2
uber,UBER,2015-01,10,5.6,0,0,2
uber,UBER,2015-02,22,12.2,0,0,2
uber,UBER,2015-03,34,17.8,0,0,2
uber,UBER,2015-04,29,15.8,0,0,2
uber,UBER,2015-05,28,15.0,0,0,2
uber,UBER,2015-06,30,13.8,0,0,2
uber,UBER,2015-07,45,23.0,0,0,2
uber,UBER,2015-08,45,21.4,0,0,2
uber,UBER,2015-09,51,24.4,0,0,2
uber,UBER,2015-10,38,19.0,120280,0,2
uber,UBER,2015-11,30,14.6,112437,0,2
uber,UBER,2015-12,39,18.2,114487,0,2
uber,UBER,2016-01,20,8.6,103536,0,2
uber,UBER,2016-02,31,15.0,113530,0,2
uber,UBER,2016-03,124,64.0,106335,0,2
uber,UBER,2016-04,38,17.8,116252,0,2
uber,UBER,2016-05,57,27.4,122718,0,2
uber,UBER,2016-06,52,25.0,111176,0,2
uber,UBER,2016-07,37,19.0,113284,0,2
uber,UBER,2016-08,38,19.0,122895,0,2
uber,UBER,2016-09,51,26.8,116805,0,2
uber,UBER,2016-10,37,21.0,113058,0,2
uber,UBER,2016-11,48,26.4,121180,0,2
uber,UBER,2016-12,38,19.6,120681,0,2
uber,UBER,2017-01,40,19.0,102029,0,2
uber,UBER,2017-02,25,15.0,115529,0,2
uber,UBER,2017-03,197,116.4,107864,0,2
uber,UBER,2017-04,45,25.0,118916,0,2
uber,UBER,2017-05,54,29.4,120813,0,2
uber,UBER,2017-06,34,19.0,131442,0,2
uber,UBER,2017-07,23,11.8,124135,0,2
uber,UBER,2017-08,83,45.2,130757,0,2
uber,UBER,2017-09,69,36.8,129826,0,2
uber,UBER,2017-10,67,34.4,123167,0,2
uber,UBER,2017-11,71,38.0,125593,0,2
uber,UBER,2017-12,96,47.4,126069,0,2
uber,UBER,2018-01,87,45.8,119700,0,2
uber,UBER,2018-02,114,60.6,113425,0,2
uber,UBER,2018-03,229,132.0,107035,0,2
uber,UBER,2018-04,102,59.6,129996,0,2
uber,UBER,2018-05,52,28.6,129846,0,2
uber,UBER,2018-06,83,50.2,141315,0,2
uber,UBER,2018-07,59,33.0,134274,0,2
uber,UBER,2018-08,77,45.4,135448,0,2
uber,UBER,2018-09,81,43.6,135818,0,2
uber,UBER,2018-10,85,45.0,133880,0,2
uber,UBER,2018-11,74,40.2,140998,0,2
uber,UBER,2018-12,88,46.8,141949,0,2
uber,UBER,2019-01,72,41.2,125677,0,2
uber,UBER,2019-02,196,102.8,118628,0,2
uber,UBER,2019-03,358,225.2,113504,0,2
uber,UBER,2019-04,139,79.4,144382,0,2
uber,UBER,2019-05,74,40.4,137325,0,2
uber,UBER,2019-06,68,37.6,141281,0,2
uber,UBER,2019-07,89,48.6,142818,0,2
uber,UBER,2019-08,66,37.4,139741,0,2
uber,UBER,2019-09,39,24.8,159808,0,2
uber,UBER,2019-10,54,32.2,162247,0,2
uber,UBER,2019-11,65,37.6,154174,0,2
uber,UBER,2019-12,68,37.4,141533,0,2
uber,UBER,2020-01,82,43.2,136431,0,2
uber,UBER,2020-02,84,48.4,158956,0,2
uber,UBER,2020-03,54,30.2,149872,0,2
uber,UBER,2020-04,117,74.0,141950,0,2
uber,UBER,2020-05,85,50.4,157242,0,2
uber,UBER,2020-06,55,35.0,165675,0,2
uber,UBER,2020-07,38,22.2,160934,0,2
uber,UBER,2020-08,43,26.8,158787,0,2
uber,UBER,2020-09,40,24.4,161303,0,2
uber,UBER,2020-10,183,101.4,142897,0,2
uber,UBER,2020-11,57,30.0,165491,0,2
uber,UBER,2020-12,166,92.6,147877,0,2
uber,UBER,2021-01,158,88.4,158158,0,2
uber,UBER,2021-02,132,72.8,149484,0,2
uber,UBER,2021-03,234,125.6,139871,0,2
uber,UBER,2021-04,71,43.8,163412,0,2
uber,UBER,2021-05,89,55.6,156856,0,2
uber,UBER,2021-06,103,65.8,145303,0,2
uber,UBER,2021-07,73,45.6,151716,0,2
uber,UBER,2021-08,52,28.6,164254,0,2
uber,UBER,2021-09,66,36.6,165368,0,2
uber,UBER,2021-10,34,21.6,183296,0,2
uber,UBER,2021-11,57,34.4,174278,0,2
uber,UBER,2021-12,47,27.0,169160,0,2
uber,UBER,2022-01,103,59.4,159601,0,2
uber,UBER,2022-02,79,48.2,163083,0,2
uber,UBER,2022-03,79,46.2,182365,0,2
uber,UBER,2022-04,191,101.8,151302,0,2
uber,UBER,2022-05,135,79.8,178761,0,2
uber,UBER,2022-06,125,72.2,181654,0,2
uber,UBER,2022-07,60,36.2,182082,0,2
uber,UBER,2022-08,81,47.2,192379,0,2
uber,UBER,2022-09,53,34.2,189166,0,2
uber,UBER,2022-10,146,94.8,190560,0,2
uber,UBER,2022-11,98,57.6,167443,0,2
uber,UBER,2022-12,72,45.2,180654,0,2
uber,UBER,2023-01,26,15.6,161494,0,2
uber,UBER,2023-02,64,36.6,150774,0,2
uber,UBER,2023-03,123,73.6,167261,0,2
uber,UBER,2023-04,100,62.4,168859,0,2
uber,UBER,2023-05,53,31.6,158826,0,2
uber,UBER,2023-06,56,33.4,162317,0,2
uber,UBER,2023-07,45,28.4,165940,0,2
uber,UBER,2023-08,75,40.8,158755,0,2
uber,UBER,2023-09,57,36.2,176623,0,2
uber,UBER,2023-10,56,34.6,171442,0,2
uber,UBER,2023-11,57,34.6,178063,0,2
uber,UBER,2023-12,58,35.6,178889,0,2
uber,UBER,2024-01,16,10.2,169467,0,2
uber,UBER,2024-02,52,31.2,184687,0,2
uber,UBER,2024-03,67,41.4,181663,0,2
uber,UBER,2024-04,76,41.6,169512,0,2
uber,UBER,2024-05,152,89.2,169236,0,2
uber,UBER,2024-06,63,38.0,191361,0,2
uber,UBER,2024-07,66,39.8,198572,0,2
uber,UBER,2024-08,83,51.0,183271,0,2
uber,UBER,2024-09,83,50.2,187753,0,2
uber,UBER,2024-10,82,51.6,202133,0,2
uber,UBER,2024-11,58,34.2,193982,0,2
uber,UBER,2024-12,100,61.2,201222,0,2
uber,UBER,2025-01,50,30.6,194594,0,2
uber,UBER,2025-02,47,27.2,194631,0,2
uber,UBER,2025-03,135,73.0,178529,0,2
uber,UBER,2025-04,95,58.8,189842,0,2
uber,UBER,2025-05,95,60.8,182205,0,2
uber,UBER,2025-06,60,38.2,196635,0,2
uber,UBER,2025-07,36,21.0,188020,0,2
uber,UBER,2025-08,58,35.4,204498,0,2
uber,UBER,2025-09,52,32.0,200987,0,2
uber,UBER,2025-11,82,48.4,198335,0,2
uber,UBER,2025-12,46,29.8,195907,0,2
unity,U,2009-11,1,1.0,250000,0,2
unity,U,2010-11,1,0.6,125000,0,2
unity,U,2013-07,1,0.8,141000,0,2
unity,U,2014-05,1,0.8,150000,0,2
unity,U,2015-02,1,0.8,0,0,2
unity,U,2015-03,1,0.8,0,0,2
unity,U,2015-04,1,0.8,0,0,2
unity,U,2015-06,1,0.4,0,0,2
unity,U,2015-07,1,0.6,0,0,2
unity,U,2015-08,1,0.6,0,0,2
unity,U,2015-09,2,1.2,0,0,2
unity,U,2015-10,1,0.8,94162,0,2
unity,U,2015-12,1,0.8,180000,0,2
unity,U,2016-02,1,0.4,91000,0,2
unity,U,2016-03,2,0.8,120544,0,2
unity,U,2016-04,2,1.6,130000,0,2
unity,U,2016-05,3,1.8,118500,0,2
unity,U,2016-07,1,0.4,150000,0,2
unity,U,2016-08,1,0.6,125000,0,2
unity,U,2016-10,2,1.4,170000,0,2
unity,U,2016-11,2,1.0,109574,0,2
unity,U,2016-12,2,1.4,137124,0,2
unity,U,2017-02,9,3.6,117868,0,2
unity,U,2017-03,3,1.2,96123,0,2
unity,U,2017-04,2,1.6,143923,0,2
unity,U,2017-05,2,1.2,147846,0,2
unity,U,2017-06,3,1.8,124037,0,2
unity,U,2017-07,1,0.8,110843,0,2
unity,U,2017-08,1,0.8,133141,0,2
unity,U,2017-09,3,1.8,148436,0,2
unity,U,2017-10,2,1.4,166887,0,2
unity,U,2017-11,3,2.0,143520,0,2
unity,U,2017-12,1,0.4,153774,0,2
unity,U,2018-01,4,2.2,107208,0,2
unity,U,2018-02,9,4.0,116353,0,2
unity,U,2018-03,10,4.8,111062,0,2
unity,U,2018-05,2,1.2,210000,0,2
unity,U,2018-06,2,1.6,158295,0,2
unity,U,2018-07,1,0.6,157706,0,2
unity,U,2018-12,1,0.8,117686,0,2
unity,U,2019-01,4,1.6,109268,0,2
unity,U,2019-02,8,4.0,114961,0,2
unity,U,2019-03,14,6.8,104444,0,2
unity,U,2019-04,10,5.8,130920,0,2
unity,U,2019-05,1,0.6,94266,0,2
unity,U,2019-06,1,0.4,133086,0,2
unity,U,2019-07,4,2.0,143171,0,2
unity,U,2019-08,2,0.8,125000,0,2
unity,U,2019-09,3,1.4,121268,0,2
unity,U,2019-10,7,3.6,133831,0,2
unity,U,2019-11,4,2.6,137701,0,2
unity,U,2019-12,5,2.6,145708,0,2
unity,U,2020-01,4,1.6,114977,0,2
unity,U,2020-02,33,16.2,119218,0,2
unity,U,2020-03,5,2.0,113347,0,2
unity,U,2020-04,5,2.4,141457,0,2
unity,U,2020-05,4,2.0,133741,0,2
unity,U,2020-06,3,1.8,109151,0,2
unity,U,2020-07,3,1.6,135352,0,2
unity,U,2020-08,4,2.8,133416,0,2
unity,U,2020-09,2,1.6,105851,0,2
unity,U,2020-10,6,3.0,124790,0,2
unity,U,2020-11,15,7.2,119863,0,2
unity,U,2020-12,15,7.2,125707,0,2
unity,U,2021-01,8,5.2,106934,0,2
unity,U,2021-02,8,5.2,166577,0,2
unity,U,2021-03,12,6.8,132302,0,2
unity,U,2021-04,9,3.8,103775,0,2
unity,U,2021-05,9,4.8,103772,0,2
unity,U,2021-06,4,1.8,132766,0,2
unity,U,2021-07,1,0.4,63690,0,2
unity,U,2021-08,6,3.8,135611,0,2
unity,U,2021-09,5,3.0,118039,0,2
unity,U,2021-10,6,3.2,137643,0,2
unity,U,2021-11,7,4.4,142985,0,2
unity,U,2021-12,8,4.6,129368,0,2
unity,U,2022-01,4,2.0,124392,0,2
unity,U,2022-02,8,5.0,147687,0,2
unity,U,2022-03,3,2.0,146018,0,2
unity,U,2022-04,17,9.0,115481,0,2
unity,U,2022-05,14,7.0,110196,0,2
unity,U,2022-06,5,2.8,128124,0,2
unity,U,2022-07,4,2.2,137124,0,2
unity,U,2022-08,4,2.2,133936,0,2
unity,U,2022-09,3,2.2,172834,0,2
unity,U,2022-10,4,1.6,106642,0,2
unity,U,2022-11,4,2.8,128693,0,2
unity,U,2022-12,6,3.6,161103,0,2
unity,U,2023-01,1,0.8,140442,0,2
unity,U,2023-02,4,2.0,116027,0,2
unity,U,2023-03,3,1.8,149556,0,2
unity,U,2023-04,3,2.0,186453,0,2
unity,U,2023-05,2,1.2,119163,0,2
unity,U,2023-06,9,4.2,130885,0,2
unity,U,2023-07,5,3.4,182837,0,2
unity,U,2023-08,2,1.4,186479,0,2
unity,U,2023-09,7,4.0,155000,0,2
unity,U,2023-10,4,3.2,203750,0,2
unity,U,2023-11,3,1.8,168485,0,2
unity,U,2024-01,1,0.8,237000,0,2
unity,U,2024-02,5,3.2,154960,0,2
unity,U,2024-03,2,1.4,154000,0,2
unity,U,2024-04,6,3.4,128500,0,2
unity,U,2024-05,19,12.0,126092,0,2
unity,U,2024-06,1,0.4,128502,0,2
unity,U,2024-07,5,3.2,175727,0,2
unity,U,2024-08,4,2.6,160750,0,2
unity,U,2024-09,7,3.2,139262,0,2
unity,U,2024-10,6,3.6,153312,0,2
unity,U,2024-11,2,1.0,131500,0,2
unity,U,2024-12,5,3.4,172000,0,2
unity,U,2025-01,1,0.6,181000,0,2
unity,U,2025-02,4,2.8,187625,0,2
unity,U,2025-03,3,1.8,204528,0,2
unity,U,2025-04,7,4.8,133142,0,2
unity,U,2025-05,3,1.6,117000,0,2
unity,U,2025-06,9,4.6,145777,0,2
unity,U,2025-07,7,4.0,166714,0,2
unity,U,2025-08,6,3.6,204166,0,2
unity,U,2025-09,2,1.4,210000,0,2
unity,U,2025-11,7,4.6,204285,0,2
unity,U,2025-12,7,5.2,249285,0,2
vmware,VMW,2009-10,14,9.0,120715,0,2
vmware,VMW,2009-11,2,1.2,96188,0,2
vmware,VMW,2009-12,5,3.2,99528,0,2
vmware,VMW,2010-01,7,5.4,106376,0,2
vmware,VMW,2010-02,11,7.2,106728,0,2
vmware,VMW,2010-03,30,20.8,102000,0,2
vmware,VMW,2010-04,32,22.6,102858,0,2
vmware,VMW,2010-05,32,19.6,97807,0,2
vmware,VMW,2010-06,20,13.4,98365,0,2
vmware,VMW,2010-07,19,12.8,101129,0,2
vmware,VMW,2010-08,12,8.4,107616,0,2
vmware,VMW,2010-09,18,11.6,99454,0,2
vmware,VMW,2010-10,15,10.6,99718,0,2
vmware,VMW,2010-11,19,13.2,109707,0,2
vmware,VMW,2010-12,17,12.0,111412,0,2
vmware,VMW,2011-01,16,11.0,116146,0,2
vmware,VMW,2011-02,8,5.6,122215,0,2
vmware,VMW,2011-03,60,42.2,100757,0,2
vmware,VMW,2011-04,47,32.6,105732,0,2
vmware,VMW,2011-05,27,17.4,109165,0,2
vmware,VMW,2011-06,25,18.0,115518,0,2
vmware,VMW,2011-07,18,13.0,113041,0,2
vmware,VMW,2011-08,23,17.6,114217,0,2
vmware,VMW,2011-09,26,19.8,110991,0,2
vmware,VMW,2011-10,22,16.6,116411,0,2
vmware,VMW,2011-11,17,12.6,140531,0,2
vmware,VMW,2011-12,10,7.6,118566,0,2
vmware,VMW,2012-01,7,5.6,115066,0,2
vmware,VMW,2012-02,25,18.0,108600,0,2
vmware,VMW,2012-03,110,84.2,103462,0,2
vmware,VMW,2012-04,64,49.2,112546,0,2
vmware,VMW,2012-05,59,42.8,117510,0,2
vmware,VMW,2012-06,18,13.4,113888,0,2
vmware,VMW,2012-07,15,10.6,124985,0,2
vmware,VMW,2012-08,11,8.8,116536,0,2
vmware,VMW,2012-09,12,8.8,113136,0,2
vmware,VMW,2012-10,23,15.0,114582,0,2
vmware,VMW,2012-11,22,15.2,119965,0,2
vmware,VMW,2012-12,20,13.8,120509,0,2
vmware,VMW,2013-01,15,11.2,122230,0,2
vmware,VMW,2013-02,9,7.2,117494,0,2
vmware,VMW,2013-03,134,104.2,108394,0,2
vmware,VMW,2013-04,26,20.0,120253,0,2
vmware,VMW,2013-05,34,26.6,123700,0,2
vmware,VMW,2013-06,13,9.8,125526,0,2
vmware,VMW,2013-07,30,23.6,119188,0,2
vmware,VMW,2013-08,29,22.6,126669,0,2
vmware,VMW,2013-09,24,18.0,126849,0,2
vmware,VMW,2013-10,7,5.6,108150,0,2
vmware,VMW,2013-11,42,32.0,129994,0,2
vmware,VMW,2013-12,30,23.2,130007,0,2
vmware,VMW,2014-01,41,32.4,116609,0,2
vmware,VMW,2014-02,126,99.4,111253,0,2
vmware,VMW,2014-03,63,49.6,119318,0,2
vmware,VMW,2014-04,62,48.2,125174,0,2
vmware,VMW,2014-05,24,18.4,121807,0,2
vmware,VMW,2014-06,43,33.2,126615,0,2
vmware,VMW,2014-07,23,17.6,130283,0,2
vmware,VMW,2014-08,39,26.0,121362,0,2
vmware,VMW,2014-09,32,24.6,131459,0,2
vmware,VMW,2014-10,17,13.6,0,0,2
vmware,VMW,2014-11,11,8.6,0,0,2
vmware,VMW,2014-12,9,6.4,0,0,2
vmware,VMW,2015-01,58,46.0,0,0,2
vmware,VMW,2015-02,79,61.2,0,0,2
vmware,VMW,2015-03,79,61.6,0,0,2
vmware,VMW,2015-04,52,40.8,0,0,2
vmware,VMW,2015-05,30,21.8,0,0,2
vmware,VMW,2015-06,34,26.8,0,0,2
vmware,VMW,2015-07,34,26.4,0,0,2
vmware,VMW,2015-08,23,17.8,0,0,2
vmware,VMW,2015-09,16,11.6,0,0,2
vmware,VMW,2015-10,21,16.4,135667,0,2
vmware,VMW,2015-11,12,9.0,144300,0,2
vmware,VMW,2015-12,10,8.0,127547,0,2
vmware,VMW,2016-01,24,19.2,128057,0,2
vmware,VMW,2016-02,163,127.0,121143,0,2
vmware,VMW,2016-03,94,72.8,131860,0,2
vmware,VMW,2016-04,23,18.0,129162,0,2
vmware,VMW,2016-05,11,8.8,129780,0,2
vmware,VMW,2016-06,48,35.2,140684,0,2
vmware,VMW,2016-07,32,23.8,149760,0,2
vmware,VMW,2016-08,27,20.0,145466,0,2
vmware,VMW,2016-09,50,38.8,140918,0,2
vmware,VMW,2016-10,33,25.2,135403,0,2
vmware,VMW,2016-11,57,44.4,135499,0,2
vmware,VMW,2016-12,81,63.6,132620,0,2
vmware,VMW,2017-01,43,33.4,134942,0,2
vmware,VMW,2017-02,388,288.6,119344,0,2
vmware,VMW,2017-03,167,125.2,134284,0,2
vmware,VMW,2017-04,34,25.2,142075,0,2
vmware,VMW,2017-05,19,14.2,149478,0,2
vmware,VMW,2017-06,46,35.0,131841,0,2
vmware,VMW,2017-07,19,13.6,136719,0,2
vmware,VMW,2017-08,40,31.2,147570,0,2
vmware,VMW,2017-09,15,11.6,150733,0,2
vmware,VMW,2017-10,37,28.4,145434,0,2
vmware,VMW,2017-11,24,18.4,144415,0,2
vmware,VMW,2017-12,26,19.4,158060,0,2
vmware,VMW,2018-01,290,225.6,130512,0,2
vmware,VMW,2018-02,228,164.0,124894,0,2
vmware,VMW,2018-03,166,115.2,121477,0,2
vmware,VMW,2018-04,71,56.2,155574,0,2
vmware,VMW,2018-05,31,23.8,151981,0,2
vmware,VMW,2018-06,26,18.2,151343,0,2
vmware,VMW,2018-07,29,21.2,141391,0,2
vmware,VMW,2018-08,40,28.6,156475,0,2
vmware,VMW,2018-09,27,20.0,149782,0,2
vmware,VMW,2018-10,41,32.0,165243,0,2
vmware,VMW,2018-11,42,32.4,156754,0,2
vmware,VMW,2018-12,32,23.8,157948,0,2
vmware,VMW,2019-01,37,27.6,154523,0,2
vmware,VMW,2019-02,270,204.8,142104,0,2
vmware,VMW,2019-03,199,144.4,137634,0,2
vmware,VMW,2019-04,131,96.6,148776,0,2
vmware,VMW,2019-05,85,63.6,152939,0,2
vmware,VMW,2019-06,96,71.6,158836,0,2
vmware,VMW,2019-07,52,39.8,165774,0,2
vmware,VMW,2019-08,62,46.8,156461,0,2
vmware,VMW,2019-09,42,32.6,158881,0,2
vmware,VMW,2019-10,37,27.8,173565,0,2
vmware,VMW,2019-11,50,38.0,163392,0,2
vmware,VMW,2019-12,41,30.4,153099,0,2
vmware,VMW,2020-01,57,43.2,165312,0,2
vmware,VMW,2020-02,425,323.0,145478,0,2
vmware,VMW,2020-03,104,79.4,159302,0,2
vmware,VMW,2020-04,62,46.6,159351,0,2
vmware,VMW,2020-05,47,35.8,160631,0,2
vmware,VMW,2020-06,45,32.8,166493,0,2
vmware,VMW,2020-07,67,50.2,169680,0,2
vmware,VMW,2020-08,48,36.4,170158,0,2
vmware,VMW,2020-09,62,48.2,166992,0,2
vmware,VMW,2020-10,96,72.0,181163,0,2
vmware,VMW,2020-11,207,151.8,171944,0,2
vmware,VMW,2020-12,142,110.6,170709,0,2
vmware,VMW,2021-01,103,78.4,163808,0,2
vmware,VMW,2021-02,600,464.4,147259,0,2
vmware,VMW,2021-03,483,362.4,149113,0,2
vmware,VMW,2021-04,79,59.0,161484,0,2
vmware,VMW,2021-05,59,43.2,166330,0,2
vmware,VMW,2021-06,85,64.8,176961,0,2
vmware,VMW,2021-07,56,44.0,181324,0,2
vmware,VMW,2021-08,97,72.4,172127,0,2
vmware,VMW,2021-09,89,68.8,167375,0,2
vmware,VMW,2021-10,71,54.2,179283,0,2
vmware,VMW,2021-11,66,49.8,177574,0,2
vmware,VMW,2021-12,123,93.2,171159,0,2
vmware,VMW,2022-01,99,76.8,172806,0,2
vmware,VMW,2022-02,123,90.8,160699,0,2
vmware,VMW,2022-03,321,242.0,158547,0,2
vmware,VMW,2022-04,108,81.0,168179,0,2
vmware,VMW,2022-05,56,41.8,189447,0,2
vmware,VMW,2022-06,79,58.8,180558,0,2
vmware,VMW,2022-07,52,39.4,191145,0,2
vmware,VMW,2022-08,25,18.6,176525,0,2
vmware,VMW,2022-09,33,24.4,200105,0,2
vmware,VMW,2022-10,58,43.6,196013,0,2
vmware,VMW,2022-11,88,65.6,198836,0,2
vmware,VMW,2022-12,98,76.0,211107,0,2
vmware,VMW,2023-01,68,51.4,182394,0,2
vmware,VMW,2023-02,157,119.8,179221,0,2
vmware,VMW,2023-03,211,156.6,173128,0,2
vmware,VMW,2023-04,26,19.0,182270,0,2
vmware,VMW,2023-05,43,31.6,203066,0,2
vmware,VMW,2023-06,23,17.4,183563,0,2
vmware,VMW,2023-07,12,8.8,191515,0,2
vmware,VMW,2023-08,48,37.0,191933,0,2
vmware,VMW,2023-09,18,14.0,194951,0,2
vmware,VMW,2023-10,27,20.6,209853,0,2
vmware,VMW,2023-11,50,39.0,211962,0,2
vmware,VMW,2023-12,106,53.2,201867,0,2
vmware,VMW,2024-01,64,31.8,196953,0,2
vmware,VMW,2024-02,53,26.4,184790,0,2
vmware,VMW,2024-03,24,10.4,183673,0,2
vmware,VMW,2024-04,13,6.4,201231,0,2
vmware,VMW,2024-05,13,6.0,178589,0,2
vmware,VMW,2024-06,22,10.0,171932,0,2
vmware,VMW,2024-07,14,5.6,182967,0,2
vmware,VMW,2024-08,8,3.6,180816,0,2
vmware,VMW,2024-09,7,2.8,214888,0,2
vmware,VMW,2024-10,9,3.6,184890,0,2
vmware,VMW,2024-11,14,6.0,195422,0,2
vmware,VMW,2024-12,12,4.8,206793,0,2
vmware,VMW,2025-01,15,6.0,209020,0,2
vmware,VMW,2025-02,6,2.4,209897,0,2
vmware,VMW,2025-03,17,7.2,172066,0,2
vmware,VMW,2025-04,20,8.0,186916,0,2
vmware,VMW,2025-05,16,6.4,188706,0,2
vmware,VMW,2025-06,12,4.8,180442,0,2
vmware,VMW,2025-07,6,2.4,200553,0,2
vmware,VMW,2025-08,8,3.6,206880,0,2
vmware,VMW,2025-09,4,1.6,195261,0,2
vmware,VMW,2025-11,7,2.8,175814,0,2
vmware,VMW,2025-12,8,3.2,204869,0,2
workday,WDAY,2009-11,1,0.4,100000,0,2
workday,WDAY,2010-06,3,1.4,100000,0,2
workday,WDAY,2010-07,1,0.4,125000,0,2
workday,WDAY,2010-09,1,0.8,125000,0,2
workday,WDAY,2010-12,1,0.4,60000,0,2
workday,WDAY,2011-03,1,0.4,105000,0,2
workday,WDAY,2011-04,2,1.4,109500,0,2
workday,WDAY,2011-05,1,0.4,85000,0,2
workday,WDAY,2011-06,1,0.6,150000,0,2
workday,WDAY,2011-10,2,0.8,97500,0,2
workday,WDAY,2012-04,2,1.0,124000,0,2
workday,WDAY,2012-05,2,1.0,112500,0,2
workday,WDAY,2012-07,1,0.4,90000,0,2
workday,WDAY,2012-08,1,0.6,115000,0,2
workday,WDAY,2012-10,2,1.2,102500,0,2
workday,WDAY,2012-12,3,1.6,111666,0,2
workday,WDAY,2013-01,2,1.2,100000,0,2
workday,WDAY,2013-02,1,1.0,140000,0,2
workday,WDAY,2013-03,9,4.8,123888,0,2
workday,WDAY,2013-04,6,2.4,112716,0,2
workday,WDAY,2013-05,1,0.8,118000,0,2
workday,WDAY,2013-06,3,1.2,115000,0,2
workday,WDAY,2013-08,1,0.6,145000,0,2
workday,WDAY,2013-09,2,1.0,135000,0,2
workday,WDAY,2013-10,4,2.2,141250,0,2
workday,WDAY,2013-11,6,3.4,123333,0,2
workday,WDAY,2013-12,2,1.0,110000,0,2
workday,WDAY,2014-01,6,2.8,110500,0,2
workday,WDAY,2014-02,4,2.0,117500,0,2
workday,WDAY,2014-03,8,3.8,118922,0,2
workday,WDAY,2014-04,12,6.8,127166,0,2
workday,WDAY,2014-05,5,2.4,120000,0,2
workday,WDAY,2014-06,3,2.0,138333,0,2
workday,WDAY,2014-07,2,1.2,125000,0,2
workday,WDAY,2014-08,4,2.2,123430,0,2
workday,WDAY,2014-09,2,0.8,115000,0,2
workday,WDAY,2014-10,8,4.2,0,0,2
workday,WDAY,2014-11,2,0.8,0,0,2
workday,WDAY,2014-12,2,0.8,0,0,2
workday,WDAY,2015-01,2,1.0,0,0,2
workday,WDAY,2015-02,5,3.6,0,0,2
workday,WDAY,2015-03,17,8.6,0,0,2
workday,WDAY,2015-04,9,4.0,0,0,2
workday,WDAY,2015-05,6,2.8,0,0,2
workday,WDAY,2015-06,6,3.8,0,0,2
workday,WDAY,2015-07,7,3.8,0,0,2
workday,WDAY,2015-08,5,3.2,0,0,2
workday,WDAY,2015-09,7,3.4,0,0,2
workday,WDAY,2015-10,9,5.0,130845,0,2
workday,WDAY,2015-11,4,2.4,147455,0,2
workday,WDAY,2015-12,4,1.8,128750,0,2
workday,WDAY,2016-01,4,1.8,115174,0,2
workday,WDAY,2016-02,11,6.0,126761,0,2
workday,WDAY,2016-03,22,11.8,119115,0,2
workday,WDAY,2016-04,17,8.8,128941,0,2
workday,WDAY,2016-05,4,3.0,144375,0,2
workday,WDAY,2016-06,10,5.4,133728,0,2
workday,WDAY,2016-07,9,5.2,132631,0,2
workday,WDAY,2016-08,5,2.0,111792,0,2
workday,WDAY,2016-09,5,3.2,126375,0,2
workday,WDAY,2016-10,11,6.0,118131,0,2
workday,WDAY,2016-11,7,4.2,134377,0,2
workday,WDAY,2016-12,8,5.6,135186,0,2
workday,WDAY,2017-01,17,9.0,115524,0,2
workday,WDAY,2017-02,5,2.8,106715,0,2
workday,WDAY,2017-03,22,10.8,101796,0,2
workday,WDAY,2017-04,3,1.8,123278,0,2
workday,WDAY,2017-05,6,4.0,118729,0,2
workday,WDAY,2017-06,9,4.8,126103,0,2
workday,WDAY,2017-07,10,5.2,108591,0,2
workday,WDAY,2017-08,9,5.4,117340,0,2
workday,WDAY,2017-09,9,5.4,115620,0,2
workday,WDAY,2017-10,12,6.6,116178,0,2
workday,WDAY,2017-11,7,4.0,115303,0,2
workday,WDAY,2017-12,12,6.8,121142,0,2
workday,WDAY,2018-01,8,4.4,117530,0,2
workday,WDAY,2018-02,12,6.6,119239,0,2
workday,WDAY,2018-03,25,14.0,110945,0,2
workday,WDAY,2018-04,10,5.0,108214,0,2
workday,WDAY,2018-05,11,6.2,118675,0,2
workday,WDAY,2018-06,13,8.0,117755,0,2
workday,WDAY,2018-07,14,7.6,115255,0,2
workday,WDAY,2018-08,16,8.6,119140,0,2
workday,WDAY,2018-09,11,6.8,123679,0,2
workday,WDAY,2018-10,10,6.2,126021,0,2
workday,WDAY,2018-11,15,9.4,134830,0,2
workday,WDAY,2018-12,11,6.8,145779,0,2
workday,WDAY,2019-01,18,10.2,127043,0,2
workday,WDAY,2019-02,19,9.4,122604,0,2
workday,WDAY,2019-03,20,12.4,128937,0,2
workday,WDAY,2019-04,18,10.0,130446,0,2
workday,WDAY,2019-05,14,7.6,126638,0,2
workday,WDAY,2019-06,12,7.4,133796,0,2
workday,WDAY,2019-07,8,4.4,126814,0,2
workday,WDAY,2019-08,27,15.6,136366,0,2
workday,WDAY,2019-09,10,5.6,140626,0,2
workday,WDAY,2019-10,13,7.6,139166,0,2
workday,WDAY,2019-11,14,8.8,146116,0,2
workday,WDAY,2019-12,9,5.0,139875,0,2
workday,WDAY,2020-01,16,11.4,144509,0,2
workday,WDAY,2020-02,37,20.2,128541,0,2
workday,WDAY,2020-03,26,14.4,132921,0,2
workday,WDAY,2020-04,25,14.2,129228,0,2
workday,WDAY,2020-05,14,8.0,130523,0,2
workday,WDAY,2020-06,14,9.8,146980,0,2
workday,WDAY,2020-07,14,7.4,136141,0,2
workday,WDAY,2020-08,30,15.4,130376,0,2
workday,WDAY,2020-09,21,11.6,133530,0,2
workday,WDAY,2020-10,12,8.4,158323,0,2
workday,WDAY,2020-11,26,13.4,134548,0,2
workday,WDAY,2020-12,72,44.4,138816,0,2
workday,WDAY,2021-01,38,20.8,126086,0,2
workday,WDAY,2021-02,40,21.6,131231,0,2
workday,WDAY,2021-03,72,41.2,132210,0,2
workday,WDAY,2021-04,35,20.6,143211,0,2
workday,WDAY,2021-05,16,9.2,143163,0,2
workday,WDAY,2021-06,26,16.6,148163,0,2
workday,WDAY,2021-07,31,17.4,137744,0,2
workday,WDAY,2021-08,24,13.2,135475,0,2
workday,WDAY,2021-09,51,28.8,136820,0,2
workday,WDAY,2021-10,50,28.6,142538,0,2
workday,WDAY,2021-11,35,19.0,131118,0,2
workday,WDAY,2021-12,40,22.8,135046,0,2
workday,WDAY,2022-01,35,18.4,133059,0,2
workday,WDAY,2022-02,34,19.2,139715,0,2
workday,WDAY,2022-03,71,38.8,135369,0,2
workday,WDAY,2022-04,65,38.0,142012,0,2
workday,WDAY,2022-05,49,27.4,140443,0,2
workday,WDAY,2022-06,43,25.0,143681,0,2
workday,WDAY,2022-07,34,20.2,144751,0,2
workday,WDAY,2022-08,21,12.8,143691,0,2
workday,WDAY,2022-09,20,12.8,146184,0,2
workday,WDAY,2022-10,34,20.4,150708,0,2
workday,WDAY,2022-11,20,10.4,139021,0,2
workday,WDAY,2022-12,40,24.4,149413,0,2
workday,WDAY,2023-01,15,10.0,155529,0,2
workday,WDAY,2023-02,25,15.0,151286,0,2
workday,WDAY,2023-03,17,10.2,153700,0,2
workday,WDAY,2023-04,22,11.4,137738,0,2
workday,WDAY,2023-05,33,19.2,143344,0,2
workday,WDAY,2023-06,25,14.6,149969,0,2
workday,WDAY,2023-07,23,14.2,145363,0,2
workday,WDAY,2023-08,31,19.4,155492,0,2
workday,WDAY,2023-09,20,11.6,144057,0,2
workday,WDAY,2023-10,20,12.8,153025,0,2
workday,WDAY,2023-11,17,9.8,156607,0,2
workday,WDAY,2023-12,12,6.4,156847,0,2
workday,WDAY,2024-01,23,13.8,146874,0,2
workday,WDAY,2024-02,23,12.6,147879,0,2
workday,WDAY,2024-03,29,17.6,147208,0,2
workday,WDAY,2024-04,48,27.4,144497,0,2
workday,WDAY,2024-05,59,31.8,139394,0,2
workday,WDAY,2024-06,35,19.8,142696,0,2
workday,WDAY,2024-07,45,23.6,143448,0,2
workday,WDAY,2024-08,35,21.2,153689,0,2
workday,WDAY,2024-09,38,21.8,155841,0,2
workday,WDAY,2024-10,31,17.0,154122,0,2
workday,WDAY,2024-11,28,17.6,159586,0,2
workday,WDAY,2024-12,28,16.2,158069,0,2
workday,WDAY,2025-01,29,17.2,152145,0,2
workday,WDAY,2025-02,22,13.0,146499,0,2
workday,WDAY,2025-03,34,19.8,157620,0,2
workday,WDAY,2025-04,47,28.6,148531,0,2
workday,WDAY,2025-05,21,11.8,153239,0,2
workday,WDAY,2025-06,33,20.6,158228,0,2
workday,WDAY,2025-07,18,11.4,160001,0,2
workday,WDAY,2025-08,23,13.6,176767,0,2
workday,WDAY,2025-09,12,7.4,174002,0,2
workday,WDAY,2025-11,24,16.2,182125,0,2
workday,WDAY,2025-12,23,13.6,170627,0,2
zscaler,ZS,2009-12,1,0.8,98592,0,2
zscaler,ZS,2011-05,1,0.6,109990,0,2
zscaler,ZS,2011-11,1,0.8,143000,0,2
zscaler,ZS,2011-12,1,0.4,60000,0,2
zscaler,ZS,2012-01,2,1.0,92500,0,2
zscaler,ZS,2012-04,1,0.4,103709,0,2
zscaler,ZS,2012-05,1,0.8,119000,0,2
zscaler,ZS,2012-06,3,1.8,107427,0,2
zscaler,ZS,2012-08,1,1.0,148000,0,2
zscaler,ZS,2012-09,1,1.0,148000,0,2
zscaler,ZS,2012-10,4,2.4,119500,0,2
zscaler,ZS,2013-02,2,1.2,107500,0,2
zscaler,ZS,2013-03,10,5.4,87800,0,2
zscaler,ZS,2013-05,1,0.4,150000,0,2
zscaler,ZS,2013-08,1,0.6,110094,0,2
zscaler,ZS,2013-09,2,2.0,150000,0,2
zscaler,ZS,2013-10,1,0.6,115000,0,2
zscaler,ZS,2013-11,2,1.2,100000,0,2
zscaler,ZS,2014-03,1,0.4,69056,0,2
zscaler,ZS,2014-04,2,1.0,107500,0,2
zscaler,ZS,2014-06,1,0.8,122500,0,2
zscaler,ZS,2014-07,2,1.0,146901,0,2
zscaler,ZS,2014-08,2,1.0,110000,0,2
zscaler,ZS,2014-10,2,1.2,0,0,2
zscaler,ZS,2014-11,1,0.4,0,0,2
zscaler,ZS,2015-01,1,0.6,0,0,2
zscaler,ZS,2015-02,4,2.0,0,0,2
zscaler,ZS,2015-03,3,1.4,0,0,2
zscaler,ZS,2015-06,1,0.4,0,0,2
zscaler,ZS,2015-07,2,1.2,0,0,2
zscaler,ZS,2015-08,3,1.6,0,0,2
zscaler,ZS,2015-09,2,1.2,0,0,2
zscaler,ZS,2015-10,2,1.2,97198,0,2
zscaler,ZS,2015-11,1,0.6,120000,0,2
zscaler,ZS,2015-12,2,1.0,143603,0,2
zscaler,ZS,2016-01,1,0.4,120000,0,2
zscaler,ZS,2016-03,2,0.8,96671,0,2
zscaler,ZS,2016-04,2,0.8,121500,0,2
zscaler,ZS,2016-05,1,0.8,146000,0,2
zscaler,ZS,2016-06,1,0.8,175000,0,2
zscaler,ZS,2016-07,1,0.4,124093,0,2
zscaler,ZS,2016-08,2,0.8,90500,0,2
zscaler,ZS,2016-10,4,2.0,110000,0,2
zscaler,ZS,2017-01,1,0.4,96000,0,2
zscaler,ZS,2017-02,1,0.4,112000,0,2
zscaler,ZS,2017-03,14,6.0,101396,0,2
zscaler,ZS,2017-04,4,2.0,127522,0,2
zscaler,ZS,2017-05,1,0.6,124010,0,2
zscaler,ZS,2017-06,1,1.0,163363,0,2
zscaler,ZS,2017-07,1,0.4,132000,0,2
zscaler,ZS,2017-09,1,0.8,175000,0,2
zscaler,ZS,2017-10,3,1.4,106724,0,2
zscaler,ZS,2017-11,1,0.6,125050,0,2
zscaler,ZS,2017-12,4,2.6,136460,0,2
zscaler,ZS,2018-02,1,0.6,127254,0,2
zscaler,ZS,2018-03,9,3.8,113125,0,2
zscaler,ZS,2018-04,4,2.4,119297,0,2
zscaler,ZS,2018-05,2,1.4,146619,0,2
zscaler,ZS,2018-06,6,4.6,151092,0,2
zscaler,ZS,2018-07,4,3.4,153668,0,2
zscaler,ZS,2018-08,2,1.6,132448,0,2
zscaler,ZS,2018-09,4,2.8,137445,0,2
zscaler,ZS,2018-10,2,1.6,145053,0,2
zscaler,ZS,2018-11,3,2.0,135290,0,2
zscaler,ZS,2018-12,3,2.0,144509,0,2
zscaler,ZS,2019-02,2,1.2,122050,0,2
zscaler,ZS,2019-03,14,6.4,110196,0,2
zscaler,ZS,2019-04,4,2.2,129322,0,2
zscaler,ZS,2019-05,9,5.8,144180,0,2
zscaler,ZS,2019-06,4,2.4,123942,0,2
zscaler,ZS,2019-07,1,0.8,145000,0,2
zscaler,ZS,2019-08,1,0.8,135000,0,2
zscaler,ZS,2019-09,3,1.8,120556,0,2
zscaler,ZS,2019-11,1,0.8,163530,0,2
zscaler,ZS,2019-12,1,0.4,120000,0,2
zscaler,ZS,2020-01,1,0.6,120000,0,2
zscaler,ZS,2020-02,11,5.2,111846,0,2
zscaler,ZS,2020-03,15,9.2,135870,0,2
zscaler,ZS,2020-04,5,3.6,171345,0,2
zscaler,ZS,2020-05,7,3.8,119532,0,2
zscaler,ZS,2020-06,4,2.4,118864,0,2
zscaler,ZS,2020-07,3,2.2,144021,0,2
zscaler,ZS,2020-08,3,2.0,160833,0,2
zscaler,ZS,2020-09,5,3.6,152439,0,2
zscaler,ZS,2020-11,18,14.4,173787,0,2
zscaler,ZS,2020-12,6,3.6,165289,0,2
zscaler,ZS,2021-01,8,5.2,130056,0,2
zscaler,ZS,2021-02,8,6.0,147170,0,2
zscaler,ZS,2021-03,16,11.6,146406,0,2
zscaler,ZS,2021-04,15,9.8,149765,0,2
zscaler,ZS,2021-05,5,3.6,147155,0,2
zscaler,ZS,2021-06,13,8.4,146359,0,2
zscaler,ZS,2021-07,11,7.8,151978,0,2
zscaler,ZS,2021-08,11,8.0,153555,0,2
zscaler,ZS,2021-09,5,3.4,121305,0,2
zscaler,ZS,2021-10,11,8.0,154909,0,2
zscaler,ZS,2021-11,7,5.0,127872,0,2
zscaler,ZS,2021-12,17,12.0,153357,0,2
zscaler,ZS,2022-01,10,6.4,148626,0,2
zscaler,ZS,2022-02,22,12.0,118202,0,2
zscaler,ZS,2022-03,15,9.2,153392,0,2
zscaler,ZS,2022-04,14,10.0,157065,0,2
zscaler,ZS,2022-05,16,11.2,145975,0,2
zscaler,ZS,2022-06,15,12.4,184904,0,2
zscaler,ZS,2022-07,8,6.2,158443,0,2
zscaler,ZS,2022-08,11,9.2,186262,0,2
zscaler,ZS,2022-09,3,1.8,148016,0,2
zscaler,ZS,2022-10,18,12.4,168251,0,2
zscaler,ZS,2022-11,8,6.0,158647,0,2
zscaler,ZS,2022-12,34,27.2,180101,0,2
zscaler,ZS,2023-01,2,1.4,165911,0,2
zscaler,ZS,2023-02,4,3.6,191884,0,2
zscaler,ZS,2023-03,6,4.8,185996,0,2
zscaler,ZS,2023-04,26,16.0,143099,0,2
zscaler,ZS,2023-05,18,12.2,144345,0,2
zscaler,ZS,2023-06,8,6.2,172212,0,2
zscaler,ZS,2023-07,4,3.2,168662,0,2
zscaler,ZS,2023-08,7,3.8,154924,0,2
zscaler,ZS,2023-09,6,4.2,161111,0,2
zscaler,ZS,2023-10,13,9.8,172850,0,2
zscaler,ZS,2023-11,18,13.2,178363,0,2
zscaler,ZS,2023-12,12,8.2,174693,0,2
zscaler,ZS,2024-01,12,9.6,195926,0,2
zscaler,ZS,2024-02,19,13.8,188928,0,2
zscaler,ZS,2024-03,36,26.8,182110,0,2
zscaler,ZS,2024-04,32,22.2,169843,0,2
zscaler,ZS,2024-05,17,11.6,167529,0,2
zscaler,ZS,2024-06,15,10.4,181260,0,2
zscaler,ZS,2024-07,17,14.0,195341,0,2
zscaler,ZS,2024-08,19,14.2,181792,0,2
zscaler,ZS,2024-09,10,8.0,204575,0,2
zscaler,ZS,2024-10,9,6.8,183613,0,2
zscaler,ZS,2024-11,11,7.6,161894,0,2
zscaler,ZS,2024-12,16,12.4,195749,0,2
zscaler,ZS,2025-01,14,11.0,195099,0,2
zscaler,ZS,2025-02,5,3.6,175571,0,2
zscaler,ZS,2025-03,20,15.8,188672,0,2
zscaler,ZS,2025-04,19,14.4,180759,0,2
zscaler,ZS,2025-05,34,24.2,171507,0,2
zscaler,ZS,2025-06,11,8.2,165934,0,2
zscaler,ZS,2025-07,12,9.8,204042,0,2
zscaler,ZS,2025-08,4,2.6,157883,0,2
zscaler,ZS,2025-09,8,7.0,211191,0,2
zscaler,ZS,2025-11,10,7.8,191203,0,2
zscaler,ZS,2025-12,10,7.6,178121,0,2
